Workbook

Sheet Petunjuk
B1: Lembar Coding Pilot: Codebook Analisis Isi Krippendorff (Versi 1.0)
B2: Sumber data: For_Codebook_1.xlsx (85 unit dengan kolom Isi terisi, baris Excel 2 sampai 86).
B4: Kode coder Anda (isi sekali):
B6: Sel yang boleh diisi
B7: Kuning (kolom V4 sampai V12) | C7: Diisi coder. V4 sampai V9 wajib (pilih dari daftar), V10 sampai V12 opsional.
B8: Abu-abu (V1, V2, V3, Pilot, Rujukan, Isi) | C8: Rujukan. Jangan diubah. V2 terisi otomatis dari sel C4 di atas. Kolom Rujukan memuat Pasal (peraturan) atau Paragraf dan Kalimat (artikel).
B9: Kolom BAB dan Bagian (tersembunyi) | C9: Disembunyikan agar judul BAB atau Bagian tidak memengaruhi pemilihan tema. Buka dengan tombol + di atas kolom hanya bila perlu memahami rujukan antarunit. Jangan menentukan V5 dari judulnya.
B10: Kolom Cek | C10: Otomatis. "OK" berarti kombinasi kode memenuhi aturan konsistensi Bagian 9. Pesan "Periksa..." berarti jelaskan di V12 atau ulangi coding.
B11: Kolom Pilot | C11: Penanda "Ya" menunjukkan unit yang masuk pilot. Untuk pilot, kodekan hanya unit bertanda Ya (12 unit).
B13: Aturan singkat
B14: 1. | C14: Kodekan isi yang tertulis di kolom Isi. Jangan menambah pengetahuan hukum dari luar baris tersebut.
B15: 2. | C15: Urutan: V4 (Uji Implikasi), V5 (pohon keputusan Bagian 6.2), V6, V7, V8, V9, lalu periksa kolom Cek.
B16: 3. | C16: Jangan mengoreksi salah ketik atau teks terpotong. Catat kendalanya di V12.
B17: 4. | C17: Tentukan V5 dan V7 dari kolom Isi, bukan dari judul BAB atau Bagian.
B18: 5. | C18: Bila tidak ada tema yang cocok: T99 pada V5 dan jelaskan di V12. Bila tidak ada jenis V6 yang cocok: pilih jenis terdekat dan catat alasannya di V12.
B19: 6. | C19: Jangan berdiskusi dengan coder lain sebelum seluruh unit selesai dikodekan.
B21: Contoh format pengisian (bukan data; hanya ilustrasi)
B22: Kolom | C22: Nilai contoh
B23: V4 Relevansi | C23: R2
B24: V5 Tema_Utama | C24: T11
B25: V6 Jenis_Pernyataan | C25: P2
B26: V7 Subjek_Norma | C26: S1
B27: V8 Tahap_Scraping | C27: F6
B28: V9 Kebutuhan_SRS | C28: K1
B29: V10 Tema_Sekunder | C29: (kosong)
B30: V11 Draf_Kebutuhan | C30: Sistem harus menghentikan pemrosesan data pribadi paling lambat 3 x 24 jam setelah penarikan persetujuan.
B31: V12 Catatan | C31: (kosong)
B33: Contoh di atas mengikuti contoh baris 67 pada codebook (Bagian 12 dan 11). Baris 67 bukan unit pilot.
B35: Kemajuan
B36: Unit terkode lengkap | C36: =COUNTIF('Lembar Coding'!R2:R86,"OK")+COUNTIF('Lembar Coding'!R2:R86,"Periksa*") -> 0
B37: Unit pilot terkode lengkap | C37: =COUNTIFS('Lembar Coding'!R2:R86,"OK",'Lembar Coding'!D2:D86,"Ya")+COUNTIFS('Lembar Coding'!R2:R86,"Periksa*",'Lembar Coding'!D2:D86,"Ya") -> 0
B38: Unit yang perlu diperbaiki | C38: =COUNTIF('Lembar Coding'!R2:R86,"R*")+COUNTIF('Lembar Coding'!R2:R86,"P9*") -> 0
B39: Unit yang perlu diperbaiki = pesan Cek yang diawali R (aturan R0, R1, R2) atau P9. Pesan "Lengkapi V4-V9" belum dihitung sebagai kesalahan.

Sheet Lembar Coding
A1: V1 ID_Unit | B1: V2 Kode_Coder | C1: V3 Dokumen | D1: Pilot | E1: Rujukan (Pasal / Paragraf, Kalimat) | F1: BAB | G1: Bagian | H1: Isi | I1: V4 Relevansi | J1: V5 Tema_Utama | K1: V6 Jenis_Pernyataan | L1: V7 Subjek_Norma | M1: V8 Tahap_Scraping | N1: V9 Kebutuhan_SRS | O1: V10 Tema_Sekunder (opsional) | P1: V11 Draf_Kebutuhan (opsional) | Q1: V12 Catatan | R1: Cek
A2: 2 | B2: =IF(Petunjuk!$C$4="","",Petunjuk!$C$4) | C2: 2019MHN201 | E2: Paragraf 3, Kalimat 1 | F2: C. Pembahasan | G2: 5. Pentingnya Perlindungan Data Pribadi | H2: Melihat banyaknya kasus penyalahgunaan data pribadi, sangat penting untuk memberikan perlindungan data pribadi. | R2: =IF(COUNTA(I2:N2)<6,"Lengkapi V4-V9",IF(AND(I2="R0",N2<>"K5"),"R0 harus berpasangan dengan K5",IF(AND(I2="R1",N2<>"K4",N2<>"K5"),"R1 hanya dengan K4 atau K5",IF(AND(I2="R2",N2="K5"),"R2 tidak boleh K5",IF(AND(K2="P9",J2<>"T17"),"P9 hanya dengan T17",IF(AND(J2="T01",K2<>"P6",Q2=""),"Periksa T01-P6: jelaskan di V12",IF(AND(K2="P1",N2<>"K4",Q2=""),"Periksa P1-K4: jelaskan di V12",IF(AND(J2="T99",Q2=""),"Periksa T99: wajib isi V12","OK")))))))) -> Lengkapi V4-V9
A3: 3 | B3: =IF(Petunjuk!$C$4="","",Petunjuk!$C$4) | C3: 2019MHN201 | E3: Paragraf 3, Kalimat 2 | F3: C. Pembahasan | G3: 5. Pentingnya Perlindungan Data Pribadi | H3: Pentingnya memberikan perlindungan data pribadi mulai menguat seiring dengan meningkatnya jumlah pengguna telepon seluler dan internet. | R3: =IF(COUNTA(I3:N3)<6,"Lengkapi V4-V9",IF(AND(I3="R0",N3<>"K5"),"R0 harus berpasangan dengan K5",IF(AND(I3="R1",N3<>"K4",N3<>"K5"),"R1 hanya dengan K4 atau K5",IF(AND(I3="R2",N3="K5"),"R2 tidak boleh K5",IF(AND(K3="P9",J3<>"T17"),"P9 hanya dengan T17",IF(AND(J3="T01",K3<>"P6",Q3=""),"Periksa T01-P6: jelaskan di V12",IF(AND(K3="P1",N3<>"K4",Q3=""),"Periksa P1-K4: jelaskan di V12",IF(AND(J3="T99",Q3=""),"Periksa T99: wajib isi V12","OK")))))))) -> Lengkapi V4-V9
A4: 4 | B4: =IF(Petunjuk!$C$4="","",Petunjuk!$C$4) | C4: 2019MHN201 | E4: Paragraf 3, Kalimat 3 | F4: C. Pembahasan | G4: 5. Pentingnya Perlindungan Data Pribadi | H4: Sejumlah kasus yang mencuat, terutama yang memiliki keterkaitan dengan kebocoran data pribadi seseorang dan bermuara kepada aksi penipuan atau tindak kriminal pornografi, menguatkan wacana pentingnya pembuatan aturan hukum untuk melindungi data pribadi. | R4: =IF(COUNTA(I4:N4)<6,"Lengkapi V4-V9",IF(AND(I4="R0",N4<>"K5"),"R0 harus berpasangan dengan K5",IF(AND(I4="R1",N4<>"K4",N4<>"K5"),"R1 hanya dengan K4 atau K5",IF(AND(I4="R2",N4="K5"),"R2 tidak boleh K5",IF(AND(K4="P9",J4<>"T17"),"P9 hanya dengan T17",IF(AND(J4="T01",K4<>"P6",Q4=""),"Periksa T01-P6: jelaskan di V12",IF(AND(K4="P1",N4<>"K4",Q4=""),"Periksa P1-K4: jelaskan di V12",IF(AND(J4="T99",Q4=""),"Periksa T99: wajib isi V12","OK")))))))) -> Lengkapi V4-V9
A5: 5 | B5: =IF(Petunjuk!$C$4="","",Petunjuk!$C$4) | C5: 2019MHN201 | E5: Paragraf 3, Kalimat 4 | F5: C. Pembahasan | G5: 5. Pentingnya Perlindungan Data Pribadi | H5: Perlindungan data pribadi berhubungan dengan konsep privasi. | R5: =IF(COUNTA(I5:N5)<6,"Lengkapi V4-V9",IF(AND(I5="R0",N5<>"K5"),"R0 harus berpasangan dengan K5",IF(AND(I5="R1",N5<>"K4",N5<>"K5"),"R1 hanya dengan K4 atau K5",IF(AND(I5="R2",N5="K5"),"R2 tidak boleh K5",IF(AND(K5="P9",J5<>"T17"),"P9 hanya dengan T17",IF(AND(J5="T01",K5<>"P6",Q5=""),"Periksa T01-P6: jelaskan di V12",IF(AND(K5="P1",N5<>"K4",Q5=""),"Periksa P1-K4: jelaskan di V12",IF(AND(J5="T99",Q5=""),"Periksa T99: wajib isi V12","OK")))))))) -> Lengkapi V4-V9
A6: 6 | B6: =IF(Petunjuk!$C$4="","",Petunjuk!$C$4) | C6: 2019MHN201 | E6: Paragraf 3, Kalimat 5 | F6: C. Pembahasan | G6: 5. Pentingnya Perlindungan Data Pribadi | H6: Konsep privasi sendiri adalah gagasan untuk menjaga integritas dan martabat pribadi. | R6: =IF(COUNTA(I6:N6)<6,"Lengkapi V4-V9",IF(AND(I6="R0",N6<>"K5"),"R0 harus berpasangan dengan K5",IF(AND(I6="R1",N6<>"K4",N6<>"K5"),"R1 hanya dengan K4 atau K5",IF(AND(I6="R2",N6="K5"),"R2 tidak boleh K5",IF(AND(K6="P9",J6<>"T17"),"P9 hanya dengan T17",IF(AND(J6="T01",K6<>"P6",Q6=""),"Periksa T01-P6: jelaskan di V12",IF(AND(K6="P1",N6<>"K4",Q6=""),"Periksa P1-K4: jelaskan di V12",IF(AND(J6="T99",Q6=""),"Periksa T99: wajib isi V12","OK")))))))) -> Lengkapi V4-V9
A7: 7 | B7: =IF(Petunjuk!$C$4="","",Petunjuk!$C$4) | C7: 2019MHN201 | E7: Paragraf 3, Kalimat 6 | F7: C. Pembahasan | G7: 5. Pentingnya Perlindungan Data Pribadi | H7: Hak privasi juga merupakan kemampuan individu untuk menentukan siapa yang memegang informasi tentang mereka dan bagaimana informasi tersebut digunakan. | R7: =IF(COUNTA(I7:N7)<6,"Lengkapi V4-V9",IF(AND(I7="R0",N7<>"K5"),"R0 harus berpasangan dengan K5",IF(AND(I7="R1",N7<>"K4",N7<>"K5"),"R1 hanya dengan K4 atau K5",IF(AND(I7="R2",N7="K5"),"R2 tidak boleh K5",IF(AND(K7="P9",J7<>"T17"),"P9 hanya dengan T17",IF(AND(J7="T01",K7<>"P6",Q7=""),"Periksa T01-P6: jelaskan di V12",IF(AND(K7="P1",N7<>"K4",Q7=""),"Periksa P1-K4: jelaskan di V12",IF(AND(J7="T99",Q7=""),"Periksa T99: wajib isi V12","OK")))))))) -> Lengkapi V4-V9
A8: 8 | B8: =IF(Petunjuk!$C$4="","",Petunjuk!$C$4) | C8: 2019MHN201 | E8: Paragraf 4, Kalimat 1 | F8: C. Pembahasan | G8: 5. Pentingnya Perlindungan Data Pribadi | H8: Konsep perlindungan data mengisyaratkan bahwa individu memiliki hak untuk menentukan apakah mereka akan membagi atau bertukar data pribadi mereka atau tidak. | R8: =IF(COUNTA(I8:N8)<6,"Lengkapi V4-V9",IF(AND(I8="R0",N8<>"K5"),"R0 harus berpasangan dengan K5",IF(AND(I8="R1",N8<>"K4",N8<>"K5"),"R1 hanya dengan K4 atau K5",IF(AND(I8="R2",N8="K5"),"R2 tidak boleh K5",IF(AND(K8="P9",J8<>"T17"),"P9 hanya dengan T17",IF(AND(J8="T01",K8<>"P6",Q8=""),"Periksa T01-P6: jelaskan di V12",IF(AND(K8="P1",N8<>"K4",Q8=""),"Periksa P1-K4: jelaskan di V12",IF(AND(J8="T99",Q8=""),"Periksa T99: wajib isi V12","OK")))))))) -> Lengkapi V4-V9
A9: 9 | B9: =IF(Petunjuk!$C$4="","",Petunjuk!$C$4) | C9: 2019MHN201 | E9: Paragraf 4, Kalimat 2 | F9: C. Pembahasan | G9: 5. Pentingnya Perlindungan Data Pribadi | H9: Selain itu, individu juga memiliki hak untuk menentukan syarat-syarat pelaksanaan pemindahan data pribadi tersebut. | R9: =IF(COUNTA(I9:N9)<6,"Lengkapi V4-V9",IF(AND(I9="R0",N9<>"K5"),"R0 harus berpasangan dengan K5",IF(AND(I9="R1",N9<>"K4",N9<>"K5"),"R1 hanya dengan K4 atau K5",IF(AND(I9="R2",N9="K5"),"R2 tidak boleh K5",IF(AND(K9="P9",J9<>"T17"),"P9 hanya dengan T17",IF(AND(J9="T01",K9<>"P6",Q9=""),"Periksa T01-P6: jelaskan di V12",IF(AND(K9="P1",N9<>"K4",Q9=""),"Periksa P1-K4: jelaskan di V12",IF(AND(J9="T99",Q9=""),"Periksa T99: wajib isi V12","OK")))))))) -> Lengkapi V4-V9
A10: 10 | B10: =IF(Petunjuk!$C$4="","",Petunjuk!$C$4) | C10: 2019MHN201 | E10: Paragraf 4, Kalimat 3 | F10: C. Pembahasan | G10: 5. Pentingnya Perlindungan Data Pribadi | H10: Lebih jauh, perlindungan privasi. | R10: =IF(COUNTA(I10:N10)<6,"Lengkapi V4-V9",IF(AND(I10="R0",N10<>"K5"),"R0 harus berpasangan dengan K5",IF(AND(I10="R1",N10<>"K4",N10<>"K5"),"R1 hanya dengan K4 atau K5",IF(AND(I10="R2",N10="K5"),"R2 tidak boleh K5",IF(AND(K10="P9",J10<>"T17"),"P9 hanya dengan T17",IF(AND(J10="T01",K10<>"P6",Q10=""),"Periksa T01-P6: jelaskan di V12",IF(AND(K10="P1",N10<>"K4",Q10=""),"Periksa P1-K4: jelaskan di V12",IF(AND(J10="T99",Q10=""),"Periksa T99: wajib isi V12","OK")))))))) -> Lengkapi V4-V9
A11: 11 | B11: =IF(Petunjuk!$C$4="","",Petunjuk!$C$4) | C11: 2019MHN201 | E11: Paragraf 4, Kalimat 4 | F11: C. Pembahasan | G11: 5. Pentingnya Perlindungan Data Pribadi | H11: Hak privasi telah berkembang sehingga dapat digunakan untuk merumuskan hak untuk melindungi data pribadi. | R11: =IF(COUNTA(I11:N11)<6,"Lengkapi V4-V9",IF(AND(I11="R0",N11<>"K5"),"R0 harus berpasangan dengan K5",IF(AND(I11="R1",N11<>"K4",N11<>"K5"),"R1 hanya dengan K4 atau K5",IF(AND(I11="R2",N11="K5"),"R2 tidak boleh K5",IF(AND(K11="P9",J11<>"T17"),"P9 hanya dengan T17",IF(AND(J11="T01",K11<>"P6",Q11=""),"Periksa T01-P6: jelaskan di V12",IF(AND(K11="P1",N11<>"K4",Q11=""),"Periksa P1-K4: jelaskan di V12",IF(AND(J11="T99",Q11=""),"Periksa T99: wajib isi V12","OK")))))))) -> Lengkapi V4-V9
A12: 12 | B12: =IF(Petunjuk!$C$4="","",Petunjuk!$C$4) | C12: 2019MHN201 | E12: Paragraf 5, Kalimat 1 | F12: C. Pembahasan | G12: 5. Pentingnya Perlindungan Data Pribadi | H12: Perlindungan data pribadi telah diatur di dalam UUD NKRI Tahun 1945. | R12: =IF(COUNTA(I12:N12)<6,"Lengkapi V4-V9",IF(AND(I12="R0",N12<>"K5"),"R0 harus berpasangan dengan K5",IF(AND(I12="R1",N12<>"K4",N12<>"K5"),"R1 hanya dengan K4 atau K5",IF(AND(I12="R2",N12="K5"),"R2 tidak boleh K5",IF(AND(K12="P9",J12<>"T17"),"P9 hanya dengan T17",IF(AND(J12="T01",K12<>"P6",Q12=""),"Periksa T01-P6: jelaskan di V12",IF(AND(K12="P1",N12<>"K4",Q12=""),"Periksa P1-K4: jelaskan di V12",IF(AND(J12="T99",Q12=""),"Periksa T99: wajib isi V12","OK")))))))) -> Lengkapi V4-V9
A13: 13 | B13: =IF(Petunjuk!$C$4="","",Petunjuk!$C$4) | C13: 2019MHN201 | D13: Ya | E13: Paragraf 5, Kalimat 2 | F13: C. Pembahasan | G13: 5. Pentingnya Perlindungan Data Pribadi | H13: Dalam Pasal 28 G ayat (1) disebutkan bahwa “Setiap orang berhak atas perlindungan diri pribadi, data juga berhubungan dengan konsep hak keluarga, kehormatan, martabat, dan harta benda yang di bawah kekuasaannya, serta berhak atas rasa aman dan perlindungan dari ancaman ketakutan untuk berbuat atau tidak berbuat sesuatu yang merupakan hak asasi.” | R13: =IF(COUNTA(I13:N13)<6,"Lengkapi V4-V9",IF(AND(I13="R0",N13<>"K5"),"R0 harus berpasangan dengan K5",IF(AND(I13="R1",N13<>"K4",N13<>"K5"),"R1 hanya dengan K4 atau K5",IF(AND(I13="R2",N13="K5"),"R2 tidak boleh K5",IF(AND(K13="P9",J13<>"T17"),"P9 hanya dengan T17",IF(AND(J13="T01",K13<>"P6",Q13=""),"Periksa T01-P6: jelaskan di V12",IF(AND(K13="P1",N13<>"K4",Q13=""),"Periksa P1-K4: jelaskan di V12",IF(AND(J13="T99",Q13=""),"Periksa T99: wajib isi V12","OK")))))))) -> Lengkapi V4-V9
A14: 14 | B14: =IF(Petunjuk!$C$4="","",Petunjuk!$C$4) | C14: 2019MHN201 | E14: Paragraf 6, Kalimat 1 | F14: C. Pembahasan | G14: 5. Pentingnya Perlindungan Data Pribadi | H14: Selain itu beberapa peraturan nasional secara umum telah mengatur untuk memberikan perlindungan data pribadi antara lain: | R14: =IF(COUNTA(I14:N14)<6,"Lengkapi V4-V9",IF(AND(I14="R0",N14<>"K5"),"R0 harus berpasangan dengan K5",IF(AND(I14="R1",N14<>"K4",N14<>"K5"),"R1 hanya dengan K4 atau K5",IF(AND(I14="R2",N14="K5"),"R2 tidak boleh K5",IF(AND(K14="P9",J14<>"T17"),"P9 hanya dengan T17",IF(AND(J14="T01",K14<>"P6",Q14=""),"Periksa T01-P6: jelaskan di V12",IF(AND(K14="P1",N14<>"K4",Q14=""),"Periksa P1-K4: jelaskan di V12",IF(AND(J14="T99",Q14=""),"Periksa T99: wajib isi V12","OK")))))))) -> Lengkapi V4-V9
A15: 15 | B15: =IF(Petunjuk!$C$4="","",Petunjuk!$C$4) | C15: 2019MHN201 | E15: Paragraf 6, Kalimat 2 | F15: C. Pembahasan | G15: 5. Pentingnya Perlindungan Data Pribadi | H15: 1) Undang-Undang Nomor 19 Tahun 2016 Tentang Perubahan Atas Undang-Undang Nomor 11 Tahun 2008 Tentang Informasi dan Transaksi Elektronik | R15: =IF(COUNTA(I15:N15)<6,"Lengkapi V4-V9",IF(AND(I15="R0",N15<>"K5"),"R0 harus berpasangan dengan K5",IF(AND(I15="R1",N15<>"K4",N15<>"K5"),"R1 hanya dengan K4 atau K5",IF(AND(I15="R2",N15="K5"),"R2 tidak boleh K5",IF(AND(K15="P9",J15<>"T17"),"P9 hanya dengan T17",IF(AND(J15="T01",K15<>"P6",Q15=""),"Periksa T01-P6: jelaskan di V12",IF(AND(K15="P1",N15<>"K4",Q15=""),"Periksa P1-K4: jelaskan di V12",IF(AND(J15="T99",Q15=""),"Periksa T99: wajib isi V12","OK")))))))) -> Lengkapi V4-V9
A16: 16 | B16: =IF(Petunjuk!$C$4="","",Petunjuk!$C$4) | C16: 2019MHN201 | E16: Paragraf 6, Kalimat 3 | F16: C. Pembahasan | G16: 5. Pentingnya Perlindungan Data Pribadi | H16: 2) Undang-Undang Nomor 11 Tahun 2008 Tentang Informasi dan Transaksi Elektronik | R16: =IF(COUNTA(I16:N16)<6,"Lengkapi V4-V9",IF(AND(I16="R0",N16<>"K5"),"R0 harus berpasangan dengan K5",IF(AND(I16="R1",N16<>"K4",N16<>"K5"),"R1 hanya dengan K4 atau K5",IF(AND(I16="R2",N16="K5"),"R2 tidak boleh K5",IF(AND(K16="P9",J16<>"T17"),"P9 hanya dengan T17",IF(AND(J16="T01",K16<>"P6",Q16=""),"Periksa T01-P6: jelaskan di V12",IF(AND(K16="P1",N16<>"K4",Q16=""),"Periksa P1-K4: jelaskan di V12",IF(AND(J16="T99",Q16=""),"Periksa T99: wajib isi V12","OK")))))))) -> Lengkapi V4-V9
A17: 17 | B17: =IF(Petunjuk!$C$4="","",Petunjuk!$C$4) | C17: 2019MHN201 | E17: Paragraf 6, Kalimat 13 | F17: C. Pembahasan | G17: 5. Pentingnya Perlindungan Data Pribadi | H17: 12) Peraturan Menteri Komunikasi dan Informasi Nomor 20 Tahun 2016 Tentang Perlindungan Data Pribadi Dalam Sistem Elektronik | R17: =IF(COUNTA(I17:N17)<6,"Lengkapi V4-V9",IF(AND(I17="R0",N17<>"K5"),"R0 harus berpasangan dengan K5",IF(AND(I17="R1",N17<>"K4",N17<>"K5"),"R1 hanya dengan K4 atau K5",IF(AND(I17="R2",N17="K5"),"R2 tidak boleh K5",IF(AND(K17="P9",J17<>"T17"),"P9 hanya dengan T17",IF(AND(J17="T01",K17<>"P6",Q17=""),"Periksa T01-P6: jelaskan di V12",IF(AND(K17="P1",N17<>"K4",Q17=""),"Periksa P1-K4: jelaskan di V12",IF(AND(J17="T99",Q17=""),"Periksa T99: wajib isi V12","OK")))))))) -> Lengkapi V4-V9
A18: 18 | B18: =IF(Petunjuk!$C$4="","",Petunjuk!$C$4) | C18: 2019MHN201 | E18: Paragraf 6, Kalimat 14 | F18: C. Pembahasan | G18: 5. Pentingnya Perlindungan Data Pribadi | H18: 13) Peraturan Pemerintah Nomor 82 Tahun 2012 Tentang Penyelenggaraan Sistem dan Transaksi Elektronik | R18: =IF(COUNTA(I18:N18)<6,"Lengkapi V4-V9",IF(AND(I18="R0",N18<>"K5"),"R0 harus berpasangan dengan K5",IF(AND(I18="R1",N18<>"K4",N18<>"K5"),"R1 hanya dengan K4 atau K5",IF(AND(I18="R2",N18="K5"),"R2 tidak boleh K5",IF(AND(K18="P9",J18<>"T17"),"P9 hanya dengan T17",IF(AND(J18="T01",K18<>"P6",Q18=""),"Periksa T01-P6: jelaskan di V12",IF(AND(K18="P1",N18<>"K4",Q18=""),"Periksa P1-K4: jelaskan di V12",IF(AND(J18="T99",Q18=""),"Periksa T99: wajib isi V12","OK")))))))) -> Lengkapi V4-V9
A19: 19 | B19: =IF(Petunjuk!$C$4="","",Petunjuk!$C$4) | C19: 2019MHN201 | E19: Paragraf 6, Kalimat 16 | F19: C. Pembahasan | G19: 5. Pentingnya Perlindungan Data Pribadi | H19: 15) Peraturan Menteri Komunikasi dan Informasi Nomor 4 Tahun 2016 Tentang Sistem Manajemen Pengaman Informasi | R19: =IF(COUNTA(I19:N19)<6,"Lengkapi V4-V9",IF(AND(I19="R0",N19<>"K5"),"R0 harus berpasangan dengan K5",IF(AND(I19="R1",N19<>"K4",N19<>"K5"),"R1 hanya dengan K4 atau K5",IF(AND(I19="R2",N19="K5"),"R2 tidak boleh K5",IF(AND(K19="P9",J19<>"T17"),"P9 hanya dengan T17",IF(AND(J19="T01",K19<>"P6",Q19=""),"Periksa T01-P6: jelaskan di V12",IF(AND(K19="P1",N19<>"K4",Q19=""),"Periksa P1-K4: jelaskan di V12",IF(AND(J19="T99",Q19=""),"Periksa T99: wajib isi V12","OK")))))))) -> Lengkapi V4-V9
A20: 20 | B20: =IF(Petunjuk!$C$4="","",Petunjuk!$C$4) | C20: 2019MHN201 | E20: Paragraf 7, Kalimat 2 | F20: C. Pembahasan | G20: 5. Pentingnya Perlindungan Data Pribadi | H20: Dalam Pasal 26 huruf a disebutkan bahwa menjaga kerahasiaan, keutuhan, dan ketersediaan data pribadi, data transaksi, dan data keuangan yang dikelolanya sejak data diperoleh hingga data tersebut dimusnahkan. | R20: =IF(COUNTA(I20:N20)<6,"Lengkapi V4-V9",IF(AND(I20="R0",N20<>"K5"),"R0 harus berpasangan dengan K5",IF(AND(I20="R1",N20<>"K4",N20<>"K5"),"R1 hanya dengan K4 atau K5",IF(AND(I20="R2",N20="K5"),"R2 tidak boleh K5",IF(AND(K20="P9",J20<>"T17"),"P9 hanya dengan T17",IF(AND(J20="T01",K20<>"P6",Q20=""),"Periksa T01-P6: jelaskan di V12",IF(AND(K20="P1",N20<>"K4",Q20=""),"Periksa P1-K4: jelaskan di V12",IF(AND(J20="T99",Q20=""),"Periksa T99: wajib isi V12","OK")))))))) -> Lengkapi V4-V9
A21: 21 | B21: =IF(Petunjuk!$C$4="","",Petunjuk!$C$4) | C21: 2019MHN201 | D21: Ya | E21: Paragraf 7, Kalimat 3 | F21: C. Pembahasan | G21: 5. Pentingnya Perlindungan Data Pribadi | H21: Selain itu Peraturan OJK Nomor 13 Tahun 2018 Tentang Inovasi Keuangan Digital di Sektor Keuangan, telah memasukkan poin terkait perlindungan dan kerahasiaan data. | R21: =IF(COUNTA(I21:N21)<6,"Lengkapi V4-V9",IF(AND(I21="R0",N21<>"K5"),"R0 harus berpasangan dengan K5",IF(AND(I21="R1",N21<>"K4",N21<>"K5"),"R1 hanya dengan K4 atau K5",IF(AND(I21="R2",N21="K5"),"R2 tidak boleh K5",IF(AND(K21="P9",J21<>"T17"),"P9 hanya dengan T17",IF(AND(J21="T01",K21<>"P6",Q21=""),"Periksa T01-P6: jelaskan di V12",IF(AND(K21="P1",N21<>"K4",Q21=""),"Periksa P1-K4: jelaskan di V12",IF(AND(J21="T99",Q21=""),"Periksa T99: wajib isi V12","OK")))))))) -> Lengkapi V4-V9
A22: 22 | B22: =IF(Petunjuk!$C$4="","",Petunjuk!$C$4) | C22: 2019MHN201 | E22: Paragraf 7, Kalimat 4 | F22: C. Pembahasan | G22: 5. Pentingnya Perlindungan Data Pribadi | H22: Pasal 30 ayat (1) menyebutkan bahwa Penyelenggara wajib menjaga kerahasiaan data pribadi, data transaksi, dan data keuangan yang dikelolanya sejak diperoleh hingga data tersebut dimusnahkan. | R22: =IF(COUNTA(I22:N22)<6,"Lengkapi V4-V9",IF(AND(I22="R0",N22<>"K5"),"R0 harus berpasangan dengan K5",IF(AND(I22="R1",N22<>"K4",N22<>"K5"),"R1 hanya dengan K4 atau K5",IF(AND(I22="R2",N22="K5"),"R2 tidak boleh K5",IF(AND(K22="P9",J22<>"T17"),"P9 hanya dengan T17",IF(AND(J22="T01",K22<>"P6",Q22=""),"Periksa T01-P6: jelaskan di V12",IF(AND(K22="P1",N22<>"K4",Q22=""),"Periksa P1-K4: jelaskan di V12",IF(AND(J22="T99",Q22=""),"Periksa T99: wajib isi V12","OK")))))))) -> Lengkapi V4-V9
A23: 23 | B23: =IF(Petunjuk!$C$4="","",Petunjuk!$C$4) | C23: 2019MHN201 | E23: Paragraf 8, Kalimat 1 | F23: C. Pembahasan | G23: 5. Pentingnya Perlindungan Data Pribadi | H23: Banyaknya peraturan yang mengatur tentang perlindungan data pribadi menunjukkan pentingnya data pribadi untuk dilindungi. | R23: =IF(COUNTA(I23:N23)<6,"Lengkapi V4-V9",IF(AND(I23="R0",N23<>"K5"),"R0 harus berpasangan dengan K5",IF(AND(I23="R1",N23<>"K4",N23<>"K5"),"R1 hanya dengan K4 atau K5",IF(AND(I23="R2",N23="K5"),"R2 tidak boleh K5",IF(AND(K23="P9",J23<>"T17"),"P9 hanya dengan T17",IF(AND(J23="T01",K23<>"P6",Q23=""),"Periksa T01-P6: jelaskan di V12",IF(AND(K23="P1",N23<>"K4",Q23=""),"Periksa P1-K4: jelaskan di V12",IF(AND(J23="T99",Q23=""),"Periksa T99: wajib isi V12","OK")))))))) -> Lengkapi V4-V9
A24: 24 | B24: =IF(Petunjuk!$C$4="","",Petunjuk!$C$4) | C24: 2019MHN201 | E24: Paragraf 8, Kalimat 3 | F24: C. Pembahasan | G24: 5. Pentingnya Perlindungan Data Pribadi | H24: Oleh karena itu perlu disusun suatu undang-undang yang secara khusus dapat memberikan perlindungan data pribadi. | R24: =IF(COUNTA(I24:N24)<6,"Lengkapi V4-V9",IF(AND(I24="R0",N24<>"K5"),"R0 harus berpasangan dengan K5",IF(AND(I24="R1",N24<>"K4",N24<>"K5"),"R1 hanya dengan K4 atau K5",IF(AND(I24="R2",N24="K5"),"R2 tidak boleh K5",IF(AND(K24="P9",J24<>"T17"),"P9 hanya dengan T17",IF(AND(J24="T01",K24<>"P6",Q24=""),"Periksa T01-P6: jelaskan di V12",IF(AND(K24="P1",N24<>"K4",Q24=""),"Periksa P1-K4: jelaskan di V12",IF(AND(J24="T99",Q24=""),"Periksa T99: wajib isi V12","OK")))))))) -> Lengkapi V4-V9
A25: 25 | B25: =IF(Petunjuk!$C$4="","",Petunjuk!$C$4) | C25: 2019MHN201 | D25: Ya | E25: Paragraf 1, Kalimat 3 | F25: D. Penutup | H25: Selain itu juga sudah ada Peraturan Menteri Nomor 20 Tahun 2016 tentang Perlindungan Data Pribadi namun belum cukup memberikan perlindungan kepada konsumen. | R25: =IF(COUNTA(I25:N25)<6,"Lengkapi V4-V9",IF(AND(I25="R0",N25<>"K5"),"R0 harus berpasangan dengan K5",IF(AND(I25="R1",N25<>"K4",N25<>"K5"),"R1 hanya dengan K4 atau K5",IF(AND(I25="R2",N25="K5"),"R2 tidak boleh K5",IF(AND(K25="P9",J25<>"T17"),"P9 hanya dengan T17",IF(AND(J25="T01",K25<>"P6",Q25=""),"Periksa T01-P6: jelaskan di V12",IF(AND(K25="P1",N25<>"K4",Q25=""),"Periksa P1-K4: jelaskan di V12",IF(AND(J25="T99",Q25=""),"Periksa T99: wajib isi V12","OK")))))))) -> Lengkapi V4-V9
A26: 26 | B26: =IF(Petunjuk!$C$4="","",Petunjuk!$C$4) | C26: 2019MHN201 | E26: Paragraf 1, Kalimat 4 | F26: D. Penutup | H26: Oleh karenanya Pemerintah perlu segera memberikan perlindungan data pribadi nasabah agar tidak disalahgunakan. | R26: =IF(COUNTA(I26:N26)<6,"Lengkapi V4-V9",IF(AND(I26="R0",N26<>"K5"),"R0 harus berpasangan dengan K5",IF(AND(I26="R1",N26<>"K4",N26<>"K5"),"R1 hanya dengan K4 atau K5",IF(AND(I26="R2",N26="K5"),"R2 tidak boleh K5",IF(AND(K26="P9",J26<>"T17"),"P9 hanya dengan T17",IF(AND(J26="T01",K26<>"P6",Q26=""),"Periksa T01-P6: jelaskan di V12",IF(AND(K26="P1",N26<>"K4",Q26=""),"Periksa P1-K4: jelaskan di V12",IF(AND(J26="T99",Q26=""),"Periksa T99: wajib isi V12","OK")))))))) -> Lengkapi V4-V9
A27: 27 | B27: =IF(Petunjuk!$C$4="","",Petunjuk!$C$4) | C27: UU 23 Thn 2002 (Perlindungan Anak) | E27: Pasal 27 | F27: BAB V KEDUDUKAN ANAK | G27: Bagian Kesatu Identitas Anak | H27: (1) Identitas diri setiap anak harus diberikan sejak kelahirannya.(2) Identitas sebagaimana dimaksud dalam ayat (1) dituangkan dalam akta kelahiran.(3) Pembuatan akta kelahiran didasarkan pada surat keterangan dari orang yang menyaksikan dan/atau membantu proses kelahiran. Dalam hal anak yang proses kelahirannya tidak diketahui, dan orang tuanya tidak diketahui keberadaannya, pembuatan akta kelahiran untuk anak tersebut didasarkan pada keterangan orang yang menemukannya. | R27: =IF(COUNTA(I27:N27)<6,"Lengkapi V4-V9",IF(AND(I27="R0",N27<>"K5"),"R0 harus berpasangan dengan K5",IF(AND(I27="R1",N27<>"K4",N27<>"K5"),"R1 hanya dengan K4 atau K5",IF(AND(I27="R2",N27="K5"),"R2 tidak boleh K5",IF(AND(K27="P9",J27<>"T17"),"P9 hanya dengan T17",IF(AND(J27="T01",K27<>"P6",Q27=""),"Periksa T01-P6: jelaskan di V12",IF(AND(K27="P1",N27<>"K4",Q27=""),"Periksa P1-K4: jelaskan di V12",IF(AND(J27="T99",Q27=""),"Periksa T99: wajib isi V12","OK")))))))) -> Lengkapi V4-V9
A28: 28 | B28: =IF(Petunjuk!$C$4="","",Petunjuk!$C$4) | C28: UU 27 Thn 2022 (PDP) | E28: Pasal 1 | F28: BAB I KETENTUAN UMUM | H28: Dalam Undang-Undang ini yang dimaksud dengan: 1. Data Pribadi adalah data tentang orang perseorangan yang teridentifikasi atau dapat diidentifikasi secara tersendiri atau dikombinasi dengan informasi lainnya baik secara langsung maupun tidak langsung melalui sistem elektronik atau nonelektronik. 2. Pelindungan Data Pribadi adalah keseluruhan upaya untuk melindungi Data Pribadi dalam rangkaian pemrosesan Data Pribadi guna menjamin hak konstitusional subjek Data Pribadi. 3. Informasi adalah keterangan, pernyataan, gagasan, dan tanda-tanda yang mengandung nilai, makna, dan pesan, baik data, fakta, maupun penjelasannya yang dapat dilihat, didengar, dan dibaca yang disajikan dalam berbagai kemasan dan format sesuai dengan perkembangan teknologi informasi dan komunikasi secara elektronik ataupun nonelektronik. 4. Pengendali Data Pribadi adalah setiap orang, badan publik, dan organisasi internasional yang bertindak sendiri-sendiri atau bersama-sama dalam menentukan tujuan dan melakukan kendali pemrosesan Data Pribadi. 5. Prosesor Data Pribadi adalah setiap orang, badan publik, dan organisasi internasional yang bertindak sendiri-sendiri atau bersama-sama dalam melakukan pemrosesan Data Pribadi atas nama Pengendali Data Pribadi. 6. Subjek Data Pribadi adalah orang perseorangan yang pada dirinya melekat Data Pribadi. 7. Setiap Orang adalah orang perseorangan atau korporasi. 8. Korporasi adalah kumpulan orang dan/ atau kekayaan yang terorganisasi baik yang berbadan hukum maupun tidak berbadan hukum. 9. Badan Publik adalah lembaga eksekutif, legislatif, yudikatif, dan badan lain yang fungsi dan tugas pokoknya berkaitan dengan penyelenggaraan negara, yang sebagian atau seluruh dananya bersumber dari Anggaran Pendapatan dan Belanja Negara dan/ atau Anggaran Pendapatan dan Belanja Daerah, atau organisasi nonpemerintah sepanjang sebagian atau seluruh dananya bersumber dari Anggaran Pendapatan dan Belanja Negara dan/ atau Anggaran. Pendapatan dan Belanja Daerah, sumbangan masyarakat, dan/atau luar negeri. 10. Organisasi Internasional adalah organisasi yang diakui sebagai subjek hukum internasional dan mempunyai kapasitas untuk membuat perjanjian internasional. | R28: =IF(COUNTA(I28:N28)<6,"Lengkapi V4-V9",IF(AND(I28="R0",N28<>"K5"),"R0 harus berpasangan dengan K5",IF(AND(I28="R1",N28<>"K4",N28<>"K5"),"R1 hanya dengan K4 atau K5",IF(AND(I28="R2",N28="K5"),"R2 tidak boleh K5",IF(AND(K28="P9",J28<>"T17"),"P9 hanya dengan T17",IF(AND(J28="T01",K28<>"P6",Q28=""),"Periksa T01-P6: jelaskan di V12",IF(AND(K28="P1",N28<>"K4",Q28=""),"Periksa P1-K4: jelaskan di V12",IF(AND(J28="T99",Q28=""),"Periksa T99: wajib isi V12","OK")))))))) -> Lengkapi V4-V9
A29: 29 | B29: =IF(Petunjuk!$C$4="","",Petunjuk!$C$4) | C29: UU 27 Thn 2022 (PDP) | E29: Pasal 2 | F29: BAB I KETENTUAN UMUM | H29: (1) Undang-Undang ini berlaku untuk Setiap Orang, Badan Publik, dan Organisasi Internasional yang melakukan perbuatan hukum sebagaimana diatur dalam Undang-Undang ini: a. yang berada di wilayah hukum Negara Republik Indonesia; dan b. di luar wilayah hukum Negara Republik Indonesia, yang memiliki akibat hukum: 1. di wilayah hukum Negara Republik Indonesia; dan/atau 2. bagi Subjek Data Pribadi warga negara Indonesia di luar wilayah hukum Negara Republik Indonesia.(2) Undang-Undang ini tidak berlaku untuk pemrosesan Data Pribadi oleh orang perseorangan dalam kegiatan pribadi atau rumah tangga. | R29: =IF(COUNTA(I29:N29)<6,"Lengkapi V4-V9",IF(AND(I29="R0",N29<>"K5"),"R0 harus berpasangan dengan K5",IF(AND(I29="R1",N29<>"K4",N29<>"K5"),"R1 hanya dengan K4 atau K5",IF(AND(I29="R2",N29="K5"),"R2 tidak boleh K5",IF(AND(K29="P9",J29<>"T17"),"P9 hanya dengan T17",IF(AND(J29="T01",K29<>"P6",Q29=""),"Periksa T01-P6: jelaskan di V12",IF(AND(K29="P1",N29<>"K4",Q29=""),"Periksa P1-K4: jelaskan di V12",IF(AND(J29="T99",Q29=""),"Periksa T99: wajib isi V12","OK")))))))) -> Lengkapi V4-V9
A30: 30 | B30: =IF(Petunjuk!$C$4="","",Petunjuk!$C$4) | C30: UU 27 Thn 2022 (PDP) | E30: Pasal 3 | F30: BAB II ASAS | H30: a. perlindungan; b. kepastian hukum; c. kepentingan umum; d. Kemanfaatan; e. Kehati-hatian; f. Keseimbangan; g. Pertanggungjawaban; dan h. kerahasiaan. | R30: =IF(COUNTA(I30:N30)<6,"Lengkapi V4-V9",IF(AND(I30="R0",N30<>"K5"),"R0 harus berpasangan dengan K5",IF(AND(I30="R1",N30<>"K4",N30<>"K5"),"R1 hanya dengan K4 atau K5",IF(AND(I30="R2",N30="K5"),"R2 tidak boleh K5",IF(AND(K30="P9",J30<>"T17"),"P9 hanya dengan T17",IF(AND(J30="T01",K30<>"P6",Q30=""),"Periksa T01-P6: jelaskan di V12",IF(AND(K30="P1",N30<>"K4",Q30=""),"Periksa P1-K4: jelaskan di V12",IF(AND(J30="T99",Q30=""),"Periksa T99: wajib isi V12","OK")))))))) -> Lengkapi V4-V9
A31: 31 | B31: =IF(Petunjuk!$C$4="","",Petunjuk!$C$4) | C31: UU 27 Thn 2022 (PDP) | E31: Pasal 4 | F31: BAB III JENIS DATA PRIBADI | H31: (1) Data Pribadi terdiri atas: a. Data Pribadi yang bersifat spesifik; danb. Data Pribadi yang bersifat umum.(2) Data Pribadi yang bersifat spesifik sebagaimana dimaksud pada ayat (l) huruf a meliputi: a. Data dan informasi kesehatan; b. Data biometrik; c. Data genetika; d. Catatan kejahatan; e. Data anak; f. Data keterangan pribadi; dan/ atau g. Data lainnya sesuai dengan ketentuan peraturan perundang-undangan.(3) Data Pribadi yang bersifat umum sebagaimana dimaksud pada ayat (l) huruf b meliputi: a. Nama lengkap; b. Jenis kelamin; c. Kewarganegaraan; d. Agama; e. Status perkawinan; dan/ atau f. Data Pribadi yang dikombinasikan untuk mengidentifikasi seseorang. | R31: =IF(COUNTA(I31:N31)<6,"Lengkapi V4-V9",IF(AND(I31="R0",N31<>"K5"),"R0 harus berpasangan dengan K5",IF(AND(I31="R1",N31<>"K4",N31<>"K5"),"R1 hanya dengan K4 atau K5",IF(AND(I31="R2",N31="K5"),"R2 tidak boleh K5",IF(AND(K31="P9",J31<>"T17"),"P9 hanya dengan T17",IF(AND(J31="T01",K31<>"P6",Q31=""),"Periksa T01-P6: jelaskan di V12",IF(AND(K31="P1",N31<>"K4",Q31=""),"Periksa P1-K4: jelaskan di V12",IF(AND(J31="T99",Q31=""),"Periksa T99: wajib isi V12","OK")))))))) -> Lengkapi V4-V9
A32: 32 | B32: =IF(Petunjuk!$C$4="","",Petunjuk!$C$4) | C32: UU 27 Thn 2022 (PDP) | E32: Pasal 5 | F32: BAB IV HAK SUBJEK DATA PRIBADI | H32: Subjek Data Pribadi berhak mendapatkan Informasi tentang kejelasan identitas, dasar kepentingan hukum, tujuan permintaan dan penggunaan Data Pribadi, dan akuntabilitas pihak yang meminta Data Pribadi. | R32: =IF(COUNTA(I32:N32)<6,"Lengkapi V4-V9",IF(AND(I32="R0",N32<>"K5"),"R0 harus berpasangan dengan K5",IF(AND(I32="R1",N32<>"K4",N32<>"K5"),"R1 hanya dengan K4 atau K5",IF(AND(I32="R2",N32="K5"),"R2 tidak boleh K5",IF(AND(K32="P9",J32<>"T17"),"P9 hanya dengan T17",IF(AND(J32="T01",K32<>"P6",Q32=""),"Periksa T01-P6: jelaskan di V12",IF(AND(K32="P1",N32<>"K4",Q32=""),"Periksa P1-K4: jelaskan di V12",IF(AND(J32="T99",Q32=""),"Periksa T99: wajib isi V12","OK")))))))) -> Lengkapi V4-V9
A33: 33 | B33: =IF(Petunjuk!$C$4="","",Petunjuk!$C$4) | C33: UU 27 Thn 2022 (PDP) | E33: Pasal 6 | F33: BAB IV HAK SUBJEK DATA PRIBADI | H33: Subjek Data Pribadi berhak melengkapi, memperbarui, dan/atau memperbaiki kesalahan dan/atau ketidakakuratan Data Pribadi tentang dirinya sesuai dengan tujuan pemrosesan Data Pribadi. | R33: =IF(COUNTA(I33:N33)<6,"Lengkapi V4-V9",IF(AND(I33="R0",N33<>"K5"),"R0 harus berpasangan dengan K5",IF(AND(I33="R1",N33<>"K4",N33<>"K5"),"R1 hanya dengan K4 atau K5",IF(AND(I33="R2",N33="K5"),"R2 tidak boleh K5",IF(AND(K33="P9",J33<>"T17"),"P9 hanya dengan T17",IF(AND(J33="T01",K33<>"P6",Q33=""),"Periksa T01-P6: jelaskan di V12",IF(AND(K33="P1",N33<>"K4",Q33=""),"Periksa P1-K4: jelaskan di V12",IF(AND(J33="T99",Q33=""),"Periksa T99: wajib isi V12","OK")))))))) -> Lengkapi V4-V9
A34: 34 | B34: =IF(Petunjuk!$C$4="","",Petunjuk!$C$4) | C34: UU 27 Thn 2022 (PDP) | E34: Pasal 7 | F34: BAB IV HAK SUBJEK DATA PRIBADI | H34: Subjek Data Pribadi berhak mendapatkan akses dan memperoleh salinan Data Pribadi tentang dirinya sesuai dengan ketentuan peraturan perundang-undangan. | R34: =IF(COUNTA(I34:N34)<6,"Lengkapi V4-V9",IF(AND(I34="R0",N34<>"K5"),"R0 harus berpasangan dengan K5",IF(AND(I34="R1",N34<>"K4",N34<>"K5"),"R1 hanya dengan K4 atau K5",IF(AND(I34="R2",N34="K5"),"R2 tidak boleh K5",IF(AND(K34="P9",J34<>"T17"),"P9 hanya dengan T17",IF(AND(J34="T01",K34<>"P6",Q34=""),"Periksa T01-P6: jelaskan di V12",IF(AND(K34="P1",N34<>"K4",Q34=""),"Periksa P1-K4: jelaskan di V12",IF(AND(J34="T99",Q34=""),"Periksa T99: wajib isi V12","OK")))))))) -> Lengkapi V4-V9
A35: 35 | B35: =IF(Petunjuk!$C$4="","",Petunjuk!$C$4) | C35: UU 27 Thn 2022 (PDP) | D35: Ya | E35: Pasal 8 | F35: BAB IV HAK SUBJEK DATA PRIBADI | H35: Subjek Data Pribadi berhak untuk mengakhiri pemrosesan, menghapus, dan/ atau memusnahkan Data Pribadi tentang dirinya sesuai dengan ketentuan peraturan perundang-undangan. | R35: =IF(COUNTA(I35:N35)<6,"Lengkapi V4-V9",IF(AND(I35="R0",N35<>"K5"),"R0 harus berpasangan dengan K5",IF(AND(I35="R1",N35<>"K4",N35<>"K5"),"R1 hanya dengan K4 atau K5",IF(AND(I35="R2",N35="K5"),"R2 tidak boleh K5",IF(AND(K35="P9",J35<>"T17"),"P9 hanya dengan T17",IF(AND(J35="T01",K35<>"P6",Q35=""),"Periksa T01-P6: jelaskan di V12",IF(AND(K35="P1",N35<>"K4",Q35=""),"Periksa P1-K4: jelaskan di V12",IF(AND(J35="T99",Q35=""),"Periksa T99: wajib isi V12","OK")))))))) -> Lengkapi V4-V9
A36: 36 | B36: =IF(Petunjuk!$C$4="","",Petunjuk!$C$4) | C36: UU 27 Thn 2022 (PDP) | E36: Pasal 9 | F36: BAB IV HAK SUBJEK DATA PRIBADI | H36: Subjek Data Pribadi berhak menarik kembali persetujuan pemrosesan Data Pribadi tentang dirinya yang telah diberikan kepada Pengendali Data Pribadi. | R36: =IF(COUNTA(I36:N36)<6,"Lengkapi V4-V9",IF(AND(I36="R0",N36<>"K5"),"R0 harus berpasangan dengan K5",IF(AND(I36="R1",N36<>"K4",N36<>"K5"),"R1 hanya dengan K4 atau K5",IF(AND(I36="R2",N36="K5"),"R2 tidak boleh K5",IF(AND(K36="P9",J36<>"T17"),"P9 hanya dengan T17",IF(AND(J36="T01",K36<>"P6",Q36=""),"Periksa T01-P6: jelaskan di V12",IF(AND(K36="P1",N36<>"K4",Q36=""),"Periksa P1-K4: jelaskan di V12",IF(AND(J36="T99",Q36=""),"Periksa T99: wajib isi V12","OK")))))))) -> Lengkapi V4-V9
A37: 37 | B37: =IF(Petunjuk!$C$4="","",Petunjuk!$C$4) | C37: UU 27 Thn 2022 (PDP) | E37: Pasal 10 | F37: BAB IV HAK SUBJEK DATA PRIBADI | H37: (1) Subjek Data Pribadi berhak untuk mengajukan keberatan atas tindakan pengambilan keputusan yang hanya didasarkan pada pemrosesan secara otomatis, termasuk pemrofilan, yang menimbulkan akibat hukum atau berdampak signifikan pada Subjek Data Pribadi.(2) Ketentuan lebih lanjut mengenai pengajuan keberatan atas pemrosesan secara otomatis sebagaimana dimaksud pada ayat (l) diatur dalam Peraturan Pemerintah. | R37: =IF(COUNTA(I37:N37)<6,"Lengkapi V4-V9",IF(AND(I37="R0",N37<>"K5"),"R0 harus berpasangan dengan K5",IF(AND(I37="R1",N37<>"K4",N37<>"K5"),"R1 hanya dengan K4 atau K5",IF(AND(I37="R2",N37="K5"),"R2 tidak boleh K5",IF(AND(K37="P9",J37<>"T17"),"P9 hanya dengan T17",IF(AND(J37="T01",K37<>"P6",Q37=""),"Periksa T01-P6: jelaskan di V12",IF(AND(K37="P1",N37<>"K4",Q37=""),"Periksa P1-K4: jelaskan di V12",IF(AND(J37="T99",Q37=""),"Periksa T99: wajib isi V12","OK")))))))) -> Lengkapi V4-V9
A38: 38 | B38: =IF(Petunjuk!$C$4="","",Petunjuk!$C$4) | C38: UU 27 Thn 2022 (PDP) | E38: Pasal 11 | F38: BAB IV HAK SUBJEK DATA PRIBADI | H38: Subjek Data Pribadi berhak menunda atau membatasi pemrosesan Data Pribadi secara proporsional sesuai dengan tujuan pemrosesan Data Pribadi. | R38: =IF(COUNTA(I38:N38)<6,"Lengkapi V4-V9",IF(AND(I38="R0",N38<>"K5"),"R0 harus berpasangan dengan K5",IF(AND(I38="R1",N38<>"K4",N38<>"K5"),"R1 hanya dengan K4 atau K5",IF(AND(I38="R2",N38="K5"),"R2 tidak boleh K5",IF(AND(K38="P9",J38<>"T17"),"P9 hanya dengan T17",IF(AND(J38="T01",K38<>"P6",Q38=""),"Periksa T01-P6: jelaskan di V12",IF(AND(K38="P1",N38<>"K4",Q38=""),"Periksa P1-K4: jelaskan di V12",IF(AND(J38="T99",Q38=""),"Periksa T99: wajib isi V12","OK")))))))) -> Lengkapi V4-V9
A39: 39 | B39: =IF(Petunjuk!$C$4="","",Petunjuk!$C$4) | C39: UU 27 Thn 2022 (PDP) | E39: Pasal 12 | F39: BAB IV HAK SUBJEK DATA PRIBADI | H39: (1) Subjek Data Pribadi berhak menggugat dan menerima ganti rugi atas pelanggaran pemrosesan Data Pribadi tentang dirinya sesuai dengan ketentuan peraturan perundang-undangan.(2) Ketentuan lebih lanjut mengenai pelanggaran pemrosesan Data Pribadi dan tata cara pengenaan ganti rugi sebagaimana dimaksud pada ayat (1) diatur dalam Peraturan Pemerintah. | R39: =IF(COUNTA(I39:N39)<6,"Lengkapi V4-V9",IF(AND(I39="R0",N39<>"K5"),"R0 harus berpasangan dengan K5",IF(AND(I39="R1",N39<>"K4",N39<>"K5"),"R1 hanya dengan K4 atau K5",IF(AND(I39="R2",N39="K5"),"R2 tidak boleh K5",IF(AND(K39="P9",J39<>"T17"),"P9 hanya dengan T17",IF(AND(J39="T01",K39<>"P6",Q39=""),"Periksa T01-P6: jelaskan di V12",IF(AND(K39="P1",N39<>"K4",Q39=""),"Periksa P1-K4: jelaskan di V12",IF(AND(J39="T99",Q39=""),"Periksa T99: wajib isi V12","OK")))))))) -> Lengkapi V4-V9
A40: 40 | B40: =IF(Petunjuk!$C$4="","",Petunjuk!$C$4) | C40: UU 27 Thn 2022 (PDP) | E40: Pasal 13 | F40: BAB IV HAK SUBJEK DATA PRIBADI | H40: (1) Subjek Data Pribadi berhak mendapatkan dan/atau menggunakan Data Pribadi tentang dirinya dari Pengendali Data Pribadi dalam bentuk yang sesuai dengan struktur dan/ atau format yang lazim digunakan atau dapat dibaca oleh sistem elektronik.(2) Subjek Data Pribadi berhak menggunakan dan mengirimkan Data Pribadi tentang dirinya ke Pengendali Data Pribadi lainnya, sepanjang sistem yang digunakan dapat saling berkomunikasi secara aman sesuai dengan prinsip Pelindungan Data Pribadi berdasarkan Undang-Undang ini.(3) Ketentuan lebih lanjut mengenai hak Subjek Data Pribadi untuk menggunakan dan mengirimkan Data Pribadi sebagaimana dimaksud pada ayat (2) diatur dalam Peraturan Pemerintah. | R40: =IF(COUNTA(I40:N40)<6,"Lengkapi V4-V9",IF(AND(I40="R0",N40<>"K5"),"R0 harus berpasangan dengan K5",IF(AND(I40="R1",N40<>"K4",N40<>"K5"),"R1 hanya dengan K4 atau K5",IF(AND(I40="R2",N40="K5"),"R2 tidak boleh K5",IF(AND(K40="P9",J40<>"T17"),"P9 hanya dengan T17",IF(AND(J40="T01",K40<>"P6",Q40=""),"Periksa T01-P6: jelaskan di V12",IF(AND(K40="P1",N40<>"K4",Q40=""),"Periksa P1-K4: jelaskan di V12",IF(AND(J40="T99",Q40=""),"Periksa T99: wajib isi V12","OK")))))))) -> Lengkapi V4-V9
A41: 41 | B41: =IF(Petunjuk!$C$4="","",Petunjuk!$C$4) | C41: UU 27 Thn 2022 (PDP) | E41: Pasal 14 | F41: BAB IV HAK SUBJEK DATA PRIBADI | H41: Pelaksanaan hak Subjek Data Pribadi sebagaimana dimaksud dalam Pasal 6 sampai dengan Pasal 11 diajukan melalui permohonan tercatat yang disampaikan secara elektronik atau nonelektronik kepada Pengendali Data Pribadi. | R41: =IF(COUNTA(I41:N41)<6,"Lengkapi V4-V9",IF(AND(I41="R0",N41<>"K5"),"R0 harus berpasangan dengan K5",IF(AND(I41="R1",N41<>"K4",N41<>"K5"),"R1 hanya dengan K4 atau K5",IF(AND(I41="R2",N41="K5"),"R2 tidak boleh K5",IF(AND(K41="P9",J41<>"T17"),"P9 hanya dengan T17",IF(AND(J41="T01",K41<>"P6",Q41=""),"Periksa T01-P6: jelaskan di V12",IF(AND(K41="P1",N41<>"K4",Q41=""),"Periksa P1-K4: jelaskan di V12",IF(AND(J41="T99",Q41=""),"Periksa T99: wajib isi V12","OK")))))))) -> Lengkapi V4-V9
A42: 42 | B42: =IF(Petunjuk!$C$4="","",Petunjuk!$C$4) | C42: UU 27 Thn 2022 (PDP) | D42: Ya | E42: Pasal 15 | F42: BAB IV HAK SUBJEK DATA PRIBADI | H42: (1) Hak-hak Subjek Data Pribadi sebagaimana dimaksud dalam Pasal 8, Pasal 9, Pasal 10 ayat (1), Pasal 11, dan Pasal 13 ayat (1) dan ayat (2) dikecualikan untuk:a. kepentingan pertahanan dan keamanan nasional; b. kepentingan proses penegakan hukum; c. kepentingan umum dalam rangka penyelenggaraan negara; d. kepentingan pengawasan sektor jasa keuangan, moneter, sistem pembayaran, dan stabilitas sistem keuangan yang dilakukan dalam rangka penyelenggaraan negara; atau e. kepentingan statistik dan penelitian ilmiah. (2) Pengecualian sebagaimana dimaksud pada ayat (1) dilaksanakan hanya dalam rangka pelaksanaan ketentuan Undang-Undang. | R42: =IF(COUNTA(I42:N42)<6,"Lengkapi V4-V9",IF(AND(I42="R0",N42<>"K5"),"R0 harus berpasangan dengan K5",IF(AND(I42="R1",N42<>"K4",N42<>"K5"),"R1 hanya dengan K4 atau K5",IF(AND(I42="R2",N42="K5"),"R2 tidak boleh K5",IF(AND(K42="P9",J42<>"T17"),"P9 hanya dengan T17",IF(AND(J42="T01",K42<>"P6",Q42=""),"Periksa T01-P6: jelaskan di V12",IF(AND(K42="P1",N42<>"K4",Q42=""),"Periksa P1-K4: jelaskan di V12",IF(AND(J42="T99",Q42=""),"Periksa T99: wajib isi V12","OK")))))))) -> Lengkapi V4-V9
A43: 43 | B43: =IF(Petunjuk!$C$4="","",Petunjuk!$C$4) | C43: UU 27 Thn 2022 (PDP) | E43: Pasal 16 | F43: BAB V PEMROSESAN DATA PRIBADI | H43: (1) Pemrosesan Data Pribadi meliputi: a. pemerolehan dan pengumpulan; b. pengolahan dan penganalisisan; c. Penyimpanan; d. perbaikan dan pembaruan;e. penampilan, pengumuman, transfer, pengungkapan; penyebarluasan, atau dan/ atau f. penghapusan atau pemusnahan.(2) Pemrosesan Data Pribadi sebagaimana dimaksud pada ayat (l) dilakukan sesuai dengan prinsip Pelindungan Data Pribadi meliputi:a. Data Pribadi dilakukan secara terbatas dan spesifik, sah secara hukum, dan transparan; b. pemrosesan Data Pribadi dilakukan sesuai dengan tujuannya; c. pemrosesan Data Pribadi dilakukan dengan menjamin hak Subjek Data Pribadi; d. pemrosesan Data Pribadi dilakukan secara akurat, lengkap, tidak menyesatkan, mutakhir, dan dapat dipertanggungjawabkan; e. pemrosesan Data Pribadi dilakukan dengan melindungi keamanan Data Pribadi dari pengaksesan yang tidak sah, pengungkapan yang tidak sah, pengubahan yang tidak sah, perusakan, dan/atau penghilangan Data Pribadi; f. pemrosesan Data Pribadi dilakukan dengan memberitahukan tujuan dan aktivitas pemrosesan, serta kegagalan Pelindungan Data Pribadi;g. Data Pribadi dimusnahkan dan/atau dihapus setelah masa retensi berakhir atau berdasarkan permintaan Subjek Data Pribadi, kecuali ditentukan lain oleh peraturan perundang-undangan; dan h. pemrosesan Data Pribadi dilakukan secara bertanggung jawab dan dapat dibuktikan secara jelas.(3) Ketentuan lebih lanjut mengenai pelaksanaan pemrosesan Data Pribadi sebagaimana dimaksud pada ayat (1) diatur dalam Peraturan Pemerintah. | R43: =IF(COUNTA(I43:N43)<6,"Lengkapi V4-V9",IF(AND(I43="R0",N43<>"K5"),"R0 harus berpasangan dengan K5",IF(AND(I43="R1",N43<>"K4",N43<>"K5"),"R1 hanya dengan K4 atau K5",IF(AND(I43="R2",N43="K5"),"R2 tidak boleh K5",IF(AND(K43="P9",J43<>"T17"),"P9 hanya dengan T17",IF(AND(J43="T01",K43<>"P6",Q43=""),"Periksa T01-P6: jelaskan di V12",IF(AND(K43="P1",N43<>"K4",Q43=""),"Periksa P1-K4: jelaskan di V12",IF(AND(J43="T99",Q43=""),"Periksa T99: wajib isi V12","OK")))))))) -> Lengkapi V4-V9
A44: 44 | B44: =IF(Petunjuk!$C$4="","",Petunjuk!$C$4) | C44: UU 27 Thn 2022 (PDP) | D44: Ya | E44: Pasal 17 | F44: BAB V PEMROSESAN DATA PRIBADI | H44: (1) Pemasangan alat pemroses atau pengolah data visual di tempat umum dan/ atau pada fasilitas pelayanan publik dilakukan dengan ketentuan: a. untuk tujuan keamanan, pencegahan bencana, lalu lintas atau dan/atau pengumpulan, analisis, dan pengaturan Informasi lalu lintas; b. harus Informasi pada area yang telah dipasang alat pemroses atau pengolah data visual; dan c. tidak digunakan untuk seseorang. (2) Ketentuan sebagaimana dimaksud pada ayat (1) huruf b dan huruf c dikecualikan untuk pencegahan tindak pidana dan proses penegakan hukum sesuai dengan ketentuan peraturan perundang-undangan. | R44: =IF(COUNTA(I44:N44)<6,"Lengkapi V4-V9",IF(AND(I44="R0",N44<>"K5"),"R0 harus berpasangan dengan K5",IF(AND(I44="R1",N44<>"K4",N44<>"K5"),"R1 hanya dengan K4 atau K5",IF(AND(I44="R2",N44="K5"),"R2 tidak boleh K5",IF(AND(K44="P9",J44<>"T17"),"P9 hanya dengan T17",IF(AND(J44="T01",K44<>"P6",Q44=""),"Periksa T01-P6: jelaskan di V12",IF(AND(K44="P1",N44<>"K4",Q44=""),"Periksa P1-K4: jelaskan di V12",IF(AND(J44="T99",Q44=""),"Periksa T99: wajib isi V12","OK")))))))) -> Lengkapi V4-V9
A45: 45 | B45: =IF(Petunjuk!$C$4="","",Petunjuk!$C$4) | C45: UU 27 Thn 2022 (PDP) | E45: Pasal 18 | F45: BAB V PEMROSESAN DATA PRIBADI | H45: (1) Pemrosesan Data Pribadi dapat dilakukan oleh 2 (dua) atau lebih Pengendali Data Pribadi.(2) Dalam hal Pemrosesan Data Pribadi dilakukan oleh 2 (dua) atau lebih Pengendali Data Pribadi harus memenuhi syarat minimal: a. terdapat perjanjian antara para Pengendali Data Pribadi yang memuat peran, tanggung jawab, dan hubungan antar-Pengendali Data Pribadi; b. terdapat tujuan yang saling berkaitan dan cara pemrosesan Data Pribadi yang ditentukan secara bersama; dan c. terdapat narahubung yang ditunjuk secara bersama-sama. | R45: =IF(COUNTA(I45:N45)<6,"Lengkapi V4-V9",IF(AND(I45="R0",N45<>"K5"),"R0 harus berpasangan dengan K5",IF(AND(I45="R1",N45<>"K4",N45<>"K5"),"R1 hanya dengan K4 atau K5",IF(AND(I45="R2",N45="K5"),"R2 tidak boleh K5",IF(AND(K45="P9",J45<>"T17"),"P9 hanya dengan T17",IF(AND(J45="T01",K45<>"P6",Q45=""),"Periksa T01-P6: jelaskan di V12",IF(AND(K45="P1",N45<>"K4",Q45=""),"Periksa P1-K4: jelaskan di V12",IF(AND(J45="T99",Q45=""),"Periksa T99: wajib isi V12","OK")))))))) -> Lengkapi V4-V9
A46: 46 | B46: =IF(Petunjuk!$C$4="","",Petunjuk!$C$4) | C46: UU 27 Thn 2022 (PDP) | E46: Pasal 19 | F46: BAB VI KEWAJIBAN PENGENDALI DATA PRIBADI DAN PROSESOR DATA PRIBADI DALAM PEMROSESAN DATA PRIBADI | G46: Bagian Kesatu Umum | H46: Pengendali Data Pribadi dan Prosesor Data Pribadi meliputi: a. Setiap Orang; b. Badan Publik; dan c. Organisasi Internasional. | R46: =IF(COUNTA(I46:N46)<6,"Lengkapi V4-V9",IF(AND(I46="R0",N46<>"K5"),"R0 harus berpasangan dengan K5",IF(AND(I46="R1",N46<>"K4",N46<>"K5"),"R1 hanya dengan K4 atau K5",IF(AND(I46="R2",N46="K5"),"R2 tidak boleh K5",IF(AND(K46="P9",J46<>"T17"),"P9 hanya dengan T17",IF(AND(J46="T01",K46<>"P6",Q46=""),"Periksa T01-P6: jelaskan di V12",IF(AND(K46="P1",N46<>"K4",Q46=""),"Periksa P1-K4: jelaskan di V12",IF(AND(J46="T99",Q46=""),"Periksa T99: wajib isi V12","OK")))))))) -> Lengkapi V4-V9
A47: 47 | B47: =IF(Petunjuk!$C$4="","",Petunjuk!$C$4) | C47: UU 27 Thn 2022 (PDP) | E47: Pasal 20 | F47: BAB VI KEWAJIBAN PENGENDALI DATA PRIBADI DAN PROSESOR DATA PRIBADI DALAM PEMROSESAN DATA PRIBADI | G47: Bagian Kedua Kewajiban Pengendali Data Pribadi | H47: (1) Pengendali Data Pribadi wajib memiliki dasar pemrosesan Data Pribadi. (2) Dasar pemrosesan Data Pribadi sebagaimana dimaksud pada ayat (1) meliputi:a. persetujuan yang sah secara eksplisit dari Subjek Data Pribadi untuk 1 (satu) atau beberapa tujuan tertentu yang telah disampaikan oleh Pengendali Data Pribadi kepada Subjek Data Pribadi; b. pemenuhan kewajiban perjanjian dalam hal Subjek Data Pribadi merupakan salah satu pihak atau untuk memenuhi permintaan Subjek Data Pribadi pada saat akan melakukan perjanjian; c. pemenuhan kewajiban hukum dari Pengendali Data Pribadi sesuai dengan ketentuan peraturan perundang-undangan; d. pemenuhan pelindungan kepentingan vital Subjek Data Pribadi; e. pelaksanaan tugas dalam rangka kepentingan umum, pelayanan publik, atau pelaksanaan kewenangan Pengendali Data Pribadi berdasarkan peraturan perundang-undangan; dan/atau f. pemenuhan kepentingan yang sah lainnya dengan memperhatikan tujuan, kebutuhan, dan keseimbangan kepentingan Pengendali Data Pribadi dan hak Subjek Data Pribadi. | R47: =IF(COUNTA(I47:N47)<6,"Lengkapi V4-V9",IF(AND(I47="R0",N47<>"K5"),"R0 harus berpasangan dengan K5",IF(AND(I47="R1",N47<>"K4",N47<>"K5"),"R1 hanya dengan K4 atau K5",IF(AND(I47="R2",N47="K5"),"R2 tidak boleh K5",IF(AND(K47="P9",J47<>"T17"),"P9 hanya dengan T17",IF(AND(J47="T01",K47<>"P6",Q47=""),"Periksa T01-P6: jelaskan di V12",IF(AND(K47="P1",N47<>"K4",Q47=""),"Periksa P1-K4: jelaskan di V12",IF(AND(J47="T99",Q47=""),"Periksa T99: wajib isi V12","OK")))))))) -> Lengkapi V4-V9
A48: 48 | B48: =IF(Petunjuk!$C$4="","",Petunjuk!$C$4) | C48: UU 27 Thn 2022 (PDP) | E48: Pasal 21 | F48: BAB VI KEWAJIBAN PENGENDALI DATA PRIBADI DAN PROSESOR DATA PRIBADI DALAM PEMROSESAN DATA PRIBADI | G48: Bagian Kedua Kewajiban Pengendali Data Pribadi | H48: (1) Dalam hal pemrosesan Data Pribadi berdasarkan persetujuan sebagaimana dimaksud dalam Pasal 20 ayat (2) huruf a, Pengendali Data Pribadi wajib menyampaikan Informasi mengenai:a. legalitas dari pemrosesan Data Pribadi; b. tujuan pemrosesan Data Pribadi; c. jenis dan relevansi Data Pribadi yang akan diproses; d. jangka waktu retensi dokumen yang memuat Data Pribadi; e. rincian mengenai Informasi yang dikumpulkan; f. jangka waktu pemrosesan Data Pribadi; dang. hak Subjek Data Pribadi.(2) Dalam hal terdapat perubahan Informasi sebagaimana dimaksud pada ayat (1), Pengendali Data Pribadi wajib memberitahukan kepada Subjek Data Pribadi sebelum terjadi perubahan Informasi. | R48: =IF(COUNTA(I48:N48)<6,"Lengkapi V4-V9",IF(AND(I48="R0",N48<>"K5"),"R0 harus berpasangan dengan K5",IF(AND(I48="R1",N48<>"K4",N48<>"K5"),"R1 hanya dengan K4 atau K5",IF(AND(I48="R2",N48="K5"),"R2 tidak boleh K5",IF(AND(K48="P9",J48<>"T17"),"P9 hanya dengan T17",IF(AND(J48="T01",K48<>"P6",Q48=""),"Periksa T01-P6: jelaskan di V12",IF(AND(K48="P1",N48<>"K4",Q48=""),"Periksa P1-K4: jelaskan di V12",IF(AND(J48="T99",Q48=""),"Periksa T99: wajib isi V12","OK")))))))) -> Lengkapi V4-V9
A49: 49 | B49: =IF(Petunjuk!$C$4="","",Petunjuk!$C$4) | C49: UU 27 Thn 2022 (PDP) | E49: Pasal 22 | F49: BAB VI KEWAJIBAN PENGENDALI DATA PRIBADI DAN PROSESOR DATA PRIBADI DALAM PEMROSESAN DATA PRIBADI | G49: Bagian Kedua Kewajiban Pengendali Data Pribadi | H49: (1) Persetujuan pemrosesan Data Pribadi dilakukan melalui persetujuan tertulis atau terekam. (2) Persetujuan sebagaimana dimaksud pada ayat (1) dapat disampaikan secara elektronik atau nonelektronik.(3) Persetujuan sebagaimana dimaksud pada ayat (1) mempunyai kekuatan hukum yang sama.(4). Dalam hal persetuluan sebagaimana dimaksud pada ayat (1) memuat tujuan lain, permintaan persetujuan harus memenuhi ketentuan:a. dapat dibedakan secara jelas dengan hal lainnya; b. dibuat dengan format yang dapat dipahami dan mudah diakses; dan c. menggunakan bahasa yang sederhana dan jelas.(5) Persetujuan yang tidak memenuhi ketentuan sebagaimana dimaksud pada ayat (1) dan ayat (4) dinyatakan batal demi hukum. | R49: =IF(COUNTA(I49:N49)<6,"Lengkapi V4-V9",IF(AND(I49="R0",N49<>"K5"),"R0 harus berpasangan dengan K5",IF(AND(I49="R1",N49<>"K4",N49<>"K5"),"R1 hanya dengan K4 atau K5",IF(AND(I49="R2",N49="K5"),"R2 tidak boleh K5",IF(AND(K49="P9",J49<>"T17"),"P9 hanya dengan T17",IF(AND(J49="T01",K49<>"P6",Q49=""),"Periksa T01-P6: jelaskan di V12",IF(AND(K49="P1",N49<>"K4",Q49=""),"Periksa P1-K4: jelaskan di V12",IF(AND(J49="T99",Q49=""),"Periksa T99: wajib isi V12","OK")))))))) -> Lengkapi V4-V9
A50: 50 | B50: =IF(Petunjuk!$C$4="","",Petunjuk!$C$4) | C50: UU 27 Thn 2022 (PDP) | E50: Pasal 23 | F50: BAB VI KEWAJIBAN PENGENDALI DATA PRIBADI DAN PROSESOR DATA PRIBADI DALAM PEMROSESAN DATA PRIBADI | G50: Bagian Kedua Kewajiban Pengendali Data Pribadi | H50: Klausul perjanjian yang di dalamnya terdapat permintaan pemrosesan Data Pribadi yang tidak memuat persetujuan yang sah secara eksplisit dari Subjek Data Pribadi dinyatakan batal demi hukum. | R50: =IF(COUNTA(I50:N50)<6,"Lengkapi V4-V9",IF(AND(I50="R0",N50<>"K5"),"R0 harus berpasangan dengan K5",IF(AND(I50="R1",N50<>"K4",N50<>"K5"),"R1 hanya dengan K4 atau K5",IF(AND(I50="R2",N50="K5"),"R2 tidak boleh K5",IF(AND(K50="P9",J50<>"T17"),"P9 hanya dengan T17",IF(AND(J50="T01",K50<>"P6",Q50=""),"Periksa T01-P6: jelaskan di V12",IF(AND(K50="P1",N50<>"K4",Q50=""),"Periksa P1-K4: jelaskan di V12",IF(AND(J50="T99",Q50=""),"Periksa T99: wajib isi V12","OK")))))))) -> Lengkapi V4-V9
A51: 51 | B51: =IF(Petunjuk!$C$4="","",Petunjuk!$C$4) | C51: UU 27 Thn 2022 (PDP) | E51: Pasal 24 | F51: BAB VI KEWAJIBAN PENGENDALI DATA PRIBADI DAN PROSESOR DATA PRIBADI DALAM PEMROSESAN DATA PRIBADI | G51: Bagian Kedua Kewajiban Pengendali Data Pribadi | H51: Dalam melakukan pemrosesan Data Pribadi, Pengendali Data Pribadi wajib menunjukkan bukti persetujuan yang telah diberikan oleh Subjek Data Pribadi. | R51: =IF(COUNTA(I51:N51)<6,"Lengkapi V4-V9",IF(AND(I51="R0",N51<>"K5"),"R0 harus berpasangan dengan K5",IF(AND(I51="R1",N51<>"K4",N51<>"K5"),"R1 hanya dengan K4 atau K5",IF(AND(I51="R2",N51="K5"),"R2 tidak boleh K5",IF(AND(K51="P9",J51<>"T17"),"P9 hanya dengan T17",IF(AND(J51="T01",K51<>"P6",Q51=""),"Periksa T01-P6: jelaskan di V12",IF(AND(K51="P1",N51<>"K4",Q51=""),"Periksa P1-K4: jelaskan di V12",IF(AND(J51="T99",Q51=""),"Periksa T99: wajib isi V12","OK")))))))) -> Lengkapi V4-V9
A52: 52 | B52: =IF(Petunjuk!$C$4="","",Petunjuk!$C$4) | C52: UU 27 Thn 2022 (PDP) | D52: Ya | E52: Pasal 25 | F52: BAB VI KEWAJIBAN PENGENDALI DATA PRIBADI DAN PROSESOR DATA PRIBADI DALAM PEMROSESAN DATA PRIBADI | G52: Bagian Kedua Kewajiban Pengendali Data Pribadi | H52: (1) Pemrosesan Data Pribadi anak secara khusus.(2) Pemrosesan Data Pribadi anak sebagaimana dimaksud pada ayat (1) wajib mendapat persetujuan dari orang tua anak dan/ atau wali anak sesuai dengan ketentuan peraturan perundang-undangan. | R52: =IF(COUNTA(I52:N52)<6,"Lengkapi V4-V9",IF(AND(I52="R0",N52<>"K5"),"R0 harus berpasangan dengan K5",IF(AND(I52="R1",N52<>"K4",N52<>"K5"),"R1 hanya dengan K4 atau K5",IF(AND(I52="R2",N52="K5"),"R2 tidak boleh K5",IF(AND(K52="P9",J52<>"T17"),"P9 hanya dengan T17",IF(AND(J52="T01",K52<>"P6",Q52=""),"Periksa T01-P6: jelaskan di V12",IF(AND(K52="P1",N52<>"K4",Q52=""),"Periksa P1-K4: jelaskan di V12",IF(AND(J52="T99",Q52=""),"Periksa T99: wajib isi V12","OK")))))))) -> Lengkapi V4-V9
A53: 53 | B53: =IF(Petunjuk!$C$4="","",Petunjuk!$C$4) | C53: UU 27 Thn 2022 (PDP) | E53: Pasal 26 | F53: BAB VI KEWAJIBAN PENGENDALI DATA PRIBADI DAN PROSESOR DATA PRIBADI DALAM PEMROSESAN DATA PRIBADI | G53: Bagian Kedua Kewajiban Pengendali Data Pribadi | H53: (1) Pemrosesan Data Pribadi penyandang disabilitas diselenggarakan secara khusus.(2) Pemrosesan Data Pribadi penyandang disabilitas sebagaimana dimaksud pada ayat (1) dilakukan melalui komunikasi dengan menggunakan cara tertentu sesuai dengan ketentuan perundang-undangan.(3) Pemrosesan Data Pribadi penyandang disabilitas sebagaimana dimaksud pada ayat (2) wajib mendapat persetujuan dari penyandang disabilitas dan/ atau wali penyandang disabilitas sesuai dengan ketentuan peraturan perundang-undangan. | R53: =IF(COUNTA(I53:N53)<6,"Lengkapi V4-V9",IF(AND(I53="R0",N53<>"K5"),"R0 harus berpasangan dengan K5",IF(AND(I53="R1",N53<>"K4",N53<>"K5"),"R1 hanya dengan K4 atau K5",IF(AND(I53="R2",N53="K5"),"R2 tidak boleh K5",IF(AND(K53="P9",J53<>"T17"),"P9 hanya dengan T17",IF(AND(J53="T01",K53<>"P6",Q53=""),"Periksa T01-P6: jelaskan di V12",IF(AND(K53="P1",N53<>"K4",Q53=""),"Periksa P1-K4: jelaskan di V12",IF(AND(J53="T99",Q53=""),"Periksa T99: wajib isi V12","OK")))))))) -> Lengkapi V4-V9
A54: 54 | B54: =IF(Petunjuk!$C$4="","",Petunjuk!$C$4) | C54: UU 27 Thn 2022 (PDP) | D54: Ya | E54: Pasal 27 | F54: BAB VI KEWAJIBAN PENGENDALI DATA PRIBADI DAN PROSESOR DATA PRIBADI DALAM PEMROSESAN DATA PRIBADI | G54: Bagian Kedua Kewajiban Pengendali Data Pribadi | H54: Pengendali Data Pribadi wajib melakukan pemrosesan Data Pribadi secara terbatas dan spesifik, sah secara hukum, dan transparan. | R54: =IF(COUNTA(I54:N54)<6,"Lengkapi V4-V9",IF(AND(I54="R0",N54<>"K5"),"R0 harus berpasangan dengan K5",IF(AND(I54="R1",N54<>"K4",N54<>"K5"),"R1 hanya dengan K4 atau K5",IF(AND(I54="R2",N54="K5"),"R2 tidak boleh K5",IF(AND(K54="P9",J54<>"T17"),"P9 hanya dengan T17",IF(AND(J54="T01",K54<>"P6",Q54=""),"Periksa T01-P6: jelaskan di V12",IF(AND(K54="P1",N54<>"K4",Q54=""),"Periksa P1-K4: jelaskan di V12",IF(AND(J54="T99",Q54=""),"Periksa T99: wajib isi V12","OK")))))))) -> Lengkapi V4-V9
A55: 55 | B55: =IF(Petunjuk!$C$4="","",Petunjuk!$C$4) | C55: UU 27 Thn 2022 (PDP) | E55: Pasal 28 | F55: BAB VI KEWAJIBAN PENGENDALI DATA PRIBADI DAN PROSESOR DATA PRIBADI DALAM PEMROSESAN DATA PRIBADI | G55: Bagian Kedua Kewajiban Pengendali Data Pribadi | H55: Pengendali Data Pribadi wajib melakukan pemrosesan Data Pribadi sesuai dengan tujuan pemrosesan Data Pribadi. | R55: =IF(COUNTA(I55:N55)<6,"Lengkapi V4-V9",IF(AND(I55="R0",N55<>"K5"),"R0 harus berpasangan dengan K5",IF(AND(I55="R1",N55<>"K4",N55<>"K5"),"R1 hanya dengan K4 atau K5",IF(AND(I55="R2",N55="K5"),"R2 tidak boleh K5",IF(AND(K55="P9",J55<>"T17"),"P9 hanya dengan T17",IF(AND(J55="T01",K55<>"P6",Q55=""),"Periksa T01-P6: jelaskan di V12",IF(AND(K55="P1",N55<>"K4",Q55=""),"Periksa P1-K4: jelaskan di V12",IF(AND(J55="T99",Q55=""),"Periksa T99: wajib isi V12","OK")))))))) -> Lengkapi V4-V9
A56: 56 | B56: =IF(Petunjuk!$C$4="","",Petunjuk!$C$4) | C56: UU 27 Thn 2022 (PDP) | D56: Ya | E56: Pasal 29 | F56: BAB VI KEWAJIBAN PENGENDALI DATA PRIBADI DAN PROSESOR DATA PRIBADI DALAM PEMROSESAN DATA PRIBADI | G56: Bagian Kedua Kewajiban Pengendali Data Pribadi | H56: (1) Pengendali Data Pribadi wajib memastikan akurasi, kelengkapan, dan konsistensi Data Pribadi sesuai dengan ketentuan peraturan perundang-undangan.(2) Dalam memastikan akurasi, kelengkapan, dan konsistensi Data Pribadi sebagaimana dimaksud pada ayat (1) Pengendali Data Pribadi wajib melakukan verifikasi. | R56: =IF(COUNTA(I56:N56)<6,"Lengkapi V4-V9",IF(AND(I56="R0",N56<>"K5"),"R0 harus berpasangan dengan K5",IF(AND(I56="R1",N56<>"K4",N56<>"K5"),"R1 hanya dengan K4 atau K5",IF(AND(I56="R2",N56="K5"),"R2 tidak boleh K5",IF(AND(K56="P9",J56<>"T17"),"P9 hanya dengan T17",IF(AND(J56="T01",K56<>"P6",Q56=""),"Periksa T01-P6: jelaskan di V12",IF(AND(K56="P1",N56<>"K4",Q56=""),"Periksa P1-K4: jelaskan di V12",IF(AND(J56="T99",Q56=""),"Periksa T99: wajib isi V12","OK")))))))) -> Lengkapi V4-V9
A57: 57 | B57: =IF(Petunjuk!$C$4="","",Petunjuk!$C$4) | C57: UU 27 Thn 2022 (PDP) | E57: Pasal 30 | F57: BAB VI KEWAJIBAN PENGENDALI DATA PRIBADI DAN PROSESOR DATA PRIBADI DALAM PEMROSESAN DATA PRIBADI | G57: Bagian Kedua Kewajiban Pengendali Data Pribadi | H57: (1) Pengendali Data Pribadi wajib memperbarui dan/ atau memperbaiki kesalahan dan/atau ketidakakuratan Data Pribadi paling lambat 3 x 24 (tiga kali dua puluh empat) jam terhitung sejak Pengendali Data Pribadi menerima permintaan pembaruan dan/atau perbaikan Data Pribadi.(2) Pengendali Data Pribadi wajib memberitahukan hasil pembaruan dan/atau perbaikan Data Pribadi kepada Subjek Data Pribadi. | R57: =IF(COUNTA(I57:N57)<6,"Lengkapi V4-V9",IF(AND(I57="R0",N57<>"K5"),"R0 harus berpasangan dengan K5",IF(AND(I57="R1",N57<>"K4",N57<>"K5"),"R1 hanya dengan K4 atau K5",IF(AND(I57="R2",N57="K5"),"R2 tidak boleh K5",IF(AND(K57="P9",J57<>"T17"),"P9 hanya dengan T17",IF(AND(J57="T01",K57<>"P6",Q57=""),"Periksa T01-P6: jelaskan di V12",IF(AND(K57="P1",N57<>"K4",Q57=""),"Periksa P1-K4: jelaskan di V12",IF(AND(J57="T99",Q57=""),"Periksa T99: wajib isi V12","OK")))))))) -> Lengkapi V4-V9
A58: 58 | B58: =IF(Petunjuk!$C$4="","",Petunjuk!$C$4) | C58: UU 27 Thn 2022 (PDP) | E58: Pasal 31 | F58: BAB VI KEWAJIBAN PENGENDALI DATA PRIBADI DAN PROSESOR DATA PRIBADI DALAM PEMROSESAN DATA PRIBADI | G58: Bagian Kedua Kewajiban Pengendali Data Pribadi | H58: Pengendali Data Pribadi wajib melakukan perekaman terhadap seluruh kegiatan pemrosesan Data Pribadi. | R58: =IF(COUNTA(I58:N58)<6,"Lengkapi V4-V9",IF(AND(I58="R0",N58<>"K5"),"R0 harus berpasangan dengan K5",IF(AND(I58="R1",N58<>"K4",N58<>"K5"),"R1 hanya dengan K4 atau K5",IF(AND(I58="R2",N58="K5"),"R2 tidak boleh K5",IF(AND(K58="P9",J58<>"T17"),"P9 hanya dengan T17",IF(AND(J58="T01",K58<>"P6",Q58=""),"Periksa T01-P6: jelaskan di V12",IF(AND(K58="P1",N58<>"K4",Q58=""),"Periksa P1-K4: jelaskan di V12",IF(AND(J58="T99",Q58=""),"Periksa T99: wajib isi V12","OK")))))))) -> Lengkapi V4-V9
A59: 59 | B59: =IF(Petunjuk!$C$4="","",Petunjuk!$C$4) | C59: UU 27 Thn 2022 (PDP) | E59: Pasal 32 | F59: BAB VI KEWAJIBAN PENGENDALI DATA PRIBADI DAN PROSESOR DATA PRIBADI DALAM PEMROSESAN DATA PRIBADI | G59: Bagian Kedua Kewajiban Pengendali Data Pribadi | H59: (1) Pengendali Data Pribadi wajib memberikan akses kepada Subjek Data Pribadi terhadap Data Pribadi yang diproses beserta rekam jejak pemrosesan Data Pribadi sesuai dengan jangka waktu penyimpanan Data Pribadi.(2) Akses sebagaimana dimaksud pada ayat (1) diberikan paling lambat 3 x 24 (tiga kali dua puluh empat) jam terhitung sejak Pengendali Data Pribadi menerima permintaan akses. | R59: =IF(COUNTA(I59:N59)<6,"Lengkapi V4-V9",IF(AND(I59="R0",N59<>"K5"),"R0 harus berpasangan dengan K5",IF(AND(I59="R1",N59<>"K4",N59<>"K5"),"R1 hanya dengan K4 atau K5",IF(AND(I59="R2",N59="K5"),"R2 tidak boleh K5",IF(AND(K59="P9",J59<>"T17"),"P9 hanya dengan T17",IF(AND(J59="T01",K59<>"P6",Q59=""),"Periksa T01-P6: jelaskan di V12",IF(AND(K59="P1",N59<>"K4",Q59=""),"Periksa P1-K4: jelaskan di V12",IF(AND(J59="T99",Q59=""),"Periksa T99: wajib isi V12","OK")))))))) -> Lengkapi V4-V9
A60: 60 | B60: =IF(Petunjuk!$C$4="","",Petunjuk!$C$4) | C60: UU 27 Thn 2022 (PDP) | E60: Pasal 33 | F60: BAB VI KEWAJIBAN PENGENDALI DATA PRIBADI DAN PROSESOR DATA PRIBADI DALAM PEMROSESAN DATA PRIBADI | G60: Bagian Kedua Kewajiban Pengendali Data Pribadi | H60: Pengendali Data Pribadi wajib menolak memberikan akses perubahan terhadap Data Pribadi kepada Subjek Data Pribadi dalam hal:a. membahayakan keamanan, kesehatan fisik, atau kesehatan mental Subjek Data Pribadi dan/ atau orang lain; b. berdampak pada pengungkapan Data Pribadi milik orang lain; dan/ atau c. bertentangan dengan kepentingan pertahanan dan keamanan nasional. | R60: =IF(COUNTA(I60:N60)<6,"Lengkapi V4-V9",IF(AND(I60="R0",N60<>"K5"),"R0 harus berpasangan dengan K5",IF(AND(I60="R1",N60<>"K4",N60<>"K5"),"R1 hanya dengan K4 atau K5",IF(AND(I60="R2",N60="K5"),"R2 tidak boleh K5",IF(AND(K60="P9",J60<>"T17"),"P9 hanya dengan T17",IF(AND(J60="T01",K60<>"P6",Q60=""),"Periksa T01-P6: jelaskan di V12",IF(AND(K60="P1",N60<>"K4",Q60=""),"Periksa P1-K4: jelaskan di V12",IF(AND(J60="T99",Q60=""),"Periksa T99: wajib isi V12","OK")))))))) -> Lengkapi V4-V9
A61: 61 | B61: =IF(Petunjuk!$C$4="","",Petunjuk!$C$4) | C61: UU 27 Thn 2022 (PDP) | E61: Pasal 34 | F61: BAB VI KEWAJIBAN PENGENDALI DATA PRIBADI DAN PROSESOR DATA PRIBADI DALAM PEMROSESAN DATA PRIBADI | G61: Bagian Kedua Kewajiban Pengendali Data Pribadi | H61: (1) Pengendali Data Pribadi wajib melakukan penilaian dampak Pelindungan Data Pribadi dalam hal pemrosesan Data Pribadi memiliki potensi risiko tinggi terhadap Subjek Data Pribadi.(2) Pemrosesan Data Pribadi memiliki potensi risiko tinggi sebagaimana dimaksud pada ayat (1) meliputi:a. pengambilan keputusan secara otomatis yang memiliki akibat hukum atau dampak yang signifikan terhadap Subjek Data Pribadi; b. pemrosesan atas Data Pribadi yang bersifat spesifik; c. pemrosesan Data Pribadi dalam skala besar; d. pemrosesan Data Pribadi untuk kegiatan evaluasi, penskoran, atau pemantauan yang sistematis terhadap Subjek Data Pribadi; e. pemrosesan Data Pribadi untuk kegiatan pencocokan atau penggabungan sekelompok data; f. penggunaan teknologi baru dalam pemrosesan Data Pribadi; dan/ atau g. pemrosesan Data Pribadi yang membatasi pelaksanaan hak Subjek Data Pribadi.(3) Ketentuan lebih lanjut mengenai penilaian dampak Pelindungan Data Pribadi diatur dalam Peraturan Pemerintah. | R61: =IF(COUNTA(I61:N61)<6,"Lengkapi V4-V9",IF(AND(I61="R0",N61<>"K5"),"R0 harus berpasangan dengan K5",IF(AND(I61="R1",N61<>"K4",N61<>"K5"),"R1 hanya dengan K4 atau K5",IF(AND(I61="R2",N61="K5"),"R2 tidak boleh K5",IF(AND(K61="P9",J61<>"T17"),"P9 hanya dengan T17",IF(AND(J61="T01",K61<>"P6",Q61=""),"Periksa T01-P6: jelaskan di V12",IF(AND(K61="P1",N61<>"K4",Q61=""),"Periksa P1-K4: jelaskan di V12",IF(AND(J61="T99",Q61=""),"Periksa T99: wajib isi V12","OK")))))))) -> Lengkapi V4-V9
A62: 62 | B62: =IF(Petunjuk!$C$4="","",Petunjuk!$C$4) | C62: UU 27 Thn 2022 (PDP) | E62: Pasal 35 | F62: BAB VI KEWAJIBAN PENGENDALI DATA PRIBADI DAN PROSESOR DATA PRIBADI DALAM PEMROSESAN DATA PRIBADI | G62: Bagian Kedua Kewajiban Pengendali Data Pribadi | H62: Pengendali Data Pribadi wajib melindungi dan memastikan keamanan Data Pribadi yang diprosesnya, dengan melakukan:a. penyusunan dan penerapan langkah teknis operasional untuk melindungi Data Pribadi dari gangguan pemrosesan Data Pribadi yang bertentangan dengan ketentuan peraturan perundang-undangan; dan b. penentuan tingkat keamanan Data Pribadi dengan memperhatikan sifat dan risiko dari Data Pribadi yang harus dilindungi dalam pemrosesan Data Pribadi. | R62: =IF(COUNTA(I62:N62)<6,"Lengkapi V4-V9",IF(AND(I62="R0",N62<>"K5"),"R0 harus berpasangan dengan K5",IF(AND(I62="R1",N62<>"K4",N62<>"K5"),"R1 hanya dengan K4 atau K5",IF(AND(I62="R2",N62="K5"),"R2 tidak boleh K5",IF(AND(K62="P9",J62<>"T17"),"P9 hanya dengan T17",IF(AND(J62="T01",K62<>"P6",Q62=""),"Periksa T01-P6: jelaskan di V12",IF(AND(K62="P1",N62<>"K4",Q62=""),"Periksa P1-K4: jelaskan di V12",IF(AND(J62="T99",Q62=""),"Periksa T99: wajib isi V12","OK")))))))) -> Lengkapi V4-V9
A63: 63 | B63: =IF(Petunjuk!$C$4="","",Petunjuk!$C$4) | C63: UU 27 Thn 2022 (PDP) | E63: Pasal 36 | F63: BAB VI KEWAJIBAN PENGENDALI DATA PRIBADI DAN PROSESOR DATA PRIBADI DALAM PEMROSESAN DATA PRIBADI | G63: Bagian Kedua Kewajiban Pengendali Data Pribadi | H63: Dalam melakukan pemrosesan Data Pribadi, Pengendali Data Pribadi wajib menjaga kerahasiaan Data Pribadi. | R63: =IF(COUNTA(I63:N63)<6,"Lengkapi V4-V9",IF(AND(I63="R0",N63<>"K5"),"R0 harus berpasangan dengan K5",IF(AND(I63="R1",N63<>"K4",N63<>"K5"),"R1 hanya dengan K4 atau K5",IF(AND(I63="R2",N63="K5"),"R2 tidak boleh K5",IF(AND(K63="P9",J63<>"T17"),"P9 hanya dengan T17",IF(AND(J63="T01",K63<>"P6",Q63=""),"Periksa T01-P6: jelaskan di V12",IF(AND(K63="P1",N63<>"K4",Q63=""),"Periksa P1-K4: jelaskan di V12",IF(AND(J63="T99",Q63=""),"Periksa T99: wajib isi V12","OK")))))))) -> Lengkapi V4-V9
A64: 64 | B64: =IF(Petunjuk!$C$4="","",Petunjuk!$C$4) | C64: UU 27 Thn 2022 (PDP) | E64: Pasal 37 | F64: BAB VI KEWAJIBAN PENGENDALI DATA PRIBADI DAN PROSESOR DATA PRIBADI DALAM PEMROSESAN DATA PRIBADI | G64: Bagian Kedua Kewajiban Pengendali Data Pribadi | H64: Pengendali Data Pribadi wajib melakukan pengawasan terhadap setiap pihak yang terlibat dalam pemrosesan Data Pribadi di bawah kendali Pengendali Data Pribadi. | R64: =IF(COUNTA(I64:N64)<6,"Lengkapi V4-V9",IF(AND(I64="R0",N64<>"K5"),"R0 harus berpasangan dengan K5",IF(AND(I64="R1",N64<>"K4",N64<>"K5"),"R1 hanya dengan K4 atau K5",IF(AND(I64="R2",N64="K5"),"R2 tidak boleh K5",IF(AND(K64="P9",J64<>"T17"),"P9 hanya dengan T17",IF(AND(J64="T01",K64<>"P6",Q64=""),"Periksa T01-P6: jelaskan di V12",IF(AND(K64="P1",N64<>"K4",Q64=""),"Periksa P1-K4: jelaskan di V12",IF(AND(J64="T99",Q64=""),"Periksa T99: wajib isi V12","OK")))))))) -> Lengkapi V4-V9
A65: 65 | B65: =IF(Petunjuk!$C$4="","",Petunjuk!$C$4) | C65: UU 27 Thn 2022 (PDP) | E65: Pasal 38 | F65: BAB VI KEWAJIBAN PENGENDALI DATA PRIBADI DAN PROSESOR DATA PRIBADI DALAM PEMROSESAN DATA PRIBADI | G65: Bagian Kedua Kewajiban Pengendali Data Pribadi | H65: Pengendali Data Pribadi wajib melindungi Data Pribadi dari pemrosesan yang tidak sah. | R65: =IF(COUNTA(I65:N65)<6,"Lengkapi V4-V9",IF(AND(I65="R0",N65<>"K5"),"R0 harus berpasangan dengan K5",IF(AND(I65="R1",N65<>"K4",N65<>"K5"),"R1 hanya dengan K4 atau K5",IF(AND(I65="R2",N65="K5"),"R2 tidak boleh K5",IF(AND(K65="P9",J65<>"T17"),"P9 hanya dengan T17",IF(AND(J65="T01",K65<>"P6",Q65=""),"Periksa T01-P6: jelaskan di V12",IF(AND(K65="P1",N65<>"K4",Q65=""),"Periksa P1-K4: jelaskan di V12",IF(AND(J65="T99",Q65=""),"Periksa T99: wajib isi V12","OK")))))))) -> Lengkapi V4-V9
A66: 66 | B66: =IF(Petunjuk!$C$4="","",Petunjuk!$C$4) | C66: UU 27 Thn 2022 (PDP) | E66: Pasal 39 | F66: BAB VI KEWAJIBAN PENGENDALI DATA PRIBADI DAN PROSESOR DATA PRIBADI DALAM PEMROSESAN DATA PRIBADI | G66: Bagian Kedua Kewajiban Pengendali Data Pribadi | H66: (1) Pengendali Data Pribadi wajib mencegah Data Pribadi diakses secara tidak sah.(2) Pencegahan sebagaimana dimaksud pada ayat (1) dilakukan dengan sistem keamanan terhadap Data Pribadi yang diproses dan/ atau sistem memproses Data Pribadi elektronik secara andal, aman, dan bertanggung jawab.(3) Pencegahan sebagaimana dimaksud pada ayat (2) dilakukan sesuai dengan ketentuan peraturan perundang-undangan. | R66: =IF(COUNTA(I66:N66)<6,"Lengkapi V4-V9",IF(AND(I66="R0",N66<>"K5"),"R0 harus berpasangan dengan K5",IF(AND(I66="R1",N66<>"K4",N66<>"K5"),"R1 hanya dengan K4 atau K5",IF(AND(I66="R2",N66="K5"),"R2 tidak boleh K5",IF(AND(K66="P9",J66<>"T17"),"P9 hanya dengan T17",IF(AND(J66="T01",K66<>"P6",Q66=""),"Periksa T01-P6: jelaskan di V12",IF(AND(K66="P1",N66<>"K4",Q66=""),"Periksa P1-K4: jelaskan di V12",IF(AND(J66="T99",Q66=""),"Periksa T99: wajib isi V12","OK")))))))) -> Lengkapi V4-V9
A67: 67 | B67: =IF(Petunjuk!$C$4="","",Petunjuk!$C$4) | C67: UU 27 Thn 2022 (PDP) | E67: Pasal 40 | F67: BAB VI KEWAJIBAN PENGENDALI DATA PRIBADI DAN PROSESOR DATA PRIBADI DALAM PEMROSESAN DATA PRIBADI | G67: Bagian Kedua Kewajiban Pengendali Data Pribadi | H67: (1) Pengendali Data Pribadi wajib menghentikan pemrosesan Data Pribadi dalam hal Subjek Data Pribadi menarik kembali persetujuan pemrosesan Data Pribadi.(2) Penghentian pemrosesan Data Pribadi sebagaimana dimaksud pada ayat (1) dilakukan paling lambat 3 x 24 (tiga kali dua puluh empat) jam terhitung sejak Pengendali Data Pribadi menerima permintaan penarikan kembali persetujuan pemrosesan Data Pribadi. | R67: =IF(COUNTA(I67:N67)<6,"Lengkapi V4-V9",IF(AND(I67="R0",N67<>"K5"),"R0 harus berpasangan dengan K5",IF(AND(I67="R1",N67<>"K4",N67<>"K5"),"R1 hanya dengan K4 atau K5",IF(AND(I67="R2",N67="K5"),"R2 tidak boleh K5",IF(AND(K67="P9",J67<>"T17"),"P9 hanya dengan T17",IF(AND(J67="T01",K67<>"P6",Q67=""),"Periksa T01-P6: jelaskan di V12",IF(AND(K67="P1",N67<>"K4",Q67=""),"Periksa P1-K4: jelaskan di V12",IF(AND(J67="T99",Q67=""),"Periksa T99: wajib isi V12","OK")))))))) -> Lengkapi V4-V9
A68: 68 | B68: =IF(Petunjuk!$C$4="","",Petunjuk!$C$4) | C68: UU 27 Thn 2022 (PDP) | E68: Pasal 41 | F68: BAB VI KEWAJIBAN PENGENDALI DATA PRIBADI DAN PROSESOR DATA PRIBADI DALAM PEMROSESAN DATA PRIBADI | G68: Bagian Kedua Kewajiban Pengendali Data Pribadi | H68: (1) Pengendali Data Pribadi wajib melakukan penundaan dan pembatasan pemrosesan Data Pribadi baik sebagian maupun seluruhnya paling lambat 3 x 24 (tiga kali dua puluh empat) jam terhitung sejak Pengendali Data Pribadi menerima permintaan penundaan dan pembatasan pemrosesan Data Pribadi.(2) Penundaan dan pembatasan pemrosesan Data Pribadi sebagaimana dimaksud pada ayat (1) dikecualikan dalam hal:a terdapat ketentuan peraturan perundang-undangan yang tidak memungkinkan dilakukan penundaan dan pembatasan pemrosesan Data Pribadi; b. dapat membahayakan keselamatan pihak lain; dan/atau c. Subjek Data Pribadi terikat perjanjian tertulis dengan Pengendali Data Pribadi yang tidak memungkinkan dilakukan dan pembatasan pemrosesan Data Pribadi.(3) Pengendali Data Pribadi wajib memberitahukan telah dilaksanakan penundaan dan pembatasan pemrosesan Data Pribadi kepada Subjek Data Pribadi. | R68: =IF(COUNTA(I68:N68)<6,"Lengkapi V4-V9",IF(AND(I68="R0",N68<>"K5"),"R0 harus berpasangan dengan K5",IF(AND(I68="R1",N68<>"K4",N68<>"K5"),"R1 hanya dengan K4 atau K5",IF(AND(I68="R2",N68="K5"),"R2 tidak boleh K5",IF(AND(K68="P9",J68<>"T17"),"P9 hanya dengan T17",IF(AND(J68="T01",K68<>"P6",Q68=""),"Periksa T01-P6: jelaskan di V12",IF(AND(K68="P1",N68<>"K4",Q68=""),"Periksa P1-K4: jelaskan di V12",IF(AND(J68="T99",Q68=""),"Periksa T99: wajib isi V12","OK")))))))) -> Lengkapi V4-V9
A69: 69 | B69: =IF(Petunjuk!$C$4="","",Petunjuk!$C$4) | C69: UU 27 Thn 2022 (PDP) | E69: Pasal 42 | F69: BAB VI KEWAJIBAN PENGENDALI DATA PRIBADI DAN PROSESOR DATA PRIBADI DALAM PEMROSESAN DATA PRIBADI | G69: Bagian Kedua Kewajiban Pengendali Data Pribadi | H69: (1) Pengendali Data Pribadi wajib mengakhiri pemrosesan Data Pribadi dalam hal: a. telah mencapai masa retensi; b. tujuan pemrosesan Data Pribadi telah tercapai; atau c. terdapat permintaan dari Subjek Data Pribadi.(2) Pengakhiran pemrosesan Data Pribadi sebagaimana dimaksud pada ayat (1) dilakukan sesuai dengan ketentuan peraturan perundang-undangan. | R69: =IF(COUNTA(I69:N69)<6,"Lengkapi V4-V9",IF(AND(I69="R0",N69<>"K5"),"R0 harus berpasangan dengan K5",IF(AND(I69="R1",N69<>"K4",N69<>"K5"),"R1 hanya dengan K4 atau K5",IF(AND(I69="R2",N69="K5"),"R2 tidak boleh K5",IF(AND(K69="P9",J69<>"T17"),"P9 hanya dengan T17",IF(AND(J69="T01",K69<>"P6",Q69=""),"Periksa T01-P6: jelaskan di V12",IF(AND(K69="P1",N69<>"K4",Q69=""),"Periksa P1-K4: jelaskan di V12",IF(AND(J69="T99",Q69=""),"Periksa T99: wajib isi V12","OK")))))))) -> Lengkapi V4-V9
A70: 70 | B70: =IF(Petunjuk!$C$4="","",Petunjuk!$C$4) | C70: UU 27 Thn 2022 (PDP) | D70: Ya | E70: Pasal 43 | F70: BAB VI KEWAJIBAN PENGENDALI DATA PRIBADI DAN PROSESOR DATA PRIBADI DALAM PEMROSESAN DATA PRIBADI | G70: Bagian Kedua Kewajiban Pengendali Data Pribadi | H70: (1) Pengendali Data Pribadi wajib menghapus Data Pribadi dalam hal:a. Data Pribadi tidak lagi diperlukan untuk pencapaian tujuan pemrosesan Data Pribadi; b. Subjek Data Pribadi telah melakukan penarikan kembali persetujuan pemrosesan Data Pribadi; c. terdapat permintaan dari Subjek Data Pribadi; atau d. Data Pribadi diperoleh dan/ atau diproses dengan cara melawan hukum.(2) Data Pribadi sebagaimana dimaksud pada ayat (1) dilakukan sesuai dengan ketentuan peraturan perundang-undangan. | R70: =IF(COUNTA(I70:N70)<6,"Lengkapi V4-V9",IF(AND(I70="R0",N70<>"K5"),"R0 harus berpasangan dengan K5",IF(AND(I70="R1",N70<>"K4",N70<>"K5"),"R1 hanya dengan K4 atau K5",IF(AND(I70="R2",N70="K5"),"R2 tidak boleh K5",IF(AND(K70="P9",J70<>"T17"),"P9 hanya dengan T17",IF(AND(J70="T01",K70<>"P6",Q70=""),"Periksa T01-P6: jelaskan di V12",IF(AND(K70="P1",N70<>"K4",Q70=""),"Periksa P1-K4: jelaskan di V12",IF(AND(J70="T99",Q70=""),"Periksa T99: wajib isi V12","OK")))))))) -> Lengkapi V4-V9
A71: 71 | B71: =IF(Petunjuk!$C$4="","",Petunjuk!$C$4) | C71: UU 27 Thn 2022 (PDP) | E71: Pasal 44 | F71: BAB VI KEWAJIBAN PENGENDALI DATA PRIBADI DAN PROSESOR DATA PRIBADI DALAM PEMROSESAN DATA PRIBADI | G71: Bagian Kedua Kewajiban Pengendali Data Pribadi | H71: (1) Pengendali Data Pribadi wajib memusnahkan Data Pribadi dalam hal:a. telah habis masa retensinya dan berketerangan dimusnahkan berdasarkan jadwal retensi arsip;b. terdapat permintaan dari Subjek Data Pribadi; c. tidak berkaitan dengan penyelesaian proses hukum suatu perkara; dan/ atau d. Data Pribadi diperoleh dan/ atau diproses dengan cara melawan hukum. (2) Pemusnahan Data Pribadi sebagaimana dimaksud pada ayat (1) dilakukan sesuai dengan ketentuan peraturan perundang-undangan. | R71: =IF(COUNTA(I71:N71)<6,"Lengkapi V4-V9",IF(AND(I71="R0",N71<>"K5"),"R0 harus berpasangan dengan K5",IF(AND(I71="R1",N71<>"K4",N71<>"K5"),"R1 hanya dengan K4 atau K5",IF(AND(I71="R2",N71="K5"),"R2 tidak boleh K5",IF(AND(K71="P9",J71<>"T17"),"P9 hanya dengan T17",IF(AND(J71="T01",K71<>"P6",Q71=""),"Periksa T01-P6: jelaskan di V12",IF(AND(K71="P1",N71<>"K4",Q71=""),"Periksa P1-K4: jelaskan di V12",IF(AND(J71="T99",Q71=""),"Periksa T99: wajib isi V12","OK")))))))) -> Lengkapi V4-V9
A72: 72 | B72: =IF(Petunjuk!$C$4="","",Petunjuk!$C$4) | C72: UU 27 Thn 2022 (PDP) | E72: Pasal 45 | F72: BAB VI KEWAJIBAN PENGENDALI DATA PRIBADI DAN PROSESOR DATA PRIBADI DALAM PEMROSESAN DATA PRIBADI | G72: Bagian Kedua Kewajiban Pengendali Data Pribadi | H72: Pengendali Data Pribadi wajib memberitahukan penghapusan dan/atau pemusnahan Data Pribadi kepada Subjek Data Pribadi. | R72: =IF(COUNTA(I72:N72)<6,"Lengkapi V4-V9",IF(AND(I72="R0",N72<>"K5"),"R0 harus berpasangan dengan K5",IF(AND(I72="R1",N72<>"K4",N72<>"K5"),"R1 hanya dengan K4 atau K5",IF(AND(I72="R2",N72="K5"),"R2 tidak boleh K5",IF(AND(K72="P9",J72<>"T17"),"P9 hanya dengan T17",IF(AND(J72="T01",K72<>"P6",Q72=""),"Periksa T01-P6: jelaskan di V12",IF(AND(K72="P1",N72<>"K4",Q72=""),"Periksa P1-K4: jelaskan di V12",IF(AND(J72="T99",Q72=""),"Periksa T99: wajib isi V12","OK")))))))) -> Lengkapi V4-V9
A73: 73 | B73: =IF(Petunjuk!$C$4="","",Petunjuk!$C$4) | C73: UU 27 Thn 2022 (PDP) | E73: Pasal 46 | F73: BAB VI KEWAJIBAN PENGENDALI DATA PRIBADI DAN PROSESOR DATA PRIBADI DALAM PEMROSESAN DATA PRIBADI | G73: Bagian Kedua Kewajiban Pengendali Data Pribadi | H73: (1) Dalam hal terjadi kegagalan Pelindungan Data Pribadi, Pengendali Data Pribadi wajib pemberitahuan secara tertulis paling lambat 3 x 24 (tiga kali dua puluh empat) jam kepada:a. Subjek Data Pribadi; dan b. lembaga.(2) Pemberitahuan tertulis sebagaimana dimaksud pada ayat (1) minimal memuat:a. Data Pribadi yang terungkap; b. kapan dan bagaimana Data Pribadi terungkap; dan c. upaya penanganan dan pemulihan atas terungkapnya Data Pribadi oleh Pengendali Data Pribadi. (3) Dalam hal tertentu, Pengendali Data Pribadi wajib memberitahukan kepada masyarakat mengenai kegagalan Pelindungan Data Pribadi. | R73: =IF(COUNTA(I73:N73)<6,"Lengkapi V4-V9",IF(AND(I73="R0",N73<>"K5"),"R0 harus berpasangan dengan K5",IF(AND(I73="R1",N73<>"K4",N73<>"K5"),"R1 hanya dengan K4 atau K5",IF(AND(I73="R2",N73="K5"),"R2 tidak boleh K5",IF(AND(K73="P9",J73<>"T17"),"P9 hanya dengan T17",IF(AND(J73="T01",K73<>"P6",Q73=""),"Periksa T01-P6: jelaskan di V12",IF(AND(K73="P1",N73<>"K4",Q73=""),"Periksa P1-K4: jelaskan di V12",IF(AND(J73="T99",Q73=""),"Periksa T99: wajib isi V12","OK")))))))) -> Lengkapi V4-V9
A74: 74 | B74: =IF(Petunjuk!$C$4="","",Petunjuk!$C$4) | C74: UU 27 Thn 2022 (PDP) | E74: Pasal 47 | F74: BAB VI KEWAJIBAN PENGENDALI DATA PRIBADI DAN PROSESOR DATA PRIBADI DALAM PEMROSESAN DATA PRIBADI | G74: Bagian Kedua Kewajiban Pengendali Data Pribadi | H74: Pengendali Data Pribadi wajib bertanggung jawab atas pemrosesan Data Pribadi dan menunjukkan pertanggungjawaban dalam pemenuhan kewajiban pelaksanaan prinsip Pelindungan Data Pribadi. | R74: =IF(COUNTA(I74:N74)<6,"Lengkapi V4-V9",IF(AND(I74="R0",N74<>"K5"),"R0 harus berpasangan dengan K5",IF(AND(I74="R1",N74<>"K4",N74<>"K5"),"R1 hanya dengan K4 atau K5",IF(AND(I74="R2",N74="K5"),"R2 tidak boleh K5",IF(AND(K74="P9",J74<>"T17"),"P9 hanya dengan T17",IF(AND(J74="T01",K74<>"P6",Q74=""),"Periksa T01-P6: jelaskan di V12",IF(AND(K74="P1",N74<>"K4",Q74=""),"Periksa P1-K4: jelaskan di V12",IF(AND(J74="T99",Q74=""),"Periksa T99: wajib isi V12","OK")))))))) -> Lengkapi V4-V9
A75: 75 | B75: =IF(Petunjuk!$C$4="","",Petunjuk!$C$4) | C75: UU 27 Thn 2022 (PDP) | E75: Pasal 48 | F75: BAB VI KEWAJIBAN PENGENDALI DATA PRIBADI DAN PROSESOR DATA PRIBADI DALAM PEMROSESAN DATA PRIBADI | G75: Bagian Kedua Kewajiban Pengendali Data Pribadi | H75: (1) Pengendali Data Pribadi berbentuk badan hukum yang melakukan penggabungan, pemisahan, pengambilalihan, peleburan, atau pembubaran badan hukum wajib menyampaikan pemberitahuan pengalihan Data Pribadi kepada Subjek Data Pribadi.(2) Pemberitahuan pengalihan Data Pribadi sebagaimana dimaksud pada ayat (1) dilakukan sebelum dan sesudah penggabungan, pemisahan, pengambilalihan, peleburan, atau pembubaran badan hukum.(3) Dalam hal Pengendali Data Pribadi berbentuk badan hukum melakukan pembubaran atau dibubarkan, penyimpanan, pentransferan, penghapusan, atau pemusnahan Data Pribadi dilaksanakan sesuai dengan ketentuan peraturan perundang-undangan.(4) Penyimpanan, pentransferan, penghapusan, atau pemusnahan Data Pribadi sebagaimana dimaksud pada ayat (3) diberitahukan kepada Subjek Data Pribadi.(5) Ketentuan lebih lanjut mengenai tata cara pemberitahuan sebagaimana dimaksud pada ayat (1), ayat (2), dan ayat (4) diatur dalam Peraturan Pemerintah. | R75: =IF(COUNTA(I75:N75)<6,"Lengkapi V4-V9",IF(AND(I75="R0",N75<>"K5"),"R0 harus berpasangan dengan K5",IF(AND(I75="R1",N75<>"K4",N75<>"K5"),"R1 hanya dengan K4 atau K5",IF(AND(I75="R2",N75="K5"),"R2 tidak boleh K5",IF(AND(K75="P9",J75<>"T17"),"P9 hanya dengan T17",IF(AND(J75="T01",K75<>"P6",Q75=""),"Periksa T01-P6: jelaskan di V12",IF(AND(K75="P1",N75<>"K4",Q75=""),"Periksa P1-K4: jelaskan di V12",IF(AND(J75="T99",Q75=""),"Periksa T99: wajib isi V12","OK")))))))) -> Lengkapi V4-V9
A76: 76 | B76: =IF(Petunjuk!$C$4="","",Petunjuk!$C$4) | C76: UU 27 Thn 2022 (PDP) | E76: Pasal 49 | F76: BAB VI KEWAJIBAN PENGENDALI DATA PRIBADI DAN PROSESOR DATA PRIBADI DALAM PEMROSESAN DATA PRIBADI | G76: Bagian Kedua Kewajiban Pengendali Data Pribadi | H76: Pengendali Data Pribadi dan/ atau Prosesor Data Pribadi wajib melaksanakan perintah lembaga dalam rangka penyelenggaraan Pelindungan Data Pribadi sesuai dengan Undang-Undang ini. | R76: =IF(COUNTA(I76:N76)<6,"Lengkapi V4-V9",IF(AND(I76="R0",N76<>"K5"),"R0 harus berpasangan dengan K5",IF(AND(I76="R1",N76<>"K4",N76<>"K5"),"R1 hanya dengan K4 atau K5",IF(AND(I76="R2",N76="K5"),"R2 tidak boleh K5",IF(AND(K76="P9",J76<>"T17"),"P9 hanya dengan T17",IF(AND(J76="T01",K76<>"P6",Q76=""),"Periksa T01-P6: jelaskan di V12",IF(AND(K76="P1",N76<>"K4",Q76=""),"Periksa P1-K4: jelaskan di V12",IF(AND(J76="T99",Q76=""),"Periksa T99: wajib isi V12","OK")))))))) -> Lengkapi V4-V9
A77: 77 | B77: =IF(Petunjuk!$C$4="","",Petunjuk!$C$4) | C77: UU 27 Thn 2022 (PDP) | E77: Pasal 50 | F77: BAB VI KEWAJIBAN PENGENDALI DATA PRIBADI DAN PROSESOR DATA PRIBADI DALAM PEMROSESAN DATA PRIBADI | G77: Bagian Kedua Kewajiban Pengendali Data Pribadi | H77: (1) Kewajiban Pengendali Data Pribadi sebagaimana dimaksud dalam Pasal 30, Pasal 32, Pasal 36, Pasal 42, Pasal 43 ayat (1) huruf a sampai dengan huruf c, Pasal 44 ayat (1) huruf b, Pasal 45, dan Pasal 46 ayat (1) huruf a, dikecualikan untuk:a. kepentingan pertahanan dan keamanan nasional; b. kepentingan proses penegakan hukum; c. kepentingan umum dalam rangka negara; atau d. kepentingan pengawasan sektor jasa keuangan, moneter, sistem pembayaran, dan stabilitas sistem keuangan yang dilakukan dalam rangka penyelenggaraan negara. (2) Pengecualian sebagaimana dimaksud pada ayat (1) dilaksanakan hanya dalam rangka pelaksanaan ketentuan Undang-Undang. | R77: =IF(COUNTA(I77:N77)<6,"Lengkapi V4-V9",IF(AND(I77="R0",N77<>"K5"),"R0 harus berpasangan dengan K5",IF(AND(I77="R1",N77<>"K4",N77<>"K5"),"R1 hanya dengan K4 atau K5",IF(AND(I77="R2",N77="K5"),"R2 tidak boleh K5",IF(AND(K77="P9",J77<>"T17"),"P9 hanya dengan T17",IF(AND(J77="T01",K77<>"P6",Q77=""),"Periksa T01-P6: jelaskan di V12",IF(AND(K77="P1",N77<>"K4",Q77=""),"Periksa P1-K4: jelaskan di V12",IF(AND(J77="T99",Q77=""),"Periksa T99: wajib isi V12","OK")))))))) -> Lengkapi V4-V9
A78: 78 | B78: =IF(Petunjuk!$C$4="","",Petunjuk!$C$4) | C78: UU 27 Thn 2022 (PDP) | E78: Pasal 51 | F78: BAB VI KEWAJIBAN PENGENDALI DATA PRIBADI DAN PROSESOR DATA PRIBADI DALAM PEMROSESAN DATA PRIBADI | G78: Bagian Ketiga Kewajiban Prosesor Data Pribadi | H78: (1) Dalam hal Pengendali Data Pribadi menunjuk Prosesor Data Pribadi, Prosesor Data Pribadi wajib melakukan pemrosesan Data Pribadi berdasarkan perintah Pengendali Data Pribadi.(2) Pemrosesan Data Pribadi sebagaimana dimaksud pada ayat (1), dilaksanakan sesuai ketentuan yang diatur dalam Undang-Undang ini.(3) Pemrosesan Data Pribadi sebagaimana dimaksud pada ayat (1) termasuk dalam tanggung jawab Pengendali Data Pribadi.(4) Prosesor Data Pribadi dapat melibatkan Prosesor Data Pribadi lain dalam melakukan pemrosesan Data Pribadi.(5) Prosesor Data Pribadi wajib mendapatkan persetُujuan tertulis dari Pengendali Data Pribadi sebelum melibatkan Prosesor Data Pribadi lain sebagaimana dimaksud pada ayat (4).(6) Dalam hal Prosesor Data Pribadi melakukan pemrosesan Data Pribadi di luar perintah dan tujuan yang ditetapkan Pengendali Data Pribadi, pemrosesan Data Pribadi menjadi tanggung jawab Prosesor Data Pribadi. | R78: =IF(COUNTA(I78:N78)<6,"Lengkapi V4-V9",IF(AND(I78="R0",N78<>"K5"),"R0 harus berpasangan dengan K5",IF(AND(I78="R1",N78<>"K4",N78<>"K5"),"R1 hanya dengan K4 atau K5",IF(AND(I78="R2",N78="K5"),"R2 tidak boleh K5",IF(AND(K78="P9",J78<>"T17"),"P9 hanya dengan T17",IF(AND(J78="T01",K78<>"P6",Q78=""),"Periksa T01-P6: jelaskan di V12",IF(AND(K78="P1",N78<>"K4",Q78=""),"Periksa P1-K4: jelaskan di V12",IF(AND(J78="T99",Q78=""),"Periksa T99: wajib isi V12","OK")))))))) -> Lengkapi V4-V9
A79: 79 | B79: =IF(Petunjuk!$C$4="","",Petunjuk!$C$4) | C79: UU 27 Thn 2022 (PDP) | D79: Ya | E79: Pasal 52 | F79: BAB VI KEWAJIBAN PENGENDALI DATA PRIBADI DAN PROSESOR DATA PRIBADI DALAM PEMROSESAN DATA PRIBADI | G79: Bagian Ketiga Kewajiban Prosesor Data Pribadi | H79: Ketentuan mengenai kewajiban Pengendali Data Pribadi sebagaimana dimaksud dalam Pasal 29, Pasal 31, Pasal 35, Pasal 36, Pasal 37, Pasal 38, dan Pasal 39 berlaku juga terhadap Prosesor Data Pribadi. | R79: =IF(COUNTA(I79:N79)<6,"Lengkapi V4-V9",IF(AND(I79="R0",N79<>"K5"),"R0 harus berpasangan dengan K5",IF(AND(I79="R1",N79<>"K4",N79<>"K5"),"R1 hanya dengan K4 atau K5",IF(AND(I79="R2",N79="K5"),"R2 tidak boleh K5",IF(AND(K79="P9",J79<>"T17"),"P9 hanya dengan T17",IF(AND(J79="T01",K79<>"P6",Q79=""),"Periksa T01-P6: jelaskan di V12",IF(AND(K79="P1",N79<>"K4",Q79=""),"Periksa P1-K4: jelaskan di V12",IF(AND(J79="T99",Q79=""),"Periksa T99: wajib isi V12","OK")))))))) -> Lengkapi V4-V9
A80: 80 | B80: =IF(Petunjuk!$C$4="","",Petunjuk!$C$4) | C80: UU 27 Thn 2022 (PDP) | E80: Pasal 53 | F80: BAB VI KEWAJIBAN PENGENDALI DATA PRIBADI DAN PROSESOR DATA PRIBADI DALAM PEMROSESAN DATA PRIBADI | G80: Bagian Keempat Pejabat atau Petugas yang Melaksanakan Fungsi Pelindungan Data Pribadi | H80: (1) Pengendali Data Pribadi dan Prosesor Data Pribadi wajib menunjuk pejabat atau petugas yang melaksanakan fungsi Pelindungan Data Pribadi dalam hal:a. pemrosesan Data Pribadi untuk kepentingan pelayanan publik;b. kegiatan inti Pengendali Data Pribadi memiliki sifat, ruang lingkup, dan/ atau tujuan yang memerlukan pemantauan secara teratur dan sistematis atas Data Pribadi dengan skala besar; danc. kegiatan inti Pengendali Data Pribadi terdiri dari pemrosesan Data Pribadi dalam skala besar untuk Data Pribadi yang bersifat spesifik dan/ atau Data Pribadi yang berkaitan dengan tindak pidana.(2) Pejabat atau petugas yang melaksanakan fungsi Pelindungan Data Pribadi sebagaimana dimaksud pada ayat (1) ditunjuk berdasarkan profesionalitas, pengetahuan mengenai hukum, praktik Pelindungan Data Pribadi, dan kemampuan untuk memenuhi tugas-tugasnya.(3). Pejabat atau petugas yang melaksanakan fungsi Pelindungan Data Pribadi sebagaimana dimaksud pada ayat (2) dapat berasal dari dalam dan/ atau luar Pengendali Data Pribadi atau Prosesor Data Pribadi. | R80: =IF(COUNTA(I80:N80)<6,"Lengkapi V4-V9",IF(AND(I80="R0",N80<>"K5"),"R0 harus berpasangan dengan K5",IF(AND(I80="R1",N80<>"K4",N80<>"K5"),"R1 hanya dengan K4 atau K5",IF(AND(I80="R2",N80="K5"),"R2 tidak boleh K5",IF(AND(K80="P9",J80<>"T17"),"P9 hanya dengan T17",IF(AND(J80="T01",K80<>"P6",Q80=""),"Periksa T01-P6: jelaskan di V12",IF(AND(K80="P1",N80<>"K4",Q80=""),"Periksa P1-K4: jelaskan di V12",IF(AND(J80="T99",Q80=""),"Periksa T99: wajib isi V12","OK")))))))) -> Lengkapi V4-V9
A81: 81 | B81: =IF(Petunjuk!$C$4="","",Petunjuk!$C$4) | C81: UU 27 Thn 2022 (PDP) | D81: Ya | E81: Pasal 55 | F81: BAB VII TRANSFER DATA PRIBADI | G81: Bagian Kesatu Transfer Data Pribadi Dalam Wilayah Hukum Negara Republik Indonesia | H81: (1) Pengendali Data Pribadi dapat melakukan transfer Data Pribadi kepada Pengendali Data Pribadi lainnya dalam wilayah hukum Negara Republik Indonesia.(2) Pengendali Data Pribadi yang melakukan transfer Data Pribadi dan yang menerima transfer Data Pribadi wajib melakukan Pelindungan Data Pribadi sebagaimana dimaksud dalam Undang-Undang ini. | R81: =IF(COUNTA(I81:N81)<6,"Lengkapi V4-V9",IF(AND(I81="R0",N81<>"K5"),"R0 harus berpasangan dengan K5",IF(AND(I81="R1",N81<>"K4",N81<>"K5"),"R1 hanya dengan K4 atau K5",IF(AND(I81="R2",N81="K5"),"R2 tidak boleh K5",IF(AND(K81="P9",J81<>"T17"),"P9 hanya dengan T17",IF(AND(J81="T01",K81<>"P6",Q81=""),"Periksa T01-P6: jelaskan di V12",IF(AND(K81="P1",N81<>"K4",Q81=""),"Periksa P1-K4: jelaskan di V12",IF(AND(J81="T99",Q81=""),"Periksa T99: wajib isi V12","OK")))))))) -> Lengkapi V4-V9
A82: 82 | B82: =IF(Petunjuk!$C$4="","",Petunjuk!$C$4) | C82: UU 27 Thn 2022 (PDP) | E82: Pasal 56 | F82: BAB VII TRANSFER DATA PRIBADI | G82: Bagian Kedua | H82: (1) Pengendali Data Pribadi dapat melakukan transfer Data Pribadi kepada Pengendali Data Pribadi dan/atau Prosesor Data Pribadi di luar wilayah hukum Negara Republik Indonesia sesuai dengan ketentuan yang diatur dalam Undang- Undang ini.(2) Dalam melakukan transfer Data Pribadi sebagaimana dimaksud pada ayat (l), Pengendali Data Pribadi wajib memastikan negara tempat kedudukan Pengendali Data Pribadi dan/ atau Prosesor Data Pribadi yang menerima transfer Data Pribadi memiliki tingkat Pelindungan Data Pribadi yang setara atau lebih tinggi dari yang diatur dalam Undang-Undang ini.(3) Dalam hal ketentuan sebagaimana dimaksud pada ayat (2) tidak terpenuhi, Pengendali Data Pribadi wajib memastikan terdapat Pelindungan Data Pribadi yang memadai dan bersifat mengikat.(4) Dalam hal ketentuan sebagaimana dimaksud pada ayat (2) dan ayat (3) tidak terpenuhi, Pengendali Data Pribadi wajib mendapatkan persetujuan Subjek Data Pribadi.(5) Ketentuan lebih lanjut mengenai transfer Data Pribadi diatur dalam Peraturan Pemerintah. | R82: =IF(COUNTA(I82:N82)<6,"Lengkapi V4-V9",IF(AND(I82="R0",N82<>"K5"),"R0 harus berpasangan dengan K5",IF(AND(I82="R1",N82<>"K4",N82<>"K5"),"R1 hanya dengan K4 atau K5",IF(AND(I82="R2",N82="K5"),"R2 tidak boleh K5",IF(AND(K82="P9",J82<>"T17"),"P9 hanya dengan T17",IF(AND(J82="T01",K82<>"P6",Q82=""),"Periksa T01-P6: jelaskan di V12",IF(AND(K82="P1",N82<>"K4",Q82=""),"Periksa P1-K4: jelaskan di V12",IF(AND(J82="T99",Q82=""),"Periksa T99: wajib isi V12","OK")))))))) -> Lengkapi V4-V9
A83: 83 | B83: =IF(Petunjuk!$C$4="","",Petunjuk!$C$4) | C83: UU 27 Thn 2022 (PDP) | E83: Pasal 65 | F83: BAB XIII LARANGAN DALAM PENGGUNAAN DATA PRIBADI | H83: (1) Setiap Orang dilarang secara melawan hukum memperoleh atau mengumpulkan Data Pribadi yang bukan miliknya dengan maksud untuk menguntungkan diri sendiri atau orang lain yang dapat mengakibatkan kerugian Subjek Data Pribadi.(2) Setiap Orang dilarang secara melawan hukum mengungkapkan Data Pribadi yang bukan miliknya.(3) Setiap Orang dilarang secara melawan hukum menggunakan Data Pribadi yang bukan miliknya. | R83: =IF(COUNTA(I83:N83)<6,"Lengkapi V4-V9",IF(AND(I83="R0",N83<>"K5"),"R0 harus berpasangan dengan K5",IF(AND(I83="R1",N83<>"K4",N83<>"K5"),"R1 hanya dengan K4 atau K5",IF(AND(I83="R2",N83="K5"),"R2 tidak boleh K5",IF(AND(K83="P9",J83<>"T17"),"P9 hanya dengan T17",IF(AND(J83="T01",K83<>"P6",Q83=""),"Periksa T01-P6: jelaskan di V12",IF(AND(K83="P1",N83<>"K4",Q83=""),"Periksa P1-K4: jelaskan di V12",IF(AND(J83="T99",Q83=""),"Periksa T99: wajib isi V12","OK")))))))) -> Lengkapi V4-V9
A84: 84 | B84: =IF(Petunjuk!$C$4="","",Petunjuk!$C$4) | C84: UU 27 Thn 2022 (PDP) | E84: Pasal 66 | F84: BAB XIII LARANGAN DALAM PENGGUNAAN DATA PRIBADI | H84: Setiap Orang dilarang membuat Data Pribadi palsu atau memalsukan Data Pribadi dengan maksud untuk menguntungkan diri sendiri atau orang lain yang dapat mengakibatkan kerugian bagi orang lain. | R84: =IF(COUNTA(I84:N84)<6,"Lengkapi V4-V9",IF(AND(I84="R0",N84<>"K5"),"R0 harus berpasangan dengan K5",IF(AND(I84="R1",N84<>"K4",N84<>"K5"),"R1 hanya dengan K4 atau K5",IF(AND(I84="R2",N84="K5"),"R2 tidak boleh K5",IF(AND(K84="P9",J84<>"T17"),"P9 hanya dengan T17",IF(AND(J84="T01",K84<>"P6",Q84=""),"Periksa T01-P6: jelaskan di V12",IF(AND(K84="P1",N84<>"K4",Q84=""),"Periksa P1-K4: jelaskan di V12",IF(AND(J84="T99",Q84=""),"Periksa T99: wajib isi V12","OK")))))))) -> Lengkapi V4-V9
A85: 85 | B85: =IF(Petunjuk!$C$4="","",Petunjuk!$C$4) | C85: Perpres 39 Thn 2019 (Satu Data) | E85: Pasal 1 | F85: BAB I KETENTUAN UMUM | H85: Dalam Peraturan Presiden ini yang dimaksud dengan:1. Satu Data Indonesia adalah kebijakan tata kelola Data pemerintah untuk menghasilkan Data yang akurat, mutakhir, terpadu, dan dapat dipertanggungjawabkan, serta mudah Instansi diakses Pusat dan dibagipakaikan Instansi Daerah antar melalui pemenuhan Standar Data, Metadata, Interoperabilitas Data, dan menggunakan Kode Referensi dan Data Induk.2. Data adalah catatan atas kumpulan fakta atau deskripsi berupa angka, karakter, simbol, gambar, peta, tanda, isyarat, tulisan, suara, dan/atau bunyi, yang merepresentasikan keadaan sebenarnya atau menunjukkan suatu ide, objek, kondisi, atau situasi.3. Data Statistik adalah Data berupa angka tentang karakteristik atau ciri khusus suatu populasi yang diperoleh dengan cara pengumpulan, pengolahan, penyajian, dan analisis.4. Data Geospasial adalah Data tentang lokasi geografis, dimensi atau ukuran, dan/atau karakteristik objek alam dan/atau buatan manusia yang berada di bawah, pada, atau di atas permukaan bumi.5. Data Keuangan Negara Tingkat Pusat adalah Data yang disusun oleh Pemerintah Pusat berdasarkan sistem akuntansi pemerintah yang mencakup semua hak dan kewajiban negara yang dapat dinilai dengan uang, serta segala sesuatu baik berupa uang maupun berupa barang yang dapat dijadikan milik negara berhubung dengan pelaksanaan hak dan kewajiban tersebut.6. Standar Data adalah standar yang mendasari Data tertentu.7. Metadata adalah informasi dalam bentuk struktur dan format yang baku untuk menggambarkan Data, menjelaskan Data, serta memudahkan pencarian, penggunaan, dan pengelolaan informasi Data.8. Interoperabilitas Data adalah kemampuan Data untuk dibagipakaikan antar sistem elektronik yang saling berinteraksi.9. Kode Referensi adalah tanda berisi karakter yang mengandung atau menggambarkan makna, maksud, atau norma tertentu sebagai rujukan identitas Data yang bersifat unik.10. Data Induk adalah Data yang merepresentasikan objek dalam proses bisnis pemerintah yang ditetapkan sesuai dengan ketentuan dalam Peraturan Presiden ini untuk digunakan bersama.11. Data Prioritas adalah Data terpilih yang berasal dari daftar Data yang akan dikumpulkan pada tahun selanjutnya yang disepakati dalam Forum Satu Data Indonesia.12. Forum Satu Data Indonesia adalah wadah komunikasi dan koordinasi Instansi Pusat dan/atau Instansi Daerah untuk penyelenggaraan Satu Data Indonesia.13. Portal Satu Data Indonesia adalah media bagi-pakai Data di tingkat nasional yang dapat diakses melalui pemanfaatan teknologi informasi dan komunikasi.14. Instansi Pusat adalah kementerian, lembaga pemerintah nonkementerian, kesekretariatan lembaga negara, kesekretariatan lembaga nonstruktural, dan lembaga pemerintah lainnya.15. Pemerintah Daerah adalah kepala daerah sebagai unsur penyelenggara pemerintahan daerah yang memimpin pelaksanaan urusan pemerintahan yang menjadi kewenangan daerah otonom.16. Instansi Daerah adalah perangkat daerah provinsi dan perangkatdaerahkabupaten/kotasekretariatdaerah,sekretariat yang dewan meliputi perwakilan rakyat daerah, dinas daerah, dan lembaga teknis daerah.17. Pembina Data adalah Instansi Pusat yang diberi kewenangan melakukan pembinaan terkait Data atau Instansi Daerah yang diberikan penugasan untuk melakukan pembinaan terkait Data, sebagaimana diatur dalam Peraturan Presiden ini.18. Walidata adalah unit pada Instansi Pusat dan Instansi Daerah yang melaksanakan kegiatan pengumpulan, pemeriksaan, dan pengelolaan Data yang disampaikan oleh Produsen Data, serta menyebarluaskan Data.19. Produsen Data adalah unit pada Instansi Pusat dan Instansi Daerah yang menghasilkan Data berdasarkan kewenangan sesuai dengan ketentuan peraturan perundang-undangan. | R85: =IF(COUNTA(I85:N85)<6,"Lengkapi V4-V9",IF(AND(I85="R0",N85<>"K5"),"R0 harus berpasangan dengan K5",IF(AND(I85="R1",N85<>"K4",N85<>"K5"),"R1 hanya dengan K4 atau K5",IF(AND(I85="R2",N85="K5"),"R2 tidak boleh K5",IF(AND(K85="P9",J85<>"T17"),"P9 hanya dengan T17",IF(AND(J85="T01",K85<>"P6",Q85=""),"Periksa T01-P6: jelaskan di V12",IF(AND(K85="P1",N85<>"K4",Q85=""),"Periksa P1-K4: jelaskan di V12",IF(AND(J85="T99",Q85=""),"Periksa T99: wajib isi V12","OK")))))))) -> Lengkapi V4-V9
A86: 86 | B86: =IF(Petunjuk!$C$4="","",Petunjuk!$C$4) | C86: Perpres 39 Thn 2019 (Satu Data) | E86: Pasal 39 | F86: BAB IV PENYELENGGARAAN SATU DATA INDONESIA | G86: Bagian Kelima Penyebarluasan Data | H86: (1) Instansi Pusat dan Instansi Daerah mengakses Data di Portal Satu Data Indonesia tidak dipungut biaya.(2) Instansi Pusat dan Instansi Daerah dalam mengakses Data di Portal Satu Data Indonesia tidak memerlukan dokumen nota kesepahaman, perjanjian kerja sama, dan/atau dokumen surat pernyataan. | R86: =IF(COUNTA(I86:N86)<6,"Lengkapi V4-V9",IF(AND(I86="R0",N86<>"K5"),"R0 harus berpasangan dengan K5",IF(AND(I86="R1",N86<>"K4",N86<>"K5"),"R1 hanya dengan K4 atau K5",IF(AND(I86="R2",N86="K5"),"R2 tidak boleh K5",IF(AND(K86="P9",J86<>"T17"),"P9 hanya dengan T17",IF(AND(J86="T01",K86<>"P6",Q86=""),"Periksa T01-P6: jelaskan di V12",IF(AND(K86="P1",N86<>"K4",Q86=""),"Periksa P1-K4: jelaskan di V12",IF(AND(J86="T99",Q86=""),"Periksa T99: wajib isi V12","OK")))))))) -> Lengkapi V4-V9

Sheet Daftar Kode
A1: Daftar kode (ringkasan dari codebook Versi 1.0; definisi lengkap ada di codebook)
A3: V4 Relevansi
A4: R0 | B4: Tidak relevan | C4: Tidak memengaruhi desain atau perilaku sistem
A5: R1 | B5: Relevan tidak langsung | C5: Definisi, asas, konsep, latar, atau norma khusus pihak tertentu
A6: R2 | B6: Relevan langsung | C6: Kewajiban, larangan, hak, syarat, atau batasan yang dapat diturunkan menjadi kebutuhan sistem
A8: V5 Tema Utama (jalankan pohon keputusan Bagian 6.2)
A9: T01 | B9: Definisi, Istilah, dan Ruang Lingkup
A10: T02 | B10: Asas dan Prinsip Pemrosesan
A11: T03 | B11: Jenis dan Klasifikasi Data Pribadi
A12: T04 | B12: Hak Subjek Data Pribadi
A13: T05 | B13: Dasar Pemrosesan dan Persetujuan
A14: T06 | B14: Aktivitas Pemrosesan dan Pengumpulan
A15: T07 | B15: Data Pribadi Anak dan Kelompok Rentan
A16: T08 | B16: Kualitas, Akurasi, dan Pembaruan Data
A17: T09 | B17: Akuntabilitas, Pencatatan, dan Tata Kelola Kepatuhan
A18: T10 | B18: Keamanan, Kerahasiaan, dan Penanganan Insiden
A19: T11 | B19: Retensi, Penghentian, Penghapusan, dan Pemusnahan
A20: T12 | B20: Pengecualian dan Pembatasan
... A25: T17 | B25: Rujukan Regulasi Lain
A26: T99 | B26: Lainnya | C26: Residual: hanya bila pohon keputusan tidak menghasilkan tema; wajib isi V12
A28: V6 Jenis Pernyataan (prioritas bila seri: P1 > P2 > P3 > P5 > P4 > P6 > P7 > P8 > P9)
A29: P1 | B29: Larangan | C29: dilarang, tidak boleh
A30: P2 | B30: Kewajiban | C30: wajib, harus, berkewajiban
A31: P3 | B31: Hak | C31: berhak, hak
A32: P4 | B32: Kebolehan atau kewenangan | C32: dapat, boleh, berwenang
A33: P5 | B33: Pengecualian atau pembatasan | C33: dikecualikan, tidak berlaku, wajib menolak
A34: P6 | B34: Definisi, klasifikasi, atau ruang lingkup | C34: yang dimaksud dengan, meliputi, berlaku untuk
A35: P7 | B35: Asas, prinsip, atau tujuan umum
A36: P8 | B36: Deskriptif, argumentatif, atau rekomendasi | C36: khas artikel
A37: P9 | B37: Rujukan atau daftar | C37: hanya berpasangan dengan T17
A39: V7 Subjek Norma
A40: S1 | B40: Pengendali Data Pribadi
A41: S2 | B41: Prosesor Data Pribadi
A42: S3 | B42: Pengendali dan Prosesor | C42: keduanya disebut
A43: S4 | B43: Subjek Data Pribadi
A44: S5 | B44: Setiap Orang atau pihak umum
A45: S6 | B45: Instansi atau Badan Publik
A46: S7 | B46: Lembaga atau Pemerintah (otoritas)
A47: S8 | B47: Penyelenggara sektor atau pihak lain
A48: S9 | B48: Tidak ada subjek eksplisit | C48: jangan menebak subjek
A50: V8 Tahap Siklus Scraping (bila beberapa tahap F1 sampai F6, pilih yang paling awal)
A51: F1 | B51: Perencanaan dan dasar pemrosesan
A52: F2 | B52: Pengumpulan atau akuisisi
A53: F3 | B53: Pengolahan dan analisis
A54: F4 | B54: Penyimpanan dan pengamanan
A55: F5 | B55: Penyebarluasan dan transfer
A56: F6 | B56: Retensi dan penghapusan
A57: F7 | B57: Tata kelola dan hak subjek
A58: F8 | B58: Lintas tahap atau tidak spesifik
A60: V9 Kandidat Kebutuhan SRS (urutan periksa: K1, K2, K3, K4)
A61: K1 | B61: Fungsional | C61: Tindakan spesifik yang dapat diuji
A62: K2 | B62: Non-fungsional: keamanan dan kerahasiaan
A63: K3 | B63: Non-fungsional: kepatuhan dan akuntabilitas
A64: K4 | B64: Batasan atau aturan bisnis hukum
A65: K5 | B65: Tidak menghasilkan kebutuhan
