Workbook

Sheet Petunjuk
A1: File Kunci Adjudikasi: Analisis Isi Krippendorff
A2: Codebook versi 1.0.3 (25 Oktober 2026). Hanya untuk peneliti utama (adjudikator). Jangan dibagikan kepada coder.
B4: Alur kerja
B5: 1 | C5: Korpus sudah terisi di sheet Korpus (A1:F87) dari Korpus_Codebook_1.xlsx; tempel ulang bila korpus berubah. Kolom Dokumen, Rujukan, BAB, Bagian, dan Isi pada Kunci Adjudikasi terisi otomatis.
B6: 2 | C6: Pilih jumlah coder yang dinilai pada sel D1 sheet Kunci Adjudikasi (2 coder: A dan B; 3 coder: A, B, dan C; 4 coder: A sampai D). Setelah coder selesai, salin nilai V4 sampai V9 dari kolom F sampai K lembar coding masing-masing (baris 2 sampai 86) ke blok coder mulai baris 5: Coder A (M sampai R), Coder B (S sampai X), Coder C (Y sampai AD), dan Coder D (AE sampai AJ). Tempel sebagai nilai (Paste Values); nilai berformat Kode - Label ditempel apa adanya. Urutan baris sama, ID_Unit 2 sampai 86.
B7: 3 | C7: Kolom AK sampai AP menandai Sama (semua coder aktif identik) atau Beda per variabel. Sheet Reliabilitas menghitung Krippendorff alpha dari data sebelum rekonsiliasi; sheet Hitung adalah sheet bantu perhitungan dan tidak perlu diedit.
B8: 4 | C8: Setelah α dilaporkan, selesaikan setiap perbedaan melalui diskusi, isi Keputusan Adjudikator (AR sampai AW) hanya pada variabel yang berbeda, dan tulis alasannya di BD.
B9: 5 | C9: Kode Final (AX sampai BC) = keputusan adjudikator bila ada, selain itu kode yang disepakati semua coder aktif. Kolom BF memeriksa aturan konsistensi (Bagian 9) pada kode final. Sheet Ringkasan Final merangkum kemajuan adjudikasi, perbedaan per variabel, kecocokan coder dengan acuan, dan sebaran Kode Final.
B10: 6 | C10: Kode Acuan Peneliti (G sampai L) terisi untuk 11 contoh pada Bagian 10 codebook (baris 2, 15, 22, 28, 32, 49, 55, 62, 67, 83, 86). Kolom BG sampai BJ membandingkan jawaban tiap coder dengan acuan pada baris-baris itu (Ya bila 6 dari 6 variabel cocok); kolom ini tidak dihitung dalam α. Isi baris lain bila peneliti ingin menyimpan kunci sendiri.
B11: Catatan metode
B12: α | C12: Dihitung dari data coder aktif (2, 3, atau 4 coder): V4, V6, V7, V8, V9 nominal dan V5 ordinal (Bagian 12.1). Unit yang memiliki sedikitnya dua nilai dari coder aktif ikut dihitung; sel kosong dianggap data hilang. Hasil paling andal bila semua coder aktif mengisi semua unit.
B13: Selang kepercayaan | C13: Selang kepercayaan bootstrap belum dihitung di Excel. Hitung dengan paket krippendorff (Python) atau kripp.alpha pada paket irr (R) dari data yang sama.
B14: Kriteria | C14: α ≥ 0,800 dapat diterima; 0,667 ≤ α < 0,800 hanya untuk kesimpulan tentatif; α < 0,667 revisi variabel dan kodekan ulang.
B15: Warna | C15: Kuning: sel input. Biru muda: Coder A. Oranye muda: Coder B. Ungu muda: Coder C. Tosca muda: Coder D. Hijau muda: kunci peneliti dan kode final. Abu-abu: blok coder yang tidak aktif pada pilihan jumlah coder.

Sheet Kunci Adjudikasi
A1: Kunci Adjudikasi | C1: Jumlah coder dinilai: | D1: 2 coder | E1: =IFERROR(VALUE(LEFT(D1,1)),2) -> 2
A2: Isi V4 sampai V9 setiap coder (A, B, C, D). Pilih jumlah coder pada D1: 2 coder (A, B), 3 coder (A, B, C), atau 4 coder (A sampai D). Hanya coder aktif yang dihitung; blok coder tidak aktif berwarna abu-abu.
A3: Identitas dan teks (dari Korpus) | G3: Kode Acuan Peneliti (Bagian 10) | M3: Fenny | S3: Coder B | Y3: Coder C (aktif bila 3 atau 4 coder) | AE3: Coder D (aktif bila 4 coder) | AK3: Sama / Beda | AQ3: Beda | AR3: Keputusan Adjudikator | AX3: Kode Final | BD3: Catatan | BE3: Status | BF3: Cek | BG3: Cocok dengan acuan? (hanya baris yang berkode acuan)
A4: V1 ID_Unit | B4: Dokumen | C4: Rujukan | D4: BAB | E4: Bagian | F4: Isi | G4: V4 Acuan | H4: V5 Acuan | I4: V6 Acuan | J4: V7 Acuan | K4: V8 Acuan | L4: V9 Acuan | M4: V4 A | N4: V5 A | O4: V6 A | P4: V7 A | Q4: V8 A | R4: V9 A | S4: V4 B | T4: V5 B | U4: V6 B | V4: V7 B | W4: V8 B | X4: V9 B | Y4: V4 C | Z4: V5 C | AA4: V6 C | AB4: V7 C | AC4: V8 C | AD4: V9 C | AE4: V4 D | AF4: V5 D | AG4: V6 D | AH4: V7 D | AI4: V8 D | AJ4: V9 D | AK4: V4 | AL4: V5 | AM4: V6 | AN4: V7 | AO4: V8 | AP4: V9 | AQ4: Jumlah Beda | AR4: V4 Keputusan | AS4: V5 Keputusan | AT4: V6 Keputusan | AU4: V7 Keputusan | AV4: V8 Keputusan | AW4: V9 Keputusan | AX4: V4 Final | AY4: V5 Final | AZ4: V6 Final | BA4: V7 Final | BB4: V8 Final | BC4: V9 Final | BD4: Alasan Adjudikasi | BE4: Status | BF4: Cek Konsistensi Final | BG4: Cocok acuan A | BH4: Cocok acuan B | BI4: Cocok acuan C | BJ4: Cocok acuan D | BK4: Pilot
A5: 2 | B5: =IF(INDEX(Korpus!$A:$A,$A5)="","",INDEX(Korpus!$A:$A,$A5)) -> 2019MHN201 | C5: =TRIM(INDEX(Korpus!$D:$D,$A5)&" "&INDEX(Korpus!$E:$E,$A5)) -> Paragraf 3 Kalimat 1 | D5: =IF(INDEX(Korpus!$B:$B,$A5)="","",INDEX(Korpus!$B:$B,$A5)) -> C. Pembahasan | E5: =IF(INDEX(Korpus!$C:$C,$A5)="","",INDEX(Korpus!$C:$C,$A5)) -> 5. Pentingnya Perlindungan Data Pribadi | F5: =IF(INDEX(Korpus!$F:$F,$A5)="","",INDEX(Korpus!$F:$F,$A5)) -> Melihat banyaknya kasus penyalahgunaan data pribadi, sangat penting untuk memberikan perlindungan data pribadi. | G5: S9 - Tidak ada subjek perorangan atau organisasi eksplisit | H5: R1 - Relevan tidak langsung | I5: T02 - Latar Normatif dan Rujukan Non-operasional | J5: P8 - Deskriptif, argumentatif, dan rujukan | K5: F8 - Lintas tahap atau tidak spesifik | L5: K5 - Tidak menghasilkan kebutuhan. Apakah teks benar-benar tidak dapat diterjemahkan menjadi kalimat "Sistem harus/tidak boleh …"? | M5: S4 - Subjek Data Pribadi | N5: R2 - Relevan langsung | O5: T07 - Hak Subjek Data Pribadi | P5: P3 - Hak | Q5: F4 - Penyimpanan dan pengamanan | R5: K2 - Non-fungsional: mutu data, kepatuhan, dan akuntabilitas. Apakah ini mutu atau bukti yang berlaku untuk seluruh sistem, bukan hanya satu operasi? | AK5: =IF(Hitung!B5<$E$1,"",IF(Hitung!C5>0,"Beda","Sama")) | AL5: =IF(Hitung!D5<$E$1,"",IF(Hitung!E5>0,"Beda","Sama")) | AM5: =IF(Hitung!F5<$E$1,"",IF(Hitung!G5>0,"Beda","Sama")) | AN5: =IF(Hitung!H5<$E$1,"",IF(Hitung!I5>0,"Beda","Sama")) | AO5: =IF(Hitung!J5<$E$1,"",IF(Hitung!K5>0,"Beda","Sama")) | AP5: =IF(Hitung!L5<$E$1,"",IF(Hitung!M5>0,"Beda","Sama")) | AQ5: =COUNTIF(AK5:AP5,"Beda") -> 0 | AX5: =IF(AR5<>"",AR5,IF(AND(Hitung!B5=$E$1,Hitung!C5=0),M5,"")) | AY5: =IF(AS5<>"",AS5,IF(AND(Hitung!D5=$E$1,Hitung!E5=0),N5,"")) | AZ5: =IF(AT5<>"",AT5,IF(AND(Hitung!F5=$E$1,Hitung!G5=0),O5,"")) | BA5: =IF(AU5<>"",AU5,IF(AND(Hitung!H5=$E$1,Hitung!I5=0),P5,"")) | BB5: =IF(AV5<>"",AV5,IF(AND(Hitung!J5=$E$1,Hitung!K5=0),Q5,"")) | BC5: =IF(AW5<>"",AW5,IF(AND(Hitung!L5=$E$1,Hitung!M5=0),R5,"")) | BE5: =IF(COUNTA(M5:R5)+COUNTA(S5:X5)+($E$1>=3)*COUNTA(Y5:AD5)+($E$1>=4)*COUNTA(AE5:AJ5)<6*$E$1,"Menunggu coder",IF(AQ5=0,"Sepakat",IF(SUMPRODUCT((AK5:AP5="Beda")*(AR5:AW5=""))=0,"Selesai adjudikasi","Perlu adjudikasi"))) -> Menunggu coder | BF5: =IF(COUNTIF(AX5:BC5,"?*")<6,"",IF(IF(AND(LEFT(AY5,2)="R0",LEFT(BC5,2)<>"K5"),"R0 harus K5; ","")&IF(AND(LEFT(AY5,2)="R1",LEFT(BC5,2)="K3"),"R1 tidak boleh K3 (fungsional); ","")&IF(AND(LEFT(AY5,2)="R2",LEFT(BC5,2)="K5"),"R2 tidak boleh K5; ","")&IF(AND(LEFT(AY5,2)="R2",OR(LEFT(AX5,2)="S6",LEFT(AX5,2)="S7",LEFT(AX5,2)="S8")),"R2 tidak boleh S6/S7/S8; ","")&IF(AND(LEFT(AY5,2)="R2",OR(LEFT(AZ5,3)="T02",LEFT(BA5,2)="P8")),"T02 atau P8 tidak boleh R2; ","")&IF(AND(LEFT(AZ5,3)="T01",LEFT(BA5,2)<>"P6"),"T01 biasanya P6 (periksa); ","")&IF(AND(LEFT(BA5,2)="P1",LEFT(BC5,2)<>"K4"),"P1 biasanya K4 (periksa); ","")="","OK",IF(AND(LEFT(AY5,2)="R0",LEFT(BC5,2)<>"K5"),"R0 harus K5; ","")&IF(AND(LEFT(AY5,2)="R1",LEFT(BC5,2)="K3"),"R1 tidak boleh K3 (fungsional); ","")&IF(AND(LEFT(AY5,2)="R2",LEFT(BC5,2)="K5"),"R2 tidak boleh K5; ","")&IF(AND(LEFT(AY5,2)="R2",OR(LEFT(AX5,2)="S6",LEFT(AX5,2)="S7",LEFT(AX5,2)="S8")),"R2 tidak boleh S6/S7/S8; ","")&IF(AND(LEFT(AY5,2)="R2",OR(LEFT(AZ5,3)="T02",LEFT(BA5,2)="P8")),"T02 atau P8 tidak boleh R2; ","")&IF(AND(LEFT(AZ5,3)="T01",LEFT(BA5,2)<>"P6"),"T01 biasanya P6 (periksa); ","")&IF(AND(LEFT(BA5,2)="P1",LEFT(BC5,2)<>"K4"),"P1 biasanya K4 (periksa); ",""))) | BG5: =IF(COUNTA($G5:$L5)<6,"",IF(COUNTA(M5:R5)<6,"Belum lengkap",IF((LEFT(M5,2)=LEFT(G5,2))+(LEFT(N5,2)=LEFT(H5,2))+(LEFT(O5,3)=LEFT(I5,3))+(LEFT(P5,2)=LEFT(J5,2))+(LEFT(Q5,2)=LEFT(K5,2))+(LEFT(R5,2)=LEFT(L5,2))=6,"Ya (6/6)","Tidak ("&(LEFT(M5,2)=LEFT(G5,2))+(LEFT(N5,2)=LEFT(H5,2))+(LEFT(O5,3)=LEFT(I5,3))+(LEFT(P5,2)=LEFT(J5,2))+(LEFT(Q5,2)=LEFT(K5,2))+(LEFT(R5,2)=LEFT(L5,2))&"/6): "&TRIM(IF(NOT(LEFT(M5,2)=LEFT(G5,2)),"V4 ","")&IF(NOT(LEFT(N5,2)=LEFT(H5,2)),"V5 ","")&IF(NOT(LEFT(O5,3)=LEFT(I5,3)),"V6 ","")&IF(NOT(LEFT(P5,2)=LEFT(J5,2)),"V7 ","")&IF(NOT(LEFT(Q5,2)=LEFT(K5,2)),"V8 ","")&IF(NOT(LEFT(R5,2)=LEFT(L5,2)),"V9 ",""))))) -> Tidak (0/6): V4 V5 V6 V7 V8 V9 | BH5: =IF(COUNTA($G5:$L5)<6,"",IF(COUNTA(S5:X5)<6,"Belum lengkap",IF((LEFT(S5,2)=LEFT(G5,2))+(LEFT(T5,2)=LEFT(H5,2))+(LEFT(U5,3)=LEFT(I5,3))+(LEFT(V5,2)=LEFT(J5,2))+(LEFT(W5,2)=LEFT(K5,2))+(LEFT(X5,2)=LEFT(L5,2))=6,"Ya (6/6)","Tidak ("&(LEFT(S5,2)=LEFT(G5,2))+(LEFT(T5,2)=LEFT(H5,2))+(LEFT(U5,3)=LEFT(I5,3))+(LEFT(V5,2)=LEFT(J5,2))+(LEFT(W5,2)=LEFT(K5,2))+(LEFT(X5,2)=LEFT(L5,2))&"/6): "&TRIM(IF(NOT(LEFT(S5,2)=LEFT(G5,2)),"V4 ","")&IF(NOT(LEFT(T5,2)=LEFT(H5,2)),"V5 ","")&IF(NOT(LEFT(U5,3)=LEFT(I5,3)),"V6 ","")&IF(NOT(LEFT(V5,2)=LEFT(J5,2)),"V7 ","")&IF(NOT(LEFT(W5,2)=LEFT(K5,2)),"V8 ","")&IF(NOT(LEFT(X5,2)=LEFT(L5,2)),"V9 ",""))))) -> Belum lengkap | BI5: =IF(COUNTA($G5:$L5)<6,"",IF($E$1<3,"",IF(COUNTA(Y5:AD5)<6,"Belum lengkap",IF((LEFT(Y5,2)=LEFT(G5,2))+(LEFT(Z5,2)=LEFT(H5,2))+(LEFT(AA5,3)=LEFT(I5,3))+(LEFT(AB5,2)=LEFT(J5,2))+(LEFT(AC5,2)=LEFT(K5,2))+(LEFT(AD5,2)=LEFT(L5,2))=6,"Ya (6/6)","Tidak ("&(LEFT(Y5,2)=LEFT(G5,2))+(LEFT(Z5,2)=LEFT(H5,2))+(LEFT(AA5,3)=LEFT(I5,3))+(LEFT(AB5,2)=LEFT(J5,2))+(LEFT(AC5,2)=LEFT(K5,2))+(LEFT(AD5,2)=LEFT(L5,2))&"/6): "&TRIM(IF(NOT(LEFT(Y5,2)=LEFT(G5,2)),"V4 ","")&IF(NOT(LEFT(Z5,2)=LEFT(H5,2)),"V5 ","")&IF(NOT(LEFT(AA5,3)=LEFT(I5,3)),"V6 ","")&IF(NOT(LEFT(AB5,2)=LEFT(J5,2)),"V7 ","")&IF(NOT(LEFT(AC5,2)=LEFT(K5,2)),"V8 ","")&IF(NOT(LEFT(AD5,2)=LEFT(L5,2)),"V9 ","")))))) | BJ5: =IF(COUNTA($G5:$L5)<6,"",IF($E$1<4,"",IF(COUNTA(AE5:AJ5)<6,"Belum lengkap",IF((LEFT(AE5,2)=LEFT(G5,2))+(LEFT(AF5,2)=LEFT(H5,2))+(LEFT(AG5,3)=LEFT(I5,3))+(LEFT(AH5,2)=LEFT(J5,2))+(LEFT(AI5,2)=LEFT(K5,2))+(LEFT(AJ5,2)=LEFT(L5,2))=6,"Ya (6/6)","Tidak ("&(LEFT(AE5,2)=LEFT(G5,2))+(LEFT(AF5,2)=LEFT(H5,2))+(LEFT(AG5,3)=LEFT(I5,3))+(LEFT(AH5,2)=LEFT(J5,2))+(LEFT(AI5,2)=LEFT(K5,2))+(LEFT(AJ5,2)=LEFT(L5,2))&"/6): "&TRIM(IF(NOT(LEFT(AE5,2)=LEFT(G5,2)),"V4 ","")&IF(NOT(LEFT(AF5,2)=LEFT(H5,2)),"V5 ","")&IF(NOT(LEFT(AG5,3)=LEFT(I5,3)),"V6 ","")&IF(NOT(LEFT(AH5,2)=LEFT(J5,2)),"V7 ","")&IF(NOT(LEFT(AI5,2)=LEFT(K5,2)),"V8 ","")&IF(NOT(LEFT(AJ5,2)=LEFT(L5,2)),"V9 ","")))))) | BK5: CC
A6: 3 | B6: =IF(INDEX(Korpus!$A:$A,$A6)="","",INDEX(Korpus!$A:$A,$A6)) -> 2019MHN201 | C6: =TRIM(INDEX(Korpus!$D:$D,$A6)&" "&INDEX(Korpus!$E:$E,$A6)) -> Paragraf 3 Kalimat 2 | D6: =IF(INDEX(Korpus!$B:$B,$A6)="","",INDEX(Korpus!$B:$B,$A6)) -> C. Pembahasan | E6: =IF(INDEX(Korpus!$C:$C,$A6)="","",INDEX(Korpus!$C:$C,$A6)) -> 5. Pentingnya Perlindungan Data Pribadi | F6: =IF(INDEX(Korpus!$F:$F,$A6)="","",INDEX(Korpus!$F:$F,$A6)) -> Pentingnya memberikan perlindungan data pribadi mulai menguat seiring dengan meningkatnya jumlah pengguna telepon seluler dan internet. | AK6: =IF(Hitung!B6<$E$1,"",IF(Hitung!C6>0,"Beda","Sama")) | AL6: =IF(Hitung!D6<$E$1,"",IF(Hitung!E6>0,"Beda","Sama")) | AM6: =IF(Hitung!F6<$E$1,"",IF(Hitung!G6>0,"Beda","Sama")) | AN6: =IF(Hitung!H6<$E$1,"",IF(Hitung!I6>0,"Beda","Sama")) | AO6: =IF(Hitung!J6<$E$1,"",IF(Hitung!K6>0,"Beda","Sama")) | AP6: =IF(Hitung!L6<$E$1,"",IF(Hitung!M6>0,"Beda","Sama")) | AQ6: =COUNTIF(AK6:AP6,"Beda") -> 0 | AX6: =IF(AR6<>"",AR6,IF(AND(Hitung!B6=$E$1,Hitung!C6=0),M6,"")) | AY6: =IF(AS6<>"",AS6,IF(AND(Hitung!D6=$E$1,Hitung!E6=0),N6,"")) | AZ6: =IF(AT6<>"",AT6,IF(AND(Hitung!F6=$E$1,Hitung!G6=0),O6,"")) | BA6: =IF(AU6<>"",AU6,IF(AND(Hitung!H6=$E$1,Hitung!I6=0),P6,"")) | BB6: =IF(AV6<>"",AV6,IF(AND(Hitung!J6=$E$1,Hitung!K6=0),Q6,"")) | BC6: =IF(AW6<>"",AW6,IF(AND(Hitung!L6=$E$1,Hitung!M6=0),R6,"")) | BE6: =IF(COUNTA(M6:R6)+COUNTA(S6:X6)+($E$1>=3)*COUNTA(Y6:AD6)+($E$1>=4)*COUNTA(AE6:AJ6)<6*$E$1,"Menunggu coder",IF(AQ6=0,"Sepakat",IF(SUMPRODUCT((AK6:AP6="Beda")*(AR6:AW6=""))=0,"Selesai adjudikasi","Perlu adjudikasi"))) -> Menunggu coder | BF6: =IF(COUNTIF(AX6:BC6,"?*")<6,"",IF(IF(AND(LEFT(AY6,2)="R0",LEFT(BC6,2)<>"K5"),"R0 harus K5; ","")&IF(AND(LEFT(AY6,2)="R1",LEFT(BC6,2)="K3"),"R1 tidak boleh K3 (fungsional); ","")&IF(AND(LEFT(AY6,2)="R2",LEFT(BC6,2)="K5"),"R2 tidak boleh K5; ","")&IF(AND(LEFT(AY6,2)="R2",OR(LEFT(AX6,2)="S6",LEFT(AX6,2)="S7",LEFT(AX6,2)="S8")),"R2 tidak boleh S6/S7/S8; ","")&IF(AND(LEFT(AY6,2)="R2",OR(LEFT(AZ6,3)="T02",LEFT(BA6,2)="P8")),"T02 atau P8 tidak boleh R2; ","")&IF(AND(LEFT(AZ6,3)="T01",LEFT(BA6,2)<>"P6"),"T01 biasanya P6 (periksa); ","")&IF(AND(LEFT(BA6,2)="P1",LEFT(BC6,2)<>"K4"),"P1 biasanya K4 (periksa); ","")="","OK",IF(AND(LEFT(AY6,2)="R0",LEFT(BC6,2)<>"K5"),"R0 harus K5; ","")&IF(AND(LEFT(AY6,2)="R1",LEFT(BC6,2)="K3"),"R1 tidak boleh K3 (fungsional); ","")&IF(AND(LEFT(AY6,2)="R2",LEFT(BC6,2)="K5"),"R2 tidak boleh K5; ","")&IF(AND(LEFT(AY6,2)="R2",OR(LEFT(AX6,2)="S6",LEFT(AX6,2)="S7",LEFT(AX6,2)="S8")),"R2 tidak boleh S6/S7/S8; ","")&IF(AND(LEFT(AY6,2)="R2",OR(LEFT(AZ6,3)="T02",LEFT(BA6,2)="P8")),"T02 atau P8 tidak boleh R2; ","")&IF(AND(LEFT(AZ6,3)="T01",LEFT(BA6,2)<>"P6"),"T01 biasanya P6 (periksa); ","")&IF(AND(LEFT(BA6,2)="P1",LEFT(BC6,2)<>"K4"),"P1 biasanya K4 (periksa); ",""))) | BG6: =IF(COUNTA($G6:$L6)<6,"",IF(COUNTA(M6:R6)<6,"Belum lengkap",IF((LEFT(M6,2)=LEFT(G6,2))+(LEFT(N6,2)=LEFT(H6,2))+(LEFT(O6,3)=LEFT(I6,3))+(LEFT(P6,2)=LEFT(J6,2))+(LEFT(Q6,2)=LEFT(K6,2))+(LEFT(R6,2)=LEFT(L6,2))=6,"Ya (6/6)","Tidak ("&(LEFT(M6,2)=LEFT(G6,2))+(LEFT(N6,2)=LEFT(H6,2))+(LEFT(O6,3)=LEFT(I6,3))+(LEFT(P6,2)=LEFT(J6,2))+(LEFT(Q6,2)=LEFT(K6,2))+(LEFT(R6,2)=LEFT(L6,2))&"/6): "&TRIM(IF(NOT(LEFT(M6,2)=LEFT(G6,2)),"V4 ","")&IF(NOT(LEFT(N6,2)=LEFT(H6,2)),"V5 ","")&IF(NOT(LEFT(O6,3)=LEFT(I6,3)),"V6 ","")&IF(NOT(LEFT(P6,2)=LEFT(J6,2)),"V7 ","")&IF(NOT(LEFT(Q6,2)=LEFT(K6,2)),"V8 ","")&IF(NOT(LEFT(R6,2)=LEFT(L6,2)),"V9 ",""))))) | BH6: =IF(COUNTA($G6:$L6)<6,"",IF(COUNTA(S6:X6)<6,"Belum lengkap",IF((LEFT(S6,2)=LEFT(G6,2))+(LEFT(T6,2)=LEFT(H6,2))+(LEFT(U6,3)=LEFT(I6,3))+(LEFT(V6,2)=LEFT(J6,2))+(LEFT(W6,2)=LEFT(K6,2))+(LEFT(X6,2)=LEFT(L6,2))=6,"Ya (6/6)","Tidak ("&(LEFT(S6,2)=LEFT(G6,2))+(LEFT(T6,2)=LEFT(H6,2))+(LEFT(U6,3)=LEFT(I6,3))+(LEFT(V6,2)=LEFT(J6,2))+(LEFT(W6,2)=LEFT(K6,2))+(LEFT(X6,2)=LEFT(L6,2))&"/6): "&TRIM(IF(NOT(LEFT(S6,2)=LEFT(G6,2)),"V4 ","")&IF(NOT(LEFT(T6,2)=LEFT(H6,2)),"V5 ","")&IF(NOT(LEFT(U6,3)=LEFT(I6,3)),"V6 ","")&IF(NOT(LEFT(V6,2)=LEFT(J6,2)),"V7 ","")&IF(NOT(LEFT(W6,2)=LEFT(K6,2)),"V8 ","")&IF(NOT(LEFT(X6,2)=LEFT(L6,2)),"V9 ",""))))) | BI6: =IF(COUNTA($G6:$L6)<6,"",IF($E$1<3,"",IF(COUNTA(Y6:AD6)<6,"Belum lengkap",IF((LEFT(Y6,2)=LEFT(G6,2))+(LEFT(Z6,2)=LEFT(H6,2))+(LEFT(AA6,3)=LEFT(I6,3))+(LEFT(AB6,2)=LEFT(J6,2))+(LEFT(AC6,2)=LEFT(K6,2))+(LEFT(AD6,2)=LEFT(L6,2))=6,"Ya (6/6)","Tidak ("&(LEFT(Y6,2)=LEFT(G6,2))+(LEFT(Z6,2)=LEFT(H6,2))+(LEFT(AA6,3)=LEFT(I6,3))+(LEFT(AB6,2)=LEFT(J6,2))+(LEFT(AC6,2)=LEFT(K6,2))+(LEFT(AD6,2)=LEFT(L6,2))&"/6): "&TRIM(IF(NOT(LEFT(Y6,2)=LEFT(G6,2)),"V4 ","")&IF(NOT(LEFT(Z6,2)=LEFT(H6,2)),"V5 ","")&IF(NOT(LEFT(AA6,3)=LEFT(I6,3)),"V6 ","")&IF(NOT(LEFT(AB6,2)=LEFT(J6,2)),"V7 ","")&IF(NOT(LEFT(AC6,2)=LEFT(K6,2)),"V8 ","")&IF(NOT(LEFT(AD6,2)=LEFT(L6,2)),"V9 ","")))))) | BJ6: =IF(COUNTA($G6:$L6)<6,"",IF($E$1<4,"",IF(COUNTA(AE6:AJ6)<6,"Belum lengkap",IF((LEFT(AE6,2)=LEFT(G6,2))+(LEFT(AF6,2)=LEFT(H6,2))+(LEFT(AG6,3)=LEFT(I6,3))+(LEFT(AH6,2)=LEFT(J6,2))+(LEFT(AI6,2)=LEFT(K6,2))+(LEFT(AJ6,2)=LEFT(L6,2))=6,"Ya (6/6)","Tidak ("&(LEFT(AE6,2)=LEFT(G6,2))+(LEFT(AF6,2)=LEFT(H6,2))+(LEFT(AG6,3)=LEFT(I6,3))+(LEFT(AH6,2)=LEFT(J6,2))+(LEFT(AI6,2)=LEFT(K6,2))+(LEFT(AJ6,2)=LEFT(L6,2))&"/6): "&TRIM(IF(NOT(LEFT(AE6,2)=LEFT(G6,2)),"V4 ","")&IF(NOT(LEFT(AF6,2)=LEFT(H6,2)),"V5 ","")&IF(NOT(LEFT(AG6,3)=LEFT(I6,3)),"V6 ","")&IF(NOT(LEFT(AH6,2)=LEFT(J6,2)),"V7 ","")&IF(NOT(LEFT(AI6,2)=LEFT(K6,2)),"V8 ","")&IF(NOT(LEFT(AJ6,2)=LEFT(L6,2)),"V9 ",""))))))
A7: 4 | B7: =IF(INDEX(Korpus!$A:$A,$A7)="","",INDEX(Korpus!$A:$A,$A7)) -> 2019MHN201 | C7: =TRIM(INDEX(Korpus!$D:$D,$A7)&" "&INDEX(Korpus!$E:$E,$A7)) -> Paragraf 3 Kalimat 3 | D7: =IF(INDEX(Korpus!$B:$B,$A7)="","",INDEX(Korpus!$B:$B,$A7)) -> C. Pembahasan | E7: =IF(INDEX(Korpus!$C:$C,$A7)="","",INDEX(Korpus!$C:$C,$A7)) -> 5. Pentingnya Perlindungan Data Pribadi | F7: =IF(INDEX(Korpus!$F:$F,$A7)="","",INDEX(Korpus!$F:$F,$A7)) -> Sejumlah kasus yang mencuat, terutama yang memiliki keterkaitan dengan kebocoran data pribadi seseorang dan bermuara kepada aksi penipuan atau tindak kriminal pornografi, menguatkan wacana pentingnya pembuatan aturan hukum untuk melindungi data pribadi. | AK7: =IF(Hitung!B7<$E$1,"",IF(Hitung!C7>0,"Beda","Sama")) | AL7: =IF(Hitung!D7<$E$1,"",IF(Hitung!E7>0,"Beda","Sama")) | AM7: =IF(Hitung!F7<$E$1,"",IF(Hitung!G7>0,"Beda","Sama")) | AN7: =IF(Hitung!H7<$E$1,"",IF(Hitung!I7>0,"Beda","Sama")) | AO7: =IF(Hitung!J7<$E$1,"",IF(Hitung!K7>0,"Beda","Sama")) | AP7: =IF(Hitung!L7<$E$1,"",IF(Hitung!M7>0,"Beda","Sama")) | AQ7: =COUNTIF(AK7:AP7,"Beda") -> 0 | AX7: =IF(AR7<>"",AR7,IF(AND(Hitung!B7=$E$1,Hitung!C7=0),M7,"")) | AY7: =IF(AS7<>"",AS7,IF(AND(Hitung!D7=$E$1,Hitung!E7=0),N7,"")) | AZ7: =IF(AT7<>"",AT7,IF(AND(Hitung!F7=$E$1,Hitung!G7=0),O7,"")) | BA7: =IF(AU7<>"",AU7,IF(AND(Hitung!H7=$E$1,Hitung!I7=0),P7,"")) | BB7: =IF(AV7<>"",AV7,IF(AND(Hitung!J7=$E$1,Hitung!K7=0),Q7,"")) | BC7: =IF(AW7<>"",AW7,IF(AND(Hitung!L7=$E$1,Hitung!M7=0),R7,"")) | BE7: =IF(COUNTA(M7:R7)+COUNTA(S7:X7)+($E$1>=3)*COUNTA(Y7:AD7)+($E$1>=4)*COUNTA(AE7:AJ7)<6*$E$1,"Menunggu coder",IF(AQ7=0,"Sepakat",IF(SUMPRODUCT((AK7:AP7="Beda")*(AR7:AW7=""))=0,"Selesai adjudikasi","Perlu adjudikasi"))) -> Menunggu coder | BF7: =IF(COUNTIF(AX7:BC7,"?*")<6,"",IF(IF(AND(LEFT(AY7,2)="R0",LEFT(BC7,2)<>"K5"),"R0 harus K5; ","")&IF(AND(LEFT(AY7,2)="R1",LEFT(BC7,2)="K3"),"R1 tidak boleh K3 (fungsional); ","")&IF(AND(LEFT(AY7,2)="R2",LEFT(BC7,2)="K5"),"R2 tidak boleh K5; ","")&IF(AND(LEFT(AY7,2)="R2",OR(LEFT(AX7,2)="S6",LEFT(AX7,2)="S7",LEFT(AX7,2)="S8")),"R2 tidak boleh S6/S7/S8; ","")&IF(AND(LEFT(AY7,2)="R2",OR(LEFT(AZ7,3)="T02",LEFT(BA7,2)="P8")),"T02 atau P8 tidak boleh R2; ","")&IF(AND(LEFT(AZ7,3)="T01",LEFT(BA7,2)<>"P6"),"T01 biasanya P6 (periksa); ","")&IF(AND(LEFT(BA7,2)="P1",LEFT(BC7,2)<>"K4"),"P1 biasanya K4 (periksa); ","")="","OK",IF(AND(LEFT(AY7,2)="R0",LEFT(BC7,2)<>"K5"),"R0 harus K5; ","")&IF(AND(LEFT(AY7,2)="R1",LEFT(BC7,2)="K3"),"R1 tidak boleh K3 (fungsional); ","")&IF(AND(LEFT(AY7,2)="R2",LEFT(BC7,2)="K5"),"R2 tidak boleh K5; ","")&IF(AND(LEFT(AY7,2)="R2",OR(LEFT(AX7,2)="S6",LEFT(AX7,2)="S7",LEFT(AX7,2)="S8")),"R2 tidak boleh S6/S7/S8; ","")&IF(AND(LEFT(AY7,2)="R2",OR(LEFT(AZ7,3)="T02",LEFT(BA7,2)="P8")),"T02 atau P8 tidak boleh R2; ","")&IF(AND(LEFT(AZ7,3)="T01",LEFT(BA7,2)<>"P6"),"T01 biasanya P6 (periksa); ","")&IF(AND(LEFT(BA7,2)="P1",LEFT(BC7,2)<>"K4"),"P1 biasanya K4 (periksa); ",""))) | BG7: =IF(COUNTA($G7:$L7)<6,"",IF(COUNTA(M7:R7)<6,"Belum lengkap",IF((LEFT(M7,2)=LEFT(G7,2))+(LEFT(N7,2)=LEFT(H7,2))+(LEFT(O7,3)=LEFT(I7,3))+(LEFT(P7,2)=LEFT(J7,2))+(LEFT(Q7,2)=LEFT(K7,2))+(LEFT(R7,2)=LEFT(L7,2))=6,"Ya (6/6)","Tidak ("&(LEFT(M7,2)=LEFT(G7,2))+(LEFT(N7,2)=LEFT(H7,2))+(LEFT(O7,3)=LEFT(I7,3))+(LEFT(P7,2)=LEFT(J7,2))+(LEFT(Q7,2)=LEFT(K7,2))+(LEFT(R7,2)=LEFT(L7,2))&"/6): "&TRIM(IF(NOT(LEFT(M7,2)=LEFT(G7,2)),"V4 ","")&IF(NOT(LEFT(N7,2)=LEFT(H7,2)),"V5 ","")&IF(NOT(LEFT(O7,3)=LEFT(I7,3)),"V6 ","")&IF(NOT(LEFT(P7,2)=LEFT(J7,2)),"V7 ","")&IF(NOT(LEFT(Q7,2)=LEFT(K7,2)),"V8 ","")&IF(NOT(LEFT(R7,2)=LEFT(L7,2)),"V9 ",""))))) | BH7: =IF(COUNTA($G7:$L7)<6,"",IF(COUNTA(S7:X7)<6,"Belum lengkap",IF((LEFT(S7,2)=LEFT(G7,2))+(LEFT(T7,2)=LEFT(H7,2))+(LEFT(U7,3)=LEFT(I7,3))+(LEFT(V7,2)=LEFT(J7,2))+(LEFT(W7,2)=LEFT(K7,2))+(LEFT(X7,2)=LEFT(L7,2))=6,"Ya (6/6)","Tidak ("&(LEFT(S7,2)=LEFT(G7,2))+(LEFT(T7,2)=LEFT(H7,2))+(LEFT(U7,3)=LEFT(I7,3))+(LEFT(V7,2)=LEFT(J7,2))+(LEFT(W7,2)=LEFT(K7,2))+(LEFT(X7,2)=LEFT(L7,2))&"/6): "&TRIM(IF(NOT(LEFT(S7,2)=LEFT(G7,2)),"V4 ","")&IF(NOT(LEFT(T7,2)=LEFT(H7,2)),"V5 ","")&IF(NOT(LEFT(U7,3)=LEFT(I7,3)),"V6 ","")&IF(NOT(LEFT(V7,2)=LEFT(J7,2)),"V7 ","")&IF(NOT(LEFT(W7,2)=LEFT(K7,2)),"V8 ","")&IF(NOT(LEFT(X7,2)=LEFT(L7,2)),"V9 ",""))))) | BI7: =IF(COUNTA($G7:$L7)<6,"",IF($E$1<3,"",IF(COUNTA(Y7:AD7)<6,"Belum lengkap",IF((LEFT(Y7,2)=LEFT(G7,2))+(LEFT(Z7,2)=LEFT(H7,2))+(LEFT(AA7,3)=LEFT(I7,3))+(LEFT(AB7,2)=LEFT(J7,2))+(LEFT(AC7,2)=LEFT(K7,2))+(LEFT(AD7,2)=LEFT(L7,2))=6,"Ya (6/6)","Tidak ("&(LEFT(Y7,2)=LEFT(G7,2))+(LEFT(Z7,2)=LEFT(H7,2))+(LEFT(AA7,3)=LEFT(I7,3))+(LEFT(AB7,2)=LEFT(J7,2))+(LEFT(AC7,2)=LEFT(K7,2))+(LEFT(AD7,2)=LEFT(L7,2))&"/6): "&TRIM(IF(NOT(LEFT(Y7,2)=LEFT(G7,2)),"V4 ","")&IF(NOT(LEFT(Z7,2)=LEFT(H7,2)),"V5 ","")&IF(NOT(LEFT(AA7,3)=LEFT(I7,3)),"V6 ","")&IF(NOT(LEFT(AB7,2)=LEFT(J7,2)),"V7 ","")&IF(NOT(LEFT(AC7,2)=LEFT(K7,2)),"V8 ","")&IF(NOT(LEFT(AD7,2)=LEFT(L7,2)),"V9 ","")))))) | BJ7: =IF(COUNTA($G7:$L7)<6,"",IF($E$1<4,"",IF(COUNTA(AE7:AJ7)<6,"Belum lengkap",IF((LEFT(AE7,2)=LEFT(G7,2))+(LEFT(AF7,2)=LEFT(H7,2))+(LEFT(AG7,3)=LEFT(I7,3))+(LEFT(AH7,2)=LEFT(J7,2))+(LEFT(AI7,2)=LEFT(K7,2))+(LEFT(AJ7,2)=LEFT(L7,2))=6,"Ya (6/6)","Tidak ("&(LEFT(AE7,2)=LEFT(G7,2))+(LEFT(AF7,2)=LEFT(H7,2))+(LEFT(AG7,3)=LEFT(I7,3))+(LEFT(AH7,2)=LEFT(J7,2))+(LEFT(AI7,2)=LEFT(K7,2))+(LEFT(AJ7,2)=LEFT(L7,2))&"/6): "&TRIM(IF(NOT(LEFT(AE7,2)=LEFT(G7,2)),"V4 ","")&IF(NOT(LEFT(AF7,2)=LEFT(H7,2)),"V5 ","")&IF(NOT(LEFT(AG7,3)=LEFT(I7,3)),"V6 ","")&IF(NOT(LEFT(AH7,2)=LEFT(J7,2)),"V7 ","")&IF(NOT(LEFT(AI7,2)=LEFT(K7,2)),"V8 ","")&IF(NOT(LEFT(AJ7,2)=LEFT(L7,2)),"V9 ",""))))))
A8: 5 | B8: =IF(INDEX(Korpus!$A:$A,$A8)="","",INDEX(Korpus!$A:$A,$A8)) -> 2019MHN201 | C8: =TRIM(INDEX(Korpus!$D:$D,$A8)&" "&INDEX(Korpus!$E:$E,$A8)) -> Paragraf 3 Kalimat 4 | D8: =IF(INDEX(Korpus!$B:$B,$A8)="","",INDEX(Korpus!$B:$B,$A8)) -> C. Pembahasan | E8: =IF(INDEX(Korpus!$C:$C,$A8)="","",INDEX(Korpus!$C:$C,$A8)) -> 5. Pentingnya Perlindungan Data Pribadi | F8: =IF(INDEX(Korpus!$F:$F,$A8)="","",INDEX(Korpus!$F:$F,$A8)) -> Perlindungan data pribadi berhubungan dengan konsep privasi. | AK8: =IF(Hitung!B8<$E$1,"",IF(Hitung!C8>0,"Beda","Sama")) | AL8: =IF(Hitung!D8<$E$1,"",IF(Hitung!E8>0,"Beda","Sama")) | AM8: =IF(Hitung!F8<$E$1,"",IF(Hitung!G8>0,"Beda","Sama")) | AN8: =IF(Hitung!H8<$E$1,"",IF(Hitung!I8>0,"Beda","Sama")) | AO8: =IF(Hitung!J8<$E$1,"",IF(Hitung!K8>0,"Beda","Sama")) | AP8: =IF(Hitung!L8<$E$1,"",IF(Hitung!M8>0,"Beda","Sama")) | AQ8: =COUNTIF(AK8:AP8,"Beda") -> 0 | AX8: =IF(AR8<>"",AR8,IF(AND(Hitung!B8=$E$1,Hitung!C8=0),M8,"")) | AY8: =IF(AS8<>"",AS8,IF(AND(Hitung!D8=$E$1,Hitung!E8=0),N8,"")) | AZ8: =IF(AT8<>"",AT8,IF(AND(Hitung!F8=$E$1,Hitung!G8=0),O8,"")) | BA8: =IF(AU8<>"",AU8,IF(AND(Hitung!H8=$E$1,Hitung!I8=0),P8,"")) | BB8: =IF(AV8<>"",AV8,IF(AND(Hitung!J8=$E$1,Hitung!K8=0),Q8,"")) | BC8: =IF(AW8<>"",AW8,IF(AND(Hitung!L8=$E$1,Hitung!M8=0),R8,"")) | BE8: =IF(COUNTA(M8:R8)+COUNTA(S8:X8)+($E$1>=3)*COUNTA(Y8:AD8)+($E$1>=4)*COUNTA(AE8:AJ8)<6*$E$1,"Menunggu coder",IF(AQ8=0,"Sepakat",IF(SUMPRODUCT((AK8:AP8="Beda")*(AR8:AW8=""))=0,"Selesai adjudikasi","Perlu adjudikasi"))) -> Menunggu coder | BF8: =IF(COUNTIF(AX8:BC8,"?*")<6,"",IF(IF(AND(LEFT(AY8,2)="R0",LEFT(BC8,2)<>"K5"),"R0 harus K5; ","")&IF(AND(LEFT(AY8,2)="R1",LEFT(BC8,2)="K3"),"R1 tidak boleh K3 (fungsional); ","")&IF(AND(LEFT(AY8,2)="R2",LEFT(BC8,2)="K5"),"R2 tidak boleh K5; ","")&IF(AND(LEFT(AY8,2)="R2",OR(LEFT(AX8,2)="S6",LEFT(AX8,2)="S7",LEFT(AX8,2)="S8")),"R2 tidak boleh S6/S7/S8; ","")&IF(AND(LEFT(AY8,2)="R2",OR(LEFT(AZ8,3)="T02",LEFT(BA8,2)="P8")),"T02 atau P8 tidak boleh R2; ","")&IF(AND(LEFT(AZ8,3)="T01",LEFT(BA8,2)<>"P6"),"T01 biasanya P6 (periksa); ","")&IF(AND(LEFT(BA8,2)="P1",LEFT(BC8,2)<>"K4"),"P1 biasanya K4 (periksa); ","")="","OK",IF(AND(LEFT(AY8,2)="R0",LEFT(BC8,2)<>"K5"),"R0 harus K5; ","")&IF(AND(LEFT(AY8,2)="R1",LEFT(BC8,2)="K3"),"R1 tidak boleh K3 (fungsional); ","")&IF(AND(LEFT(AY8,2)="R2",LEFT(BC8,2)="K5"),"R2 tidak boleh K5; ","")&IF(AND(LEFT(AY8,2)="R2",OR(LEFT(AX8,2)="S6",LEFT(AX8,2)="S7",LEFT(AX8,2)="S8")),"R2 tidak boleh S6/S7/S8; ","")&IF(AND(LEFT(AY8,2)="R2",OR(LEFT(AZ8,3)="T02",LEFT(BA8,2)="P8")),"T02 atau P8 tidak boleh R2; ","")&IF(AND(LEFT(AZ8,3)="T01",LEFT(BA8,2)<>"P6"),"T01 biasanya P6 (periksa); ","")&IF(AND(LEFT(BA8,2)="P1",LEFT(BC8,2)<>"K4"),"P1 biasanya K4 (periksa); ",""))) | BG8: =IF(COUNTA($G8:$L8)<6,"",IF(COUNTA(M8:R8)<6,"Belum lengkap",IF((LEFT(M8,2)=LEFT(G8,2))+(LEFT(N8,2)=LEFT(H8,2))+(LEFT(O8,3)=LEFT(I8,3))+(LEFT(P8,2)=LEFT(J8,2))+(LEFT(Q8,2)=LEFT(K8,2))+(LEFT(R8,2)=LEFT(L8,2))=6,"Ya (6/6)","Tidak ("&(LEFT(M8,2)=LEFT(G8,2))+(LEFT(N8,2)=LEFT(H8,2))+(LEFT(O8,3)=LEFT(I8,3))+(LEFT(P8,2)=LEFT(J8,2))+(LEFT(Q8,2)=LEFT(K8,2))+(LEFT(R8,2)=LEFT(L8,2))&"/6): "&TRIM(IF(NOT(LEFT(M8,2)=LEFT(G8,2)),"V4 ","")&IF(NOT(LEFT(N8,2)=LEFT(H8,2)),"V5 ","")&IF(NOT(LEFT(O8,3)=LEFT(I8,3)),"V6 ","")&IF(NOT(LEFT(P8,2)=LEFT(J8,2)),"V7 ","")&IF(NOT(LEFT(Q8,2)=LEFT(K8,2)),"V8 ","")&IF(NOT(LEFT(R8,2)=LEFT(L8,2)),"V9 ",""))))) | BH8: =IF(COUNTA($G8:$L8)<6,"",IF(COUNTA(S8:X8)<6,"Belum lengkap",IF((LEFT(S8,2)=LEFT(G8,2))+(LEFT(T8,2)=LEFT(H8,2))+(LEFT(U8,3)=LEFT(I8,3))+(LEFT(V8,2)=LEFT(J8,2))+(LEFT(W8,2)=LEFT(K8,2))+(LEFT(X8,2)=LEFT(L8,2))=6,"Ya (6/6)","Tidak ("&(LEFT(S8,2)=LEFT(G8,2))+(LEFT(T8,2)=LEFT(H8,2))+(LEFT(U8,3)=LEFT(I8,3))+(LEFT(V8,2)=LEFT(J8,2))+(LEFT(W8,2)=LEFT(K8,2))+(LEFT(X8,2)=LEFT(L8,2))&"/6): "&TRIM(IF(NOT(LEFT(S8,2)=LEFT(G8,2)),"V4 ","")&IF(NOT(LEFT(T8,2)=LEFT(H8,2)),"V5 ","")&IF(NOT(LEFT(U8,3)=LEFT(I8,3)),"V6 ","")&IF(NOT(LEFT(V8,2)=LEFT(J8,2)),"V7 ","")&IF(NOT(LEFT(W8,2)=LEFT(K8,2)),"V8 ","")&IF(NOT(LEFT(X8,2)=LEFT(L8,2)),"V9 ",""))))) | BI8: =IF(COUNTA($G8:$L8)<6,"",IF($E$1<3,"",IF(COUNTA(Y8:AD8)<6,"Belum lengkap",IF((LEFT(Y8,2)=LEFT(G8,2))+(LEFT(Z8,2)=LEFT(H8,2))+(LEFT(AA8,3)=LEFT(I8,3))+(LEFT(AB8,2)=LEFT(J8,2))+(LEFT(AC8,2)=LEFT(K8,2))+(LEFT(AD8,2)=LEFT(L8,2))=6,"Ya (6/6)","Tidak ("&(LEFT(Y8,2)=LEFT(G8,2))+(LEFT(Z8,2)=LEFT(H8,2))+(LEFT(AA8,3)=LEFT(I8,3))+(LEFT(AB8,2)=LEFT(J8,2))+(LEFT(AC8,2)=LEFT(K8,2))+(LEFT(AD8,2)=LEFT(L8,2))&"/6): "&TRIM(IF(NOT(LEFT(Y8,2)=LEFT(G8,2)),"V4 ","")&IF(NOT(LEFT(Z8,2)=LEFT(H8,2)),"V5 ","")&IF(NOT(LEFT(AA8,3)=LEFT(I8,3)),"V6 ","")&IF(NOT(LEFT(AB8,2)=LEFT(J8,2)),"V7 ","")&IF(NOT(LEFT(AC8,2)=LEFT(K8,2)),"V8 ","")&IF(NOT(LEFT(AD8,2)=LEFT(L8,2)),"V9 ","")))))) | BJ8: =IF(COUNTA($G8:$L8)<6,"",IF($E$1<4,"",IF(COUNTA(AE8:AJ8)<6,"Belum lengkap",IF((LEFT(AE8,2)=LEFT(G8,2))+(LEFT(AF8,2)=LEFT(H8,2))+(LEFT(AG8,3)=LEFT(I8,3))+(LEFT(AH8,2)=LEFT(J8,2))+(LEFT(AI8,2)=LEFT(K8,2))+(LEFT(AJ8,2)=LEFT(L8,2))=6,"Ya (6/6)","Tidak ("&(LEFT(AE8,2)=LEFT(G8,2))+(LEFT(AF8,2)=LEFT(H8,2))+(LEFT(AG8,3)=LEFT(I8,3))+(LEFT(AH8,2)=LEFT(J8,2))+(LEFT(AI8,2)=LEFT(K8,2))+(LEFT(AJ8,2)=LEFT(L8,2))&"/6): "&TRIM(IF(NOT(LEFT(AE8,2)=LEFT(G8,2)),"V4 ","")&IF(NOT(LEFT(AF8,2)=LEFT(H8,2)),"V5 ","")&IF(NOT(LEFT(AG8,3)=LEFT(I8,3)),"V6 ","")&IF(NOT(LEFT(AH8,2)=LEFT(J8,2)),"V7 ","")&IF(NOT(LEFT(AI8,2)=LEFT(K8,2)),"V8 ","")&IF(NOT(LEFT(AJ8,2)=LEFT(L8,2)),"V9 ",""))))))
A9: 6 | B9: =IF(INDEX(Korpus!$A:$A,$A9)="","",INDEX(Korpus!$A:$A,$A9)) -> 2019MHN201 | C9: =TRIM(INDEX(Korpus!$D:$D,$A9)&" "&INDEX(Korpus!$E:$E,$A9)) -> Paragraf 3 Kalimat 5 | D9: =IF(INDEX(Korpus!$B:$B,$A9)="","",INDEX(Korpus!$B:$B,$A9)) -> C. Pembahasan | E9: =IF(INDEX(Korpus!$C:$C,$A9)="","",INDEX(Korpus!$C:$C,$A9)) -> 5. Pentingnya Perlindungan Data Pribadi | F9: =IF(INDEX(Korpus!$F:$F,$A9)="","",INDEX(Korpus!$F:$F,$A9)) -> Konsep privasi sendiri adalah gagasan untuk menjaga integritas dan martabat pribadi. | AK9: =IF(Hitung!B9<$E$1,"",IF(Hitung!C9>0,"Beda","Sama")) | AL9: =IF(Hitung!D9<$E$1,"",IF(Hitung!E9>0,"Beda","Sama")) | AM9: =IF(Hitung!F9<$E$1,"",IF(Hitung!G9>0,"Beda","Sama")) | AN9: =IF(Hitung!H9<$E$1,"",IF(Hitung!I9>0,"Beda","Sama")) | AO9: =IF(Hitung!J9<$E$1,"",IF(Hitung!K9>0,"Beda","Sama")) | AP9: =IF(Hitung!L9<$E$1,"",IF(Hitung!M9>0,"Beda","Sama")) | AQ9: =COUNTIF(AK9:AP9,"Beda") -> 0 | AX9: =IF(AR9<>"",AR9,IF(AND(Hitung!B9=$E$1,Hitung!C9=0),M9,"")) | AY9: =IF(AS9<>"",AS9,IF(AND(Hitung!D9=$E$1,Hitung!E9=0),N9,"")) | AZ9: =IF(AT9<>"",AT9,IF(AND(Hitung!F9=$E$1,Hitung!G9=0),O9,"")) | BA9: =IF(AU9<>"",AU9,IF(AND(Hitung!H9=$E$1,Hitung!I9=0),P9,"")) | BB9: =IF(AV9<>"",AV9,IF(AND(Hitung!J9=$E$1,Hitung!K9=0),Q9,"")) | BC9: =IF(AW9<>"",AW9,IF(AND(Hitung!L9=$E$1,Hitung!M9=0),R9,"")) | BE9: =IF(COUNTA(M9:R9)+COUNTA(S9:X9)+($E$1>=3)*COUNTA(Y9:AD9)+($E$1>=4)*COUNTA(AE9:AJ9)<6*$E$1,"Menunggu coder",IF(AQ9=0,"Sepakat",IF(SUMPRODUCT((AK9:AP9="Beda")*(AR9:AW9=""))=0,"Selesai adjudikasi","Perlu adjudikasi"))) -> Menunggu coder | BF9: =IF(COUNTIF(AX9:BC9,"?*")<6,"",IF(IF(AND(LEFT(AY9,2)="R0",LEFT(BC9,2)<>"K5"),"R0 harus K5; ","")&IF(AND(LEFT(AY9,2)="R1",LEFT(BC9,2)="K3"),"R1 tidak boleh K3 (fungsional); ","")&IF(AND(LEFT(AY9,2)="R2",LEFT(BC9,2)="K5"),"R2 tidak boleh K5; ","")&IF(AND(LEFT(AY9,2)="R2",OR(LEFT(AX9,2)="S6",LEFT(AX9,2)="S7",LEFT(AX9,2)="S8")),"R2 tidak boleh S6/S7/S8; ","")&IF(AND(LEFT(AY9,2)="R2",OR(LEFT(AZ9,3)="T02",LEFT(BA9,2)="P8")),"T02 atau P8 tidak boleh R2; ","")&IF(AND(LEFT(AZ9,3)="T01",LEFT(BA9,2)<>"P6"),"T01 biasanya P6 (periksa); ","")&IF(AND(LEFT(BA9,2)="P1",LEFT(BC9,2)<>"K4"),"P1 biasanya K4 (periksa); ","")="","OK",IF(AND(LEFT(AY9,2)="R0",LEFT(BC9,2)<>"K5"),"R0 harus K5; ","")&IF(AND(LEFT(AY9,2)="R1",LEFT(BC9,2)="K3"),"R1 tidak boleh K3 (fungsional); ","")&IF(AND(LEFT(AY9,2)="R2",LEFT(BC9,2)="K5"),"R2 tidak boleh K5; ","")&IF(AND(LEFT(AY9,2)="R2",OR(LEFT(AX9,2)="S6",LEFT(AX9,2)="S7",LEFT(AX9,2)="S8")),"R2 tidak boleh S6/S7/S8; ","")&IF(AND(LEFT(AY9,2)="R2",OR(LEFT(AZ9,3)="T02",LEFT(BA9,2)="P8")),"T02 atau P8 tidak boleh R2; ","")&IF(AND(LEFT(AZ9,3)="T01",LEFT(BA9,2)<>"P6"),"T01 biasanya P6 (periksa); ","")&IF(AND(LEFT(BA9,2)="P1",LEFT(BC9,2)<>"K4"),"P1 biasanya K4 (periksa); ",""))) | BG9: =IF(COUNTA($G9:$L9)<6,"",IF(COUNTA(M9:R9)<6,"Belum lengkap",IF((LEFT(M9,2)=LEFT(G9,2))+(LEFT(N9,2)=LEFT(H9,2))+(LEFT(O9,3)=LEFT(I9,3))+(LEFT(P9,2)=LEFT(J9,2))+(LEFT(Q9,2)=LEFT(K9,2))+(LEFT(R9,2)=LEFT(L9,2))=6,"Ya (6/6)","Tidak ("&(LEFT(M9,2)=LEFT(G9,2))+(LEFT(N9,2)=LEFT(H9,2))+(LEFT(O9,3)=LEFT(I9,3))+(LEFT(P9,2)=LEFT(J9,2))+(LEFT(Q9,2)=LEFT(K9,2))+(LEFT(R9,2)=LEFT(L9,2))&"/6): "&TRIM(IF(NOT(LEFT(M9,2)=LEFT(G9,2)),"V4 ","")&IF(NOT(LEFT(N9,2)=LEFT(H9,2)),"V5 ","")&IF(NOT(LEFT(O9,3)=LEFT(I9,3)),"V6 ","")&IF(NOT(LEFT(P9,2)=LEFT(J9,2)),"V7 ","")&IF(NOT(LEFT(Q9,2)=LEFT(K9,2)),"V8 ","")&IF(NOT(LEFT(R9,2)=LEFT(L9,2)),"V9 ",""))))) | BH9: =IF(COUNTA($G9:$L9)<6,"",IF(COUNTA(S9:X9)<6,"Belum lengkap",IF((LEFT(S9,2)=LEFT(G9,2))+(LEFT(T9,2)=LEFT(H9,2))+(LEFT(U9,3)=LEFT(I9,3))+(LEFT(V9,2)=LEFT(J9,2))+(LEFT(W9,2)=LEFT(K9,2))+(LEFT(X9,2)=LEFT(L9,2))=6,"Ya (6/6)","Tidak ("&(LEFT(S9,2)=LEFT(G9,2))+(LEFT(T9,2)=LEFT(H9,2))+(LEFT(U9,3)=LEFT(I9,3))+(LEFT(V9,2)=LEFT(J9,2))+(LEFT(W9,2)=LEFT(K9,2))+(LEFT(X9,2)=LEFT(L9,2))&"/6): "&TRIM(IF(NOT(LEFT(S9,2)=LEFT(G9,2)),"V4 ","")&IF(NOT(LEFT(T9,2)=LEFT(H9,2)),"V5 ","")&IF(NOT(LEFT(U9,3)=LEFT(I9,3)),"V6 ","")&IF(NOT(LEFT(V9,2)=LEFT(J9,2)),"V7 ","")&IF(NOT(LEFT(W9,2)=LEFT(K9,2)),"V8 ","")&IF(NOT(LEFT(X9,2)=LEFT(L9,2)),"V9 ",""))))) | BI9: =IF(COUNTA($G9:$L9)<6,"",IF($E$1<3,"",IF(COUNTA(Y9:AD9)<6,"Belum lengkap",IF((LEFT(Y9,2)=LEFT(G9,2))+(LEFT(Z9,2)=LEFT(H9,2))+(LEFT(AA9,3)=LEFT(I9,3))+(LEFT(AB9,2)=LEFT(J9,2))+(LEFT(AC9,2)=LEFT(K9,2))+(LEFT(AD9,2)=LEFT(L9,2))=6,"Ya (6/6)","Tidak ("&(LEFT(Y9,2)=LEFT(G9,2))+(LEFT(Z9,2)=LEFT(H9,2))+(LEFT(AA9,3)=LEFT(I9,3))+(LEFT(AB9,2)=LEFT(J9,2))+(LEFT(AC9,2)=LEFT(K9,2))+(LEFT(AD9,2)=LEFT(L9,2))&"/6): "&TRIM(IF(NOT(LEFT(Y9,2)=LEFT(G9,2)),"V4 ","")&IF(NOT(LEFT(Z9,2)=LEFT(H9,2)),"V5 ","")&IF(NOT(LEFT(AA9,3)=LEFT(I9,3)),"V6 ","")&IF(NOT(LEFT(AB9,2)=LEFT(J9,2)),"V7 ","")&IF(NOT(LEFT(AC9,2)=LEFT(K9,2)),"V8 ","")&IF(NOT(LEFT(AD9,2)=LEFT(L9,2)),"V9 ","")))))) | BJ9: =IF(COUNTA($G9:$L9)<6,"",IF($E$1<4,"",IF(COUNTA(AE9:AJ9)<6,"Belum lengkap",IF((LEFT(AE9,2)=LEFT(G9,2))+(LEFT(AF9,2)=LEFT(H9,2))+(LEFT(AG9,3)=LEFT(I9,3))+(LEFT(AH9,2)=LEFT(J9,2))+(LEFT(AI9,2)=LEFT(K9,2))+(LEFT(AJ9,2)=LEFT(L9,2))=6,"Ya (6/6)","Tidak ("&(LEFT(AE9,2)=LEFT(G9,2))+(LEFT(AF9,2)=LEFT(H9,2))+(LEFT(AG9,3)=LEFT(I9,3))+(LEFT(AH9,2)=LEFT(J9,2))+(LEFT(AI9,2)=LEFT(K9,2))+(LEFT(AJ9,2)=LEFT(L9,2))&"/6): "&TRIM(IF(NOT(LEFT(AE9,2)=LEFT(G9,2)),"V4 ","")&IF(NOT(LEFT(AF9,2)=LEFT(H9,2)),"V5 ","")&IF(NOT(LEFT(AG9,3)=LEFT(I9,3)),"V6 ","")&IF(NOT(LEFT(AH9,2)=LEFT(J9,2)),"V7 ","")&IF(NOT(LEFT(AI9,2)=LEFT(K9,2)),"V8 ","")&IF(NOT(LEFT(AJ9,2)=LEFT(L9,2)),"V9 ",""))))))
A10: 7 | B10: =IF(INDEX(Korpus!$A:$A,$A10)="","",INDEX(Korpus!$A:$A,$A10)) -> 2019MHN201 | C10: =TRIM(INDEX(Korpus!$D:$D,$A10)&" "&INDEX(Korpus!$E:$E,$A10)) -> Paragraf 3 Kalimat 6 | D10: =IF(INDEX(Korpus!$B:$B,$A10)="","",INDEX(Korpus!$B:$B,$A10)) -> C. Pembahasan | E10: =IF(INDEX(Korpus!$C:$C,$A10)="","",INDEX(Korpus!$C:$C,$A10)) -> 5. Pentingnya Perlindungan Data Pribadi | F10: =IF(INDEX(Korpus!$F:$F,$A10)="","",INDEX(Korpus!$F:$F,$A10)) -> Hak privasi juga merupakan kemampuan individu untuk menentukan siapa yang memegang informasi tentang mereka dan bagaimana informasi tersebut digunakan. | AK10: =IF(Hitung!B10<$E$1,"",IF(Hitung!C10>0,"Beda","Sama")) | AL10: =IF(Hitung!D10<$E$1,"",IF(Hitung!E10>0,"Beda","Sama")) | AM10: =IF(Hitung!F10<$E$1,"",IF(Hitung!G10>0,"Beda","Sama")) | AN10: =IF(Hitung!H10<$E$1,"",IF(Hitung!I10>0,"Beda","Sama")) | AO10: =IF(Hitung!J10<$E$1,"",IF(Hitung!K10>0,"Beda","Sama")) | AP10: =IF(Hitung!L10<$E$1,"",IF(Hitung!M10>0,"Beda","Sama")) | AQ10: =COUNTIF(AK10:AP10,"Beda") -> 0 | AX10: =IF(AR10<>"",AR10,IF(AND(Hitung!B10=$E$1,Hitung!C10=0),M10,"")) | AY10: =IF(AS10<>"",AS10,IF(AND(Hitung!D10=$E$1,Hitung!E10=0),N10,"")) | AZ10: =IF(AT10<>"",AT10,IF(AND(Hitung!F10=$E$1,Hitung!G10=0),O10,"")) | BA10: =IF(AU10<>"",AU10,IF(AND(Hitung!H10=$E$1,Hitung!I10=0),P10,"")) | BB10: =IF(AV10<>"",AV10,IF(AND(Hitung!J10=$E$1,Hitung!K10=0),Q10,"")) | BC10: =IF(AW10<>"",AW10,IF(AND(Hitung!L10=$E$1,Hitung!M10=0),R10,"")) | BE10: =IF(COUNTA(M10:R10)+COUNTA(S10:X10)+($E$1>=3)*COUNTA(Y10:AD10)+($E$1>=4)*COUNTA(AE10:AJ10)<6*$E$1,"Menunggu coder",IF(AQ10=0,"Sepakat",IF(SUMPRODUCT((AK10:AP10="Beda")*(AR10:AW10=""))=0,"Selesai adjudikasi","Perlu adjudikasi"))) -> Menunggu coder | BF10: =IF(COUNTIF(AX10:BC10,"?*")<6,"",IF(IF(AND(LEFT(AY10,2)="R0",LEFT(BC10,2)<>"K5"),"R0 harus K5; ","")&IF(AND(LEFT(AY10,2)="R1",LEFT(BC10,2)="K3"),"R1 tidak boleh K3 (fungsional); ","")&IF(AND(LEFT(AY10,2)="R2",LEFT(BC10,2)="K5"),"R2 tidak boleh K5; ","")&IF(AND(LEFT(AY10,2)="R2",OR(LEFT(AX10,2)="S6",LEFT(AX10,2)="S7",LEFT(AX10,2)="S8")),"R2 tidak boleh S6/S7/S8; ","")&IF(AND(LEFT(AY10,2)="R2",OR(LEFT(AZ10,3)="T02",LEFT(BA10,2)="P8")),"T02 atau P8 tidak boleh R2; ","")&IF(AND(LEFT(AZ10,3)="T01",LEFT(BA10,2)<>"P6"),"T01 biasanya P6 (periksa); ","")&IF(AND(LEFT(BA10,2)="P1",LEFT(BC10,2)<>"K4"),"P1 biasanya K4 (periksa); ","")="","OK",IF(AND(LEFT(AY10,2)="R0",LEFT(BC10,2)<>"K5"),"R0 harus K5; ","")&IF(AND(LEFT(AY10,2)="R1",LEFT(BC10,2)="K3"),"R1 tidak boleh K3 (fungsional); ","")&IF(AND(LEFT(AY10,2)="R2",LEFT(BC10,2)="K5"),"R2 tidak boleh K5; ","")&IF(AND(LEFT(AY10,2)="R2",OR(LEFT(AX10,2)="S6",LEFT(AX10,2)="S7",LEFT(AX10,2)="S8")),"R2 tidak boleh S6/S7/S8; ","")&IF(AND(LEFT(AY10,2)="R2",OR(LEFT(AZ10,3)="T02",LEFT(BA10,2)="P8")),"T02 atau P8 tidak boleh R2; ","")&IF(AND(LEFT(AZ10,3)="T01",LEFT(BA10,2)<>"P6"),"T01 biasanya P6 (periksa); ","")&IF(AND(LEFT(BA10,2)="P1",LEFT(BC10,2)<>"K4"),"P1 biasanya K4 (periksa); ",""))) | BG10: =IF(COUNTA($G10:$L10)<6,"",IF(COUNTA(M10:R10)<6,"Belum lengkap",IF((LEFT(M10,2)=LEFT(G10,2))+(LEFT(N10,2)=LEFT(H10,2))+(LEFT(O10,3)=LEFT(I10,3))+(LEFT(P10,2)=LEFT(J10,2))+(LEFT(Q10,2)=LEFT(K10,2))+(LEFT(R10,2)=LEFT(L10,2))=6,"Ya (6/6)","Tidak ("&(LEFT(M10,2)=LEFT(G10,2))+(LEFT(N10,2)=LEFT(H10,2))+(LEFT(O10,3)=LEFT(I10,3))+(LEFT(P10,2)=LEFT(J10,2))+(LEFT(Q10,2)=LEFT(K10,2))+(LEFT(R10,2)=LEFT(L10,2))&"/6): "&TRIM(IF(NOT(LEFT(M10,2)=LEFT(G10,2)),"V4 ","")&IF(NOT(LEFT(N10,2)=LEFT(H10,2)),"V5 ","")&IF(NOT(LEFT(O10,3)=LEFT(I10,3)),"V6 ","")&IF(NOT(LEFT(P10,2)=LEFT(J10,2)),"V7 ","")&IF(NOT(LEFT(Q10,2)=LEFT(K10,2)),"V8 ","")&IF(NOT(LEFT(R10,2)=LEFT(L10,2)),"V9 ",""))))) | BH10: =IF(COUNTA($G10:$L10)<6,"",IF(COUNTA(S10:X10)<6,"Belum lengkap",IF((LEFT(S10,2)=LEFT(G10,2))+(LEFT(T10,2)=LEFT(H10,2))+(LEFT(U10,3)=LEFT(I10,3))+(LEFT(V10,2)=LEFT(J10,2))+(LEFT(W10,2)=LEFT(K10,2))+(LEFT(X10,2)=LEFT(L10,2))=6,"Ya (6/6)","Tidak ("&(LEFT(S10,2)=LEFT(G10,2))+(LEFT(T10,2)=LEFT(H10,2))+(LEFT(U10,3)=LEFT(I10,3))+(LEFT(V10,2)=LEFT(J10,2))+(LEFT(W10,2)=LEFT(K10,2))+(LEFT(X10,2)=LEFT(L10,2))&"/6): "&TRIM(IF(NOT(LEFT(S10,2)=LEFT(G10,2)),"V4 ","")&IF(NOT(LEFT(T10,2)=LEFT(H10,2)),"V5 ","")&IF(NOT(LEFT(U10,3)=LEFT(I10,3)),"V6 ","")&IF(NOT(LEFT(V10,2)=LEFT(J10,2)),"V7 ","")&IF(NOT(LEFT(W10,2)=LEFT(K10,2)),"V8 ","")&IF(NOT(LEFT(X10,2)=LEFT(L10,2)),"V9 ",""))))) | BI10: =IF(COUNTA($G10:$L10)<6,"",IF($E$1<3,"",IF(COUNTA(Y10:AD10)<6,"Belum lengkap",IF((LEFT(Y10,2)=LEFT(G10,2))+(LEFT(Z10,2)=LEFT(H10,2))+(LEFT(AA10,3)=LEFT(I10,3))+(LEFT(AB10,2)=LEFT(J10,2))+(LEFT(AC10,2)=LEFT(K10,2))+(LEFT(AD10,2)=LEFT(L10,2))=6,"Ya (6/6)","Tidak ("&(LEFT(Y10,2)=LEFT(G10,2))+(LEFT(Z10,2)=LEFT(H10,2))+(LEFT(AA10,3)=LEFT(I10,3))+(LEFT(AB10,2)=LEFT(J10,2))+(LEFT(AC10,2)=LEFT(K10,2))+(LEFT(AD10,2)=LEFT(L10,2))&"/6): "&TRIM(IF(NOT(LEFT(Y10,2)=LEFT(G10,2)),"V4 ","")&IF(NOT(LEFT(Z10,2)=LEFT(H10,2)),"V5 ","")&IF(NOT(LEFT(AA10,3)=LEFT(I10,3)),"V6 ","")&IF(NOT(LEFT(AB10,2)=LEFT(J10,2)),"V7 ","")&IF(NOT(LEFT(AC10,2)=LEFT(K10,2)),"V8 ","")&IF(NOT(LEFT(AD10,2)=LEFT(L10,2)),"V9 ","")))))) | BJ10: =IF(COUNTA($G10:$L10)<6,"",IF($E$1<4,"",IF(COUNTA(AE10:AJ10)<6,"Belum lengkap",IF((LEFT(AE10,2)=LEFT(G10,2))+(LEFT(AF10,2)=LEFT(H10,2))+(LEFT(AG10,3)=LEFT(I10,3))+(LEFT(AH10,2)=LEFT(J10,2))+(LEFT(AI10,2)=LEFT(K10,2))+(LEFT(AJ10,2)=LEFT(L10,2))=6,"Ya (6/6)","Tidak ("&(LEFT(AE10,2)=LEFT(G10,2))+(LEFT(AF10,2)=LEFT(H10,2))+(LEFT(AG10,3)=LEFT(I10,3))+(LEFT(AH10,2)=LEFT(J10,2))+(LEFT(AI10,2)=LEFT(K10,2))+(LEFT(AJ10,2)=LEFT(L10,2))&"/6): "&TRIM(IF(NOT(LEFT(AE10,2)=LEFT(G10,2)),"V4 ","")&IF(NOT(LEFT(AF10,2)=LEFT(H10,2)),"V5 ","")&IF(NOT(LEFT(AG10,3)=LEFT(I10,3)),"V6 ","")&IF(NOT(LEFT(AH10,2)=LEFT(J10,2)),"V7 ","")&IF(NOT(LEFT(AI10,2)=LEFT(K10,2)),"V8 ","")&IF(NOT(LEFT(AJ10,2)=LEFT(L10,2)),"V9 ",""))))))
A11: 8 | B11: =IF(INDEX(Korpus!$A:$A,$A11)="","",INDEX(Korpus!$A:$A,$A11)) -> 2019MHN201 | C11: =TRIM(INDEX(Korpus!$D:$D,$A11)&" "&INDEX(Korpus!$E:$E,$A11)) -> Paragraf 4 Kalimat 1 | D11: =IF(INDEX(Korpus!$B:$B,$A11)="","",INDEX(Korpus!$B:$B,$A11)) -> C. Pembahasan | E11: =IF(INDEX(Korpus!$C:$C,$A11)="","",INDEX(Korpus!$C:$C,$A11)) -> 5. Pentingnya Perlindungan Data Pribadi | F11: =IF(INDEX(Korpus!$F:$F,$A11)="","",INDEX(Korpus!$F:$F,$A11)) -> Konsep perlindungan data mengisyaratkan bahwa individu memiliki hak untuk menentukan apakah mereka akan membagi atau bertukar data pribadi mereka atau tidak. | AK11: =IF(Hitung!B11<$E$1,"",IF(Hitung!C11>0,"Beda","Sama")) | AL11: =IF(Hitung!D11<$E$1,"",IF(Hitung!E11>0,"Beda","Sama")) | AM11: =IF(Hitung!F11<$E$1,"",IF(Hitung!G11>0,"Beda","Sama")) | AN11: =IF(Hitung!H11<$E$1,"",IF(Hitung!I11>0,"Beda","Sama")) | AO11: =IF(Hitung!J11<$E$1,"",IF(Hitung!K11>0,"Beda","Sama")) | AP11: =IF(Hitung!L11<$E$1,"",IF(Hitung!M11>0,"Beda","Sama")) | AQ11: =COUNTIF(AK11:AP11,"Beda") -> 0 | AX11: =IF(AR11<>"",AR11,IF(AND(Hitung!B11=$E$1,Hitung!C11=0),M11,"")) | AY11: =IF(AS11<>"",AS11,IF(AND(Hitung!D11=$E$1,Hitung!E11=0),N11,"")) | AZ11: =IF(AT11<>"",AT11,IF(AND(Hitung!F11=$E$1,Hitung!G11=0),O11,"")) | BA11: =IF(AU11<>"",AU11,IF(AND(Hitung!H11=$E$1,Hitung!I11=0),P11,"")) | BB11: =IF(AV11<>"",AV11,IF(AND(Hitung!J11=$E$1,Hitung!K11=0),Q11,"")) | BC11: =IF(AW11<>"",AW11,IF(AND(Hitung!L11=$E$1,Hitung!M11=0),R11,"")) | BE11: =IF(COUNTA(M11:R11)+COUNTA(S11:X11)+($E$1>=3)*COUNTA(Y11:AD11)+($E$1>=4)*COUNTA(AE11:AJ11)<6*$E$1,"Menunggu coder",IF(AQ11=0,"Sepakat",IF(SUMPRODUCT((AK11:AP11="Beda")*(AR11:AW11=""))=0,"Selesai adjudikasi","Perlu adjudikasi"))) -> Menunggu coder | BF11: =IF(COUNTIF(AX11:BC11,"?*")<6,"",IF(IF(AND(LEFT(AY11,2)="R0",LEFT(BC11,2)<>"K5"),"R0 harus K5; ","")&IF(AND(LEFT(AY11,2)="R1",LEFT(BC11,2)="K3"),"R1 tidak boleh K3 (fungsional); ","")&IF(AND(LEFT(AY11,2)="R2",LEFT(BC11,2)="K5"),"R2 tidak boleh K5; ","")&IF(AND(LEFT(AY11,2)="R2",OR(LEFT(AX11,2)="S6",LEFT(AX11,2)="S7",LEFT(AX11,2)="S8")),"R2 tidak boleh S6/S7/S8; ","")&IF(AND(LEFT(AY11,2)="R2",OR(LEFT(AZ11,3)="T02",LEFT(BA11,2)="P8")),"T02 atau P8 tidak boleh R2; ","")&IF(AND(LEFT(AZ11,3)="T01",LEFT(BA11,2)<>"P6"),"T01 biasanya P6 (periksa); ","")&IF(AND(LEFT(BA11,2)="P1",LEFT(BC11,2)<>"K4"),"P1 biasanya K4 (periksa); ","")="","OK",IF(AND(LEFT(AY11,2)="R0",LEFT(BC11,2)<>"K5"),"R0 harus K5; ","")&IF(AND(LEFT(AY11,2)="R1",LEFT(BC11,2)="K3"),"R1 tidak boleh K3 (fungsional); ","")&IF(AND(LEFT(AY11,2)="R2",LEFT(BC11,2)="K5"),"R2 tidak boleh K5; ","")&IF(AND(LEFT(AY11,2)="R2",OR(LEFT(AX11,2)="S6",LEFT(AX11,2)="S7",LEFT(AX11,2)="S8")),"R2 tidak boleh S6/S7/S8; ","")&IF(AND(LEFT(AY11,2)="R2",OR(LEFT(AZ11,3)="T02",LEFT(BA11,2)="P8")),"T02 atau P8 tidak boleh R2; ","")&IF(AND(LEFT(AZ11,3)="T01",LEFT(BA11,2)<>"P6"),"T01 biasanya P6 (periksa); ","")&IF(AND(LEFT(BA11,2)="P1",LEFT(BC11,2)<>"K4"),"P1 biasanya K4 (periksa); ",""))) | BG11: =IF(COUNTA($G11:$L11)<6,"",IF(COUNTA(M11:R11)<6,"Belum lengkap",IF((LEFT(M11,2)=LEFT(G11,2))+(LEFT(N11,2)=LEFT(H11,2))+(LEFT(O11,3)=LEFT(I11,3))+(LEFT(P11,2)=LEFT(J11,2))+(LEFT(Q11,2)=LEFT(K11,2))+(LEFT(R11,2)=LEFT(L11,2))=6,"Ya (6/6)","Tidak ("&(LEFT(M11,2)=LEFT(G11,2))+(LEFT(N11,2)=LEFT(H11,2))+(LEFT(O11,3)=LEFT(I11,3))+(LEFT(P11,2)=LEFT(J11,2))+(LEFT(Q11,2)=LEFT(K11,2))+(LEFT(R11,2)=LEFT(L11,2))&"/6): "&TRIM(IF(NOT(LEFT(M11,2)=LEFT(G11,2)),"V4 ","")&IF(NOT(LEFT(N11,2)=LEFT(H11,2)),"V5 ","")&IF(NOT(LEFT(O11,3)=LEFT(I11,3)),"V6 ","")&IF(NOT(LEFT(P11,2)=LEFT(J11,2)),"V7 ","")&IF(NOT(LEFT(Q11,2)=LEFT(K11,2)),"V8 ","")&IF(NOT(LEFT(R11,2)=LEFT(L11,2)),"V9 ",""))))) | BH11: =IF(COUNTA($G11:$L11)<6,"",IF(COUNTA(S11:X11)<6,"Belum lengkap",IF((LEFT(S11,2)=LEFT(G11,2))+(LEFT(T11,2)=LEFT(H11,2))+(LEFT(U11,3)=LEFT(I11,3))+(LEFT(V11,2)=LEFT(J11,2))+(LEFT(W11,2)=LEFT(K11,2))+(LEFT(X11,2)=LEFT(L11,2))=6,"Ya (6/6)","Tidak ("&(LEFT(S11,2)=LEFT(G11,2))+(LEFT(T11,2)=LEFT(H11,2))+(LEFT(U11,3)=LEFT(I11,3))+(LEFT(V11,2)=LEFT(J11,2))+(LEFT(W11,2)=LEFT(K11,2))+(LEFT(X11,2)=LEFT(L11,2))&"/6): "&TRIM(IF(NOT(LEFT(S11,2)=LEFT(G11,2)),"V4 ","")&IF(NOT(LEFT(T11,2)=LEFT(H11,2)),"V5 ","")&IF(NOT(LEFT(U11,3)=LEFT(I11,3)),"V6 ","")&IF(NOT(LEFT(V11,2)=LEFT(J11,2)),"V7 ","")&IF(NOT(LEFT(W11,2)=LEFT(K11,2)),"V8 ","")&IF(NOT(LEFT(X11,2)=LEFT(L11,2)),"V9 ",""))))) | BI11: =IF(COUNTA($G11:$L11)<6,"",IF($E$1<3,"",IF(COUNTA(Y11:AD11)<6,"Belum lengkap",IF((LEFT(Y11,2)=LEFT(G11,2))+(LEFT(Z11,2)=LEFT(H11,2))+(LEFT(AA11,3)=LEFT(I11,3))+(LEFT(AB11,2)=LEFT(J11,2))+(LEFT(AC11,2)=LEFT(K11,2))+(LEFT(AD11,2)=LEFT(L11,2))=6,"Ya (6/6)","Tidak ("&(LEFT(Y11,2)=LEFT(G11,2))+(LEFT(Z11,2)=LEFT(H11,2))+(LEFT(AA11,3)=LEFT(I11,3))+(LEFT(AB11,2)=LEFT(J11,2))+(LEFT(AC11,2)=LEFT(K11,2))+(LEFT(AD11,2)=LEFT(L11,2))&"/6): "&TRIM(IF(NOT(LEFT(Y11,2)=LEFT(G11,2)),"V4 ","")&IF(NOT(LEFT(Z11,2)=LEFT(H11,2)),"V5 ","")&IF(NOT(LEFT(AA11,3)=LEFT(I11,3)),"V6 ","")&IF(NOT(LEFT(AB11,2)=LEFT(J11,2)),"V7 ","")&IF(NOT(LEFT(AC11,2)=LEFT(K11,2)),"V8 ","")&IF(NOT(LEFT(AD11,2)=LEFT(L11,2)),"V9 ","")))))) | BJ11: =IF(COUNTA($G11:$L11)<6,"",IF($E$1<4,"",IF(COUNTA(AE11:AJ11)<6,"Belum lengkap",IF((LEFT(AE11,2)=LEFT(G11,2))+(LEFT(AF11,2)=LEFT(H11,2))+(LEFT(AG11,3)=LEFT(I11,3))+(LEFT(AH11,2)=LEFT(J11,2))+(LEFT(AI11,2)=LEFT(K11,2))+(LEFT(AJ11,2)=LEFT(L11,2))=6,"Ya (6/6)","Tidak ("&(LEFT(AE11,2)=LEFT(G11,2))+(LEFT(AF11,2)=LEFT(H11,2))+(LEFT(AG11,3)=LEFT(I11,3))+(LEFT(AH11,2)=LEFT(J11,2))+(LEFT(AI11,2)=LEFT(K11,2))+(LEFT(AJ11,2)=LEFT(L11,2))&"/6): "&TRIM(IF(NOT(LEFT(AE11,2)=LEFT(G11,2)),"V4 ","")&IF(NOT(LEFT(AF11,2)=LEFT(H11,2)),"V5 ","")&IF(NOT(LEFT(AG11,3)=LEFT(I11,3)),"V6 ","")&IF(NOT(LEFT(AH11,2)=LEFT(J11,2)),"V7 ","")&IF(NOT(LEFT(AI11,2)=LEFT(K11,2)),"V8 ","")&IF(NOT(LEFT(AJ11,2)=LEFT(L11,2)),"V9 ",""))))))
A12: 9 | B12: =IF(INDEX(Korpus!$A:$A,$A12)="","",INDEX(Korpus!$A:$A,$A12)) -> 2019MHN201 | C12: =TRIM(INDEX(Korpus!$D:$D,$A12)&" "&INDEX(Korpus!$E:$E,$A12)) -> Paragraf 4 Kalimat 2 | D12: =IF(INDEX(Korpus!$B:$B,$A12)="","",INDEX(Korpus!$B:$B,$A12)) -> C. Pembahasan | E12: =IF(INDEX(Korpus!$C:$C,$A12)="","",INDEX(Korpus!$C:$C,$A12)) -> 5. Pentingnya Perlindungan Data Pribadi | F12: =IF(INDEX(Korpus!$F:$F,$A12)="","",INDEX(Korpus!$F:$F,$A12)) -> Selain itu, individu juga memiliki hak untuk menentukan syarat-syarat pelaksanaan pemindahan data pribadi tersebut. | AK12: =IF(Hitung!B12<$E$1,"",IF(Hitung!C12>0,"Beda","Sama")) | AL12: =IF(Hitung!D12<$E$1,"",IF(Hitung!E12>0,"Beda","Sama")) | AM12: =IF(Hitung!F12<$E$1,"",IF(Hitung!G12>0,"Beda","Sama")) | AN12: =IF(Hitung!H12<$E$1,"",IF(Hitung!I12>0,"Beda","Sama")) | AO12: =IF(Hitung!J12<$E$1,"",IF(Hitung!K12>0,"Beda","Sama")) | AP12: =IF(Hitung!L12<$E$1,"",IF(Hitung!M12>0,"Beda","Sama")) | AQ12: =COUNTIF(AK12:AP12,"Beda") -> 0 | AX12: =IF(AR12<>"",AR12,IF(AND(Hitung!B12=$E$1,Hitung!C12=0),M12,"")) | AY12: =IF(AS12<>"",AS12,IF(AND(Hitung!D12=$E$1,Hitung!E12=0),N12,"")) | AZ12: =IF(AT12<>"",AT12,IF(AND(Hitung!F12=$E$1,Hitung!G12=0),O12,"")) | BA12: =IF(AU12<>"",AU12,IF(AND(Hitung!H12=$E$1,Hitung!I12=0),P12,"")) | BB12: =IF(AV12<>"",AV12,IF(AND(Hitung!J12=$E$1,Hitung!K12=0),Q12,"")) | BC12: =IF(AW12<>"",AW12,IF(AND(Hitung!L12=$E$1,Hitung!M12=0),R12,"")) | BE12: =IF(COUNTA(M12:R12)+COUNTA(S12:X12)+($E$1>=3)*COUNTA(Y12:AD12)+($E$1>=4)*COUNTA(AE12:AJ12)<6*$E$1,"Menunggu coder",IF(AQ12=0,"Sepakat",IF(SUMPRODUCT((AK12:AP12="Beda")*(AR12:AW12=""))=0,"Selesai adjudikasi","Perlu adjudikasi"))) -> Menunggu coder | BF12: =IF(COUNTIF(AX12:BC12,"?*")<6,"",IF(IF(AND(LEFT(AY12,2)="R0",LEFT(BC12,2)<>"K5"),"R0 harus K5; ","")&IF(AND(LEFT(AY12,2)="R1",LEFT(BC12,2)="K3"),"R1 tidak boleh K3 (fungsional); ","")&IF(AND(LEFT(AY12,2)="R2",LEFT(BC12,2)="K5"),"R2 tidak boleh K5; ","")&IF(AND(LEFT(AY12,2)="R2",OR(LEFT(AX12,2)="S6",LEFT(AX12,2)="S7",LEFT(AX12,2)="S8")),"R2 tidak boleh S6/S7/S8; ","")&IF(AND(LEFT(AY12,2)="R2",OR(LEFT(AZ12,3)="T02",LEFT(BA12,2)="P8")),"T02 atau P8 tidak boleh R2; ","")&IF(AND(LEFT(AZ12,3)="T01",LEFT(BA12,2)<>"P6"),"T01 biasanya P6 (periksa); ","")&IF(AND(LEFT(BA12,2)="P1",LEFT(BC12,2)<>"K4"),"P1 biasanya K4 (periksa); ","")="","OK",IF(AND(LEFT(AY12,2)="R0",LEFT(BC12,2)<>"K5"),"R0 harus K5; ","")&IF(AND(LEFT(AY12,2)="R1",LEFT(BC12,2)="K3"),"R1 tidak boleh K3 (fungsional); ","")&IF(AND(LEFT(AY12,2)="R2",LEFT(BC12,2)="K5"),"R2 tidak boleh K5; ","")&IF(AND(LEFT(AY12,2)="R2",OR(LEFT(AX12,2)="S6",LEFT(AX12,2)="S7",LEFT(AX12,2)="S8")),"R2 tidak boleh S6/S7/S8; ","")&IF(AND(LEFT(AY12,2)="R2",OR(LEFT(AZ12,3)="T02",LEFT(BA12,2)="P8")),"T02 atau P8 tidak boleh R2; ","")&IF(AND(LEFT(AZ12,3)="T01",LEFT(BA12,2)<>"P6"),"T01 biasanya P6 (periksa); ","")&IF(AND(LEFT(BA12,2)="P1",LEFT(BC12,2)<>"K4"),"P1 biasanya K4 (periksa); ",""))) | BG12: =IF(COUNTA($G12:$L12)<6,"",IF(COUNTA(M12:R12)<6,"Belum lengkap",IF((LEFT(M12,2)=LEFT(G12,2))+(LEFT(N12,2)=LEFT(H12,2))+(LEFT(O12,3)=LEFT(I12,3))+(LEFT(P12,2)=LEFT(J12,2))+(LEFT(Q12,2)=LEFT(K12,2))+(LEFT(R12,2)=LEFT(L12,2))=6,"Ya (6/6)","Tidak ("&(LEFT(M12,2)=LEFT(G12,2))+(LEFT(N12,2)=LEFT(H12,2))+(LEFT(O12,3)=LEFT(I12,3))+(LEFT(P12,2)=LEFT(J12,2))+(LEFT(Q12,2)=LEFT(K12,2))+(LEFT(R12,2)=LEFT(L12,2))&"/6): "&TRIM(IF(NOT(LEFT(M12,2)=LEFT(G12,2)),"V4 ","")&IF(NOT(LEFT(N12,2)=LEFT(H12,2)),"V5 ","")&IF(NOT(LEFT(O12,3)=LEFT(I12,3)),"V6 ","")&IF(NOT(LEFT(P12,2)=LEFT(J12,2)),"V7 ","")&IF(NOT(LEFT(Q12,2)=LEFT(K12,2)),"V8 ","")&IF(NOT(LEFT(R12,2)=LEFT(L12,2)),"V9 ",""))))) | BH12: =IF(COUNTA($G12:$L12)<6,"",IF(COUNTA(S12:X12)<6,"Belum lengkap",IF((LEFT(S12,2)=LEFT(G12,2))+(LEFT(T12,2)=LEFT(H12,2))+(LEFT(U12,3)=LEFT(I12,3))+(LEFT(V12,2)=LEFT(J12,2))+(LEFT(W12,2)=LEFT(K12,2))+(LEFT(X12,2)=LEFT(L12,2))=6,"Ya (6/6)","Tidak ("&(LEFT(S12,2)=LEFT(G12,2))+(LEFT(T12,2)=LEFT(H12,2))+(LEFT(U12,3)=LEFT(I12,3))+(LEFT(V12,2)=LEFT(J12,2))+(LEFT(W12,2)=LEFT(K12,2))+(LEFT(X12,2)=LEFT(L12,2))&"/6): "&TRIM(IF(NOT(LEFT(S12,2)=LEFT(G12,2)),"V4 ","")&IF(NOT(LEFT(T12,2)=LEFT(H12,2)),"V5 ","")&IF(NOT(LEFT(U12,3)=LEFT(I12,3)),"V6 ","")&IF(NOT(LEFT(V12,2)=LEFT(J12,2)),"V7 ","")&IF(NOT(LEFT(W12,2)=LEFT(K12,2)),"V8 ","")&IF(NOT(LEFT(X12,2)=LEFT(L12,2)),"V9 ",""))))) | BI12: =IF(COUNTA($G12:$L12)<6,"",IF($E$1<3,"",IF(COUNTA(Y12:AD12)<6,"Belum lengkap",IF((LEFT(Y12,2)=LEFT(G12,2))+(LEFT(Z12,2)=LEFT(H12,2))+(LEFT(AA12,3)=LEFT(I12,3))+(LEFT(AB12,2)=LEFT(J12,2))+(LEFT(AC12,2)=LEFT(K12,2))+(LEFT(AD12,2)=LEFT(L12,2))=6,"Ya (6/6)","Tidak ("&(LEFT(Y12,2)=LEFT(G12,2))+(LEFT(Z12,2)=LEFT(H12,2))+(LEFT(AA12,3)=LEFT(I12,3))+(LEFT(AB12,2)=LEFT(J12,2))+(LEFT(AC12,2)=LEFT(K12,2))+(LEFT(AD12,2)=LEFT(L12,2))&"/6): "&TRIM(IF(NOT(LEFT(Y12,2)=LEFT(G12,2)),"V4 ","")&IF(NOT(LEFT(Z12,2)=LEFT(H12,2)),"V5 ","")&IF(NOT(LEFT(AA12,3)=LEFT(I12,3)),"V6 ","")&IF(NOT(LEFT(AB12,2)=LEFT(J12,2)),"V7 ","")&IF(NOT(LEFT(AC12,2)=LEFT(K12,2)),"V8 ","")&IF(NOT(LEFT(AD12,2)=LEFT(L12,2)),"V9 ","")))))) | BJ12: =IF(COUNTA($G12:$L12)<6,"",IF($E$1<4,"",IF(COUNTA(AE12:AJ12)<6,"Belum lengkap",IF((LEFT(AE12,2)=LEFT(G12,2))+(LEFT(AF12,2)=LEFT(H12,2))+(LEFT(AG12,3)=LEFT(I12,3))+(LEFT(AH12,2)=LEFT(J12,2))+(LEFT(AI12,2)=LEFT(K12,2))+(LEFT(AJ12,2)=LEFT(L12,2))=6,"Ya (6/6)","Tidak ("&(LEFT(AE12,2)=LEFT(G12,2))+(LEFT(AF12,2)=LEFT(H12,2))+(LEFT(AG12,3)=LEFT(I12,3))+(LEFT(AH12,2)=LEFT(J12,2))+(LEFT(AI12,2)=LEFT(K12,2))+(LEFT(AJ12,2)=LEFT(L12,2))&"/6): "&TRIM(IF(NOT(LEFT(AE12,2)=LEFT(G12,2)),"V4 ","")&IF(NOT(LEFT(AF12,2)=LEFT(H12,2)),"V5 ","")&IF(NOT(LEFT(AG12,3)=LEFT(I12,3)),"V6 ","")&IF(NOT(LEFT(AH12,2)=LEFT(J12,2)),"V7 ","")&IF(NOT(LEFT(AI12,2)=LEFT(K12,2)),"V8 ","")&IF(NOT(LEFT(AJ12,2)=LEFT(L12,2)),"V9 ",""))))))
A13: 10 | B13: =IF(INDEX(Korpus!$A:$A,$A13)="","",INDEX(Korpus!$A:$A,$A13)) -> 2019MHN201 | C13: =TRIM(INDEX(Korpus!$D:$D,$A13)&" "&INDEX(Korpus!$E:$E,$A13)) -> Paragraf 4 Kalimat 3 | D13: =IF(INDEX(Korpus!$B:$B,$A13)="","",INDEX(Korpus!$B:$B,$A13)) -> C. Pembahasan | E13: =IF(INDEX(Korpus!$C:$C,$A13)="","",INDEX(Korpus!$C:$C,$A13)) -> 5. Pentingnya Perlindungan Data Pribadi | F13: =IF(INDEX(Korpus!$F:$F,$A13)="","",INDEX(Korpus!$F:$F,$A13)) -> Lebih jauh, perlindungan privasi. | AK13: =IF(Hitung!B13<$E$1,"",IF(Hitung!C13>0,"Beda","Sama")) | AL13: =IF(Hitung!D13<$E$1,"",IF(Hitung!E13>0,"Beda","Sama")) | AM13: =IF(Hitung!F13<$E$1,"",IF(Hitung!G13>0,"Beda","Sama")) | AN13: =IF(Hitung!H13<$E$1,"",IF(Hitung!I13>0,"Beda","Sama")) | AO13: =IF(Hitung!J13<$E$1,"",IF(Hitung!K13>0,"Beda","Sama")) | AP13: =IF(Hitung!L13<$E$1,"",IF(Hitung!M13>0,"Beda","Sama")) | AQ13: =COUNTIF(AK13:AP13,"Beda") -> 0 | AX13: =IF(AR13<>"",AR13,IF(AND(Hitung!B13=$E$1,Hitung!C13=0),M13,"")) | AY13: =IF(AS13<>"",AS13,IF(AND(Hitung!D13=$E$1,Hitung!E13=0),N13,"")) | AZ13: =IF(AT13<>"",AT13,IF(AND(Hitung!F13=$E$1,Hitung!G13=0),O13,"")) | BA13: =IF(AU13<>"",AU13,IF(AND(Hitung!H13=$E$1,Hitung!I13=0),P13,"")) | BB13: =IF(AV13<>"",AV13,IF(AND(Hitung!J13=$E$1,Hitung!K13=0),Q13,"")) | BC13: =IF(AW13<>"",AW13,IF(AND(Hitung!L13=$E$1,Hitung!M13=0),R13,"")) | BE13: =IF(COUNTA(M13:R13)+COUNTA(S13:X13)+($E$1>=3)*COUNTA(Y13:AD13)+($E$1>=4)*COUNTA(AE13:AJ13)<6*$E$1,"Menunggu coder",IF(AQ13=0,"Sepakat",IF(SUMPRODUCT((AK13:AP13="Beda")*(AR13:AW13=""))=0,"Selesai adjudikasi","Perlu adjudikasi"))) -> Menunggu coder | BF13: =IF(COUNTIF(AX13:BC13,"?*")<6,"",IF(IF(AND(LEFT(AY13,2)="R0",LEFT(BC13,2)<>"K5"),"R0 harus K5; ","")&IF(AND(LEFT(AY13,2)="R1",LEFT(BC13,2)="K3"),"R1 tidak boleh K3 (fungsional); ","")&IF(AND(LEFT(AY13,2)="R2",LEFT(BC13,2)="K5"),"R2 tidak boleh K5; ","")&IF(AND(LEFT(AY13,2)="R2",OR(LEFT(AX13,2)="S6",LEFT(AX13,2)="S7",LEFT(AX13,2)="S8")),"R2 tidak boleh S6/S7/S8; ","")&IF(AND(LEFT(AY13,2)="R2",OR(LEFT(AZ13,3)="T02",LEFT(BA13,2)="P8")),"T02 atau P8 tidak boleh R2; ","")&IF(AND(LEFT(AZ13,3)="T01",LEFT(BA13,2)<>"P6"),"T01 biasanya P6 (periksa); ","")&IF(AND(LEFT(BA13,2)="P1",LEFT(BC13,2)<>"K4"),"P1 biasanya K4 (periksa); ","")="","OK",IF(AND(LEFT(AY13,2)="R0",LEFT(BC13,2)<>"K5"),"R0 harus K5; ","")&IF(AND(LEFT(AY13,2)="R1",LEFT(BC13,2)="K3"),"R1 tidak boleh K3 (fungsional); ","")&IF(AND(LEFT(AY13,2)="R2",LEFT(BC13,2)="K5"),"R2 tidak boleh K5; ","")&IF(AND(LEFT(AY13,2)="R2",OR(LEFT(AX13,2)="S6",LEFT(AX13,2)="S7",LEFT(AX13,2)="S8")),"R2 tidak boleh S6/S7/S8; ","")&IF(AND(LEFT(AY13,2)="R2",OR(LEFT(AZ13,3)="T02",LEFT(BA13,2)="P8")),"T02 atau P8 tidak boleh R2; ","")&IF(AND(LEFT(AZ13,3)="T01",LEFT(BA13,2)<>"P6"),"T01 biasanya P6 (periksa); ","")&IF(AND(LEFT(BA13,2)="P1",LEFT(BC13,2)<>"K4"),"P1 biasanya K4 (periksa); ",""))) | BG13: =IF(COUNTA($G13:$L13)<6,"",IF(COUNTA(M13:R13)<6,"Belum lengkap",IF((LEFT(M13,2)=LEFT(G13,2))+(LEFT(N13,2)=LEFT(H13,2))+(LEFT(O13,3)=LEFT(I13,3))+(LEFT(P13,2)=LEFT(J13,2))+(LEFT(Q13,2)=LEFT(K13,2))+(LEFT(R13,2)=LEFT(L13,2))=6,"Ya (6/6)","Tidak ("&(LEFT(M13,2)=LEFT(G13,2))+(LEFT(N13,2)=LEFT(H13,2))+(LEFT(O13,3)=LEFT(I13,3))+(LEFT(P13,2)=LEFT(J13,2))+(LEFT(Q13,2)=LEFT(K13,2))+(LEFT(R13,2)=LEFT(L13,2))&"/6): "&TRIM(IF(NOT(LEFT(M13,2)=LEFT(G13,2)),"V4 ","")&IF(NOT(LEFT(N13,2)=LEFT(H13,2)),"V5 ","")&IF(NOT(LEFT(O13,3)=LEFT(I13,3)),"V6 ","")&IF(NOT(LEFT(P13,2)=LEFT(J13,2)),"V7 ","")&IF(NOT(LEFT(Q13,2)=LEFT(K13,2)),"V8 ","")&IF(NOT(LEFT(R13,2)=LEFT(L13,2)),"V9 ",""))))) | BH13: =IF(COUNTA($G13:$L13)<6,"",IF(COUNTA(S13:X13)<6,"Belum lengkap",IF((LEFT(S13,2)=LEFT(G13,2))+(LEFT(T13,2)=LEFT(H13,2))+(LEFT(U13,3)=LEFT(I13,3))+(LEFT(V13,2)=LEFT(J13,2))+(LEFT(W13,2)=LEFT(K13,2))+(LEFT(X13,2)=LEFT(L13,2))=6,"Ya (6/6)","Tidak ("&(LEFT(S13,2)=LEFT(G13,2))+(LEFT(T13,2)=LEFT(H13,2))+(LEFT(U13,3)=LEFT(I13,3))+(LEFT(V13,2)=LEFT(J13,2))+(LEFT(W13,2)=LEFT(K13,2))+(LEFT(X13,2)=LEFT(L13,2))&"/6): "&TRIM(IF(NOT(LEFT(S13,2)=LEFT(G13,2)),"V4 ","")&IF(NOT(LEFT(T13,2)=LEFT(H13,2)),"V5 ","")&IF(NOT(LEFT(U13,3)=LEFT(I13,3)),"V6 ","")&IF(NOT(LEFT(V13,2)=LEFT(J13,2)),"V7 ","")&IF(NOT(LEFT(W13,2)=LEFT(K13,2)),"V8 ","")&IF(NOT(LEFT(X13,2)=LEFT(L13,2)),"V9 ",""))))) | BI13: =IF(COUNTA($G13:$L13)<6,"",IF($E$1<3,"",IF(COUNTA(Y13:AD13)<6,"Belum lengkap",IF((LEFT(Y13,2)=LEFT(G13,2))+(LEFT(Z13,2)=LEFT(H13,2))+(LEFT(AA13,3)=LEFT(I13,3))+(LEFT(AB13,2)=LEFT(J13,2))+(LEFT(AC13,2)=LEFT(K13,2))+(LEFT(AD13,2)=LEFT(L13,2))=6,"Ya (6/6)","Tidak ("&(LEFT(Y13,2)=LEFT(G13,2))+(LEFT(Z13,2)=LEFT(H13,2))+(LEFT(AA13,3)=LEFT(I13,3))+(LEFT(AB13,2)=LEFT(J13,2))+(LEFT(AC13,2)=LEFT(K13,2))+(LEFT(AD13,2)=LEFT(L13,2))&"/6): "&TRIM(IF(NOT(LEFT(Y13,2)=LEFT(G13,2)),"V4 ","")&IF(NOT(LEFT(Z13,2)=LEFT(H13,2)),"V5 ","")&IF(NOT(LEFT(AA13,3)=LEFT(I13,3)),"V6 ","")&IF(NOT(LEFT(AB13,2)=LEFT(J13,2)),"V7 ","")&IF(NOT(LEFT(AC13,2)=LEFT(K13,2)),"V8 ","")&IF(NOT(LEFT(AD13,2)=LEFT(L13,2)),"V9 ","")))))) | BJ13: =IF(COUNTA($G13:$L13)<6,"",IF($E$1<4,"",IF(COUNTA(AE13:AJ13)<6,"Belum lengkap",IF((LEFT(AE13,2)=LEFT(G13,2))+(LEFT(AF13,2)=LEFT(H13,2))+(LEFT(AG13,3)=LEFT(I13,3))+(LEFT(AH13,2)=LEFT(J13,2))+(LEFT(AI13,2)=LEFT(K13,2))+(LEFT(AJ13,2)=LEFT(L13,2))=6,"Ya (6/6)","Tidak ("&(LEFT(AE13,2)=LEFT(G13,2))+(LEFT(AF13,2)=LEFT(H13,2))+(LEFT(AG13,3)=LEFT(I13,3))+(LEFT(AH13,2)=LEFT(J13,2))+(LEFT(AI13,2)=LEFT(K13,2))+(LEFT(AJ13,2)=LEFT(L13,2))&"/6): "&TRIM(IF(NOT(LEFT(AE13,2)=LEFT(G13,2)),"V4 ","")&IF(NOT(LEFT(AF13,2)=LEFT(H13,2)),"V5 ","")&IF(NOT(LEFT(AG13,3)=LEFT(I13,3)),"V6 ","")&IF(NOT(LEFT(AH13,2)=LEFT(J13,2)),"V7 ","")&IF(NOT(LEFT(AI13,2)=LEFT(K13,2)),"V8 ","")&IF(NOT(LEFT(AJ13,2)=LEFT(L13,2)),"V9 ",""))))))
A14: 11 | B14: =IF(INDEX(Korpus!$A:$A,$A14)="","",INDEX(Korpus!$A:$A,$A14)) -> 2019MHN201 | C14: =TRIM(INDEX(Korpus!$D:$D,$A14)&" "&INDEX(Korpus!$E:$E,$A14)) -> Paragraf 4 Kalimat 4 | D14: =IF(INDEX(Korpus!$B:$B,$A14)="","",INDEX(Korpus!$B:$B,$A14)) -> C. Pembahasan | E14: =IF(INDEX(Korpus!$C:$C,$A14)="","",INDEX(Korpus!$C:$C,$A14)) -> 5. Pentingnya Perlindungan Data Pribadi | F14: =IF(INDEX(Korpus!$F:$F,$A14)="","",INDEX(Korpus!$F:$F,$A14)) -> Hak privasi telah berkembang sehingga dapat digunakan untuk merumuskan hak untuk melindungi data pribadi. | AK14: =IF(Hitung!B14<$E$1,"",IF(Hitung!C14>0,"Beda","Sama")) | AL14: =IF(Hitung!D14<$E$1,"",IF(Hitung!E14>0,"Beda","Sama")) | AM14: =IF(Hitung!F14<$E$1,"",IF(Hitung!G14>0,"Beda","Sama")) | AN14: =IF(Hitung!H14<$E$1,"",IF(Hitung!I14>0,"Beda","Sama")) | AO14: =IF(Hitung!J14<$E$1,"",IF(Hitung!K14>0,"Beda","Sama")) | AP14: =IF(Hitung!L14<$E$1,"",IF(Hitung!M14>0,"Beda","Sama")) | AQ14: =COUNTIF(AK14:AP14,"Beda") -> 0 | AX14: =IF(AR14<>"",AR14,IF(AND(Hitung!B14=$E$1,Hitung!C14=0),M14,"")) | AY14: =IF(AS14<>"",AS14,IF(AND(Hitung!D14=$E$1,Hitung!E14=0),N14,"")) | AZ14: =IF(AT14<>"",AT14,IF(AND(Hitung!F14=$E$1,Hitung!G14=0),O14,"")) | BA14: =IF(AU14<>"",AU14,IF(AND(Hitung!H14=$E$1,Hitung!I14=0),P14,"")) | BB14: =IF(AV14<>"",AV14,IF(AND(Hitung!J14=$E$1,Hitung!K14=0),Q14,"")) | BC14: =IF(AW14<>"",AW14,IF(AND(Hitung!L14=$E$1,Hitung!M14=0),R14,"")) | BE14: =IF(COUNTA(M14:R14)+COUNTA(S14:X14)+($E$1>=3)*COUNTA(Y14:AD14)+($E$1>=4)*COUNTA(AE14:AJ14)<6*$E$1,"Menunggu coder",IF(AQ14=0,"Sepakat",IF(SUMPRODUCT((AK14:AP14="Beda")*(AR14:AW14=""))=0,"Selesai adjudikasi","Perlu adjudikasi"))) -> Menunggu coder | BF14: =IF(COUNTIF(AX14:BC14,"?*")<6,"",IF(IF(AND(LEFT(AY14,2)="R0",LEFT(BC14,2)<>"K5"),"R0 harus K5; ","")&IF(AND(LEFT(AY14,2)="R1",LEFT(BC14,2)="K3"),"R1 tidak boleh K3 (fungsional); ","")&IF(AND(LEFT(AY14,2)="R2",LEFT(BC14,2)="K5"),"R2 tidak boleh K5; ","")&IF(AND(LEFT(AY14,2)="R2",OR(LEFT(AX14,2)="S6",LEFT(AX14,2)="S7",LEFT(AX14,2)="S8")),"R2 tidak boleh S6/S7/S8; ","")&IF(AND(LEFT(AY14,2)="R2",OR(LEFT(AZ14,3)="T02",LEFT(BA14,2)="P8")),"T02 atau P8 tidak boleh R2; ","")&IF(AND(LEFT(AZ14,3)="T01",LEFT(BA14,2)<>"P6"),"T01 biasanya P6 (periksa); ","")&IF(AND(LEFT(BA14,2)="P1",LEFT(BC14,2)<>"K4"),"P1 biasanya K4 (periksa); ","")="","OK",IF(AND(LEFT(AY14,2)="R0",LEFT(BC14,2)<>"K5"),"R0 harus K5; ","")&IF(AND(LEFT(AY14,2)="R1",LEFT(BC14,2)="K3"),"R1 tidak boleh K3 (fungsional); ","")&IF(AND(LEFT(AY14,2)="R2",LEFT(BC14,2)="K5"),"R2 tidak boleh K5; ","")&IF(AND(LEFT(AY14,2)="R2",OR(LEFT(AX14,2)="S6",LEFT(AX14,2)="S7",LEFT(AX14,2)="S8")),"R2 tidak boleh S6/S7/S8; ","")&IF(AND(LEFT(AY14,2)="R2",OR(LEFT(AZ14,3)="T02",LEFT(BA14,2)="P8")),"T02 atau P8 tidak boleh R2; ","")&IF(AND(LEFT(AZ14,3)="T01",LEFT(BA14,2)<>"P6"),"T01 biasanya P6 (periksa); ","")&IF(AND(LEFT(BA14,2)="P1",LEFT(BC14,2)<>"K4"),"P1 biasanya K4 (periksa); ",""))) | BG14: =IF(COUNTA($G14:$L14)<6,"",IF(COUNTA(M14:R14)<6,"Belum lengkap",IF((LEFT(M14,2)=LEFT(G14,2))+(LEFT(N14,2)=LEFT(H14,2))+(LEFT(O14,3)=LEFT(I14,3))+(LEFT(P14,2)=LEFT(J14,2))+(LEFT(Q14,2)=LEFT(K14,2))+(LEFT(R14,2)=LEFT(L14,2))=6,"Ya (6/6)","Tidak ("&(LEFT(M14,2)=LEFT(G14,2))+(LEFT(N14,2)=LEFT(H14,2))+(LEFT(O14,3)=LEFT(I14,3))+(LEFT(P14,2)=LEFT(J14,2))+(LEFT(Q14,2)=LEFT(K14,2))+(LEFT(R14,2)=LEFT(L14,2))&"/6): "&TRIM(IF(NOT(LEFT(M14,2)=LEFT(G14,2)),"V4 ","")&IF(NOT(LEFT(N14,2)=LEFT(H14,2)),"V5 ","")&IF(NOT(LEFT(O14,3)=LEFT(I14,3)),"V6 ","")&IF(NOT(LEFT(P14,2)=LEFT(J14,2)),"V7 ","")&IF(NOT(LEFT(Q14,2)=LEFT(K14,2)),"V8 ","")&IF(NOT(LEFT(R14,2)=LEFT(L14,2)),"V9 ",""))))) | BH14: =IF(COUNTA($G14:$L14)<6,"",IF(COUNTA(S14:X14)<6,"Belum lengkap",IF((LEFT(S14,2)=LEFT(G14,2))+(LEFT(T14,2)=LEFT(H14,2))+(LEFT(U14,3)=LEFT(I14,3))+(LEFT(V14,2)=LEFT(J14,2))+(LEFT(W14,2)=LEFT(K14,2))+(LEFT(X14,2)=LEFT(L14,2))=6,"Ya (6/6)","Tidak ("&(LEFT(S14,2)=LEFT(G14,2))+(LEFT(T14,2)=LEFT(H14,2))+(LEFT(U14,3)=LEFT(I14,3))+(LEFT(V14,2)=LEFT(J14,2))+(LEFT(W14,2)=LEFT(K14,2))+(LEFT(X14,2)=LEFT(L14,2))&"/6): "&TRIM(IF(NOT(LEFT(S14,2)=LEFT(G14,2)),"V4 ","")&IF(NOT(LEFT(T14,2)=LEFT(H14,2)),"V5 ","")&IF(NOT(LEFT(U14,3)=LEFT(I14,3)),"V6 ","")&IF(NOT(LEFT(V14,2)=LEFT(J14,2)),"V7 ","")&IF(NOT(LEFT(W14,2)=LEFT(K14,2)),"V8 ","")&IF(NOT(LEFT(X14,2)=LEFT(L14,2)),"V9 ",""))))) | BI14: =IF(COUNTA($G14:$L14)<6,"",IF($E$1<3,"",IF(COUNTA(Y14:AD14)<6,"Belum lengkap",IF((LEFT(Y14,2)=LEFT(G14,2))+(LEFT(Z14,2)=LEFT(H14,2))+(LEFT(AA14,3)=LEFT(I14,3))+(LEFT(AB14,2)=LEFT(J14,2))+(LEFT(AC14,2)=LEFT(K14,2))+(LEFT(AD14,2)=LEFT(L14,2))=6,"Ya (6/6)","Tidak ("&(LEFT(Y14,2)=LEFT(G14,2))+(LEFT(Z14,2)=LEFT(H14,2))+(LEFT(AA14,3)=LEFT(I14,3))+(LEFT(AB14,2)=LEFT(J14,2))+(LEFT(AC14,2)=LEFT(K14,2))+(LEFT(AD14,2)=LEFT(L14,2))&"/6): "&TRIM(IF(NOT(LEFT(Y14,2)=LEFT(G14,2)),"V4 ","")&IF(NOT(LEFT(Z14,2)=LEFT(H14,2)),"V5 ","")&IF(NOT(LEFT(AA14,3)=LEFT(I14,3)),"V6 ","")&IF(NOT(LEFT(AB14,2)=LEFT(J14,2)),"V7 ","")&IF(NOT(LEFT(AC14,2)=LEFT(K14,2)),"V8 ","")&IF(NOT(LEFT(AD14,2)=LEFT(L14,2)),"V9 ","")))))) | BJ14: =IF(COUNTA($G14:$L14)<6,"",IF($E$1<4,"",IF(COUNTA(AE14:AJ14)<6,"Belum lengkap",IF((LEFT(AE14,2)=LEFT(G14,2))+(LEFT(AF14,2)=LEFT(H14,2))+(LEFT(AG14,3)=LEFT(I14,3))+(LEFT(AH14,2)=LEFT(J14,2))+(LEFT(AI14,2)=LEFT(K14,2))+(LEFT(AJ14,2)=LEFT(L14,2))=6,"Ya (6/6)","Tidak ("&(LEFT(AE14,2)=LEFT(G14,2))+(LEFT(AF14,2)=LEFT(H14,2))+(LEFT(AG14,3)=LEFT(I14,3))+(LEFT(AH14,2)=LEFT(J14,2))+(LEFT(AI14,2)=LEFT(K14,2))+(LEFT(AJ14,2)=LEFT(L14,2))&"/6): "&TRIM(IF(NOT(LEFT(AE14,2)=LEFT(G14,2)),"V4 ","")&IF(NOT(LEFT(AF14,2)=LEFT(H14,2)),"V5 ","")&IF(NOT(LEFT(AG14,3)=LEFT(I14,3)),"V6 ","")&IF(NOT(LEFT(AH14,2)=LEFT(J14,2)),"V7 ","")&IF(NOT(LEFT(AI14,2)=LEFT(K14,2)),"V8 ","")&IF(NOT(LEFT(AJ14,2)=LEFT(L14,2)),"V9 ",""))))))
A15: 12 | B15: =IF(INDEX(Korpus!$A:$A,$A15)="","",INDEX(Korpus!$A:$A,$A15)) -> 2019MHN201 | C15: =TRIM(INDEX(Korpus!$D:$D,$A15)&" "&INDEX(Korpus!$E:$E,$A15)) -> Paragraf 5 Kalimat 1 | D15: =IF(INDEX(Korpus!$B:$B,$A15)="","",INDEX(Korpus!$B:$B,$A15)) -> C. Pembahasan | E15: =IF(INDEX(Korpus!$C:$C,$A15)="","",INDEX(Korpus!$C:$C,$A15)) -> 5. Pentingnya Perlindungan Data Pribadi | F15: =IF(INDEX(Korpus!$F:$F,$A15)="","",INDEX(Korpus!$F:$F,$A15)) -> Perlindungan data pribadi telah diatur di dalam UUD NKRI Tahun 1945. | AK15: =IF(Hitung!B15<$E$1,"",IF(Hitung!C15>0,"Beda","Sama")) | AL15: =IF(Hitung!D15<$E$1,"",IF(Hitung!E15>0,"Beda","Sama")) | AM15: =IF(Hitung!F15<$E$1,"",IF(Hitung!G15>0,"Beda","Sama")) | AN15: =IF(Hitung!H15<$E$1,"",IF(Hitung!I15>0,"Beda","Sama")) | AO15: =IF(Hitung!J15<$E$1,"",IF(Hitung!K15>0,"Beda","Sama")) | AP15: =IF(Hitung!L15<$E$1,"",IF(Hitung!M15>0,"Beda","Sama")) | AQ15: =COUNTIF(AK15:AP15,"Beda") -> 0 | AX15: =IF(AR15<>"",AR15,IF(AND(Hitung!B15=$E$1,Hitung!C15=0),M15,"")) | AY15: =IF(AS15<>"",AS15,IF(AND(Hitung!D15=$E$1,Hitung!E15=0),N15,"")) | AZ15: =IF(AT15<>"",AT15,IF(AND(Hitung!F15=$E$1,Hitung!G15=0),O15,"")) | BA15: =IF(AU15<>"",AU15,IF(AND(Hitung!H15=$E$1,Hitung!I15=0),P15,"")) | BB15: =IF(AV15<>"",AV15,IF(AND(Hitung!J15=$E$1,Hitung!K15=0),Q15,"")) | BC15: =IF(AW15<>"",AW15,IF(AND(Hitung!L15=$E$1,Hitung!M15=0),R15,"")) | BE15: =IF(COUNTA(M15:R15)+COUNTA(S15:X15)+($E$1>=3)*COUNTA(Y15:AD15)+($E$1>=4)*COUNTA(AE15:AJ15)<6*$E$1,"Menunggu coder",IF(AQ15=0,"Sepakat",IF(SUMPRODUCT((AK15:AP15="Beda")*(AR15:AW15=""))=0,"Selesai adjudikasi","Perlu adjudikasi"))) -> Menunggu coder | BF15: =IF(COUNTIF(AX15:BC15,"?*")<6,"",IF(IF(AND(LEFT(AY15,2)="R0",LEFT(BC15,2)<>"K5"),"R0 harus K5; ","")&IF(AND(LEFT(AY15,2)="R1",LEFT(BC15,2)="K3"),"R1 tidak boleh K3 (fungsional); ","")&IF(AND(LEFT(AY15,2)="R2",LEFT(BC15,2)="K5"),"R2 tidak boleh K5; ","")&IF(AND(LEFT(AY15,2)="R2",OR(LEFT(AX15,2)="S6",LEFT(AX15,2)="S7",LEFT(AX15,2)="S8")),"R2 tidak boleh S6/S7/S8; ","")&IF(AND(LEFT(AY15,2)="R2",OR(LEFT(AZ15,3)="T02",LEFT(BA15,2)="P8")),"T02 atau P8 tidak boleh R2; ","")&IF(AND(LEFT(AZ15,3)="T01",LEFT(BA15,2)<>"P6"),"T01 biasanya P6 (periksa); ","")&IF(AND(LEFT(BA15,2)="P1",LEFT(BC15,2)<>"K4"),"P1 biasanya K4 (periksa); ","")="","OK",IF(AND(LEFT(AY15,2)="R0",LEFT(BC15,2)<>"K5"),"R0 harus K5; ","")&IF(AND(LEFT(AY15,2)="R1",LEFT(BC15,2)="K3"),"R1 tidak boleh K3 (fungsional); ","")&IF(AND(LEFT(AY15,2)="R2",LEFT(BC15,2)="K5"),"R2 tidak boleh K5; ","")&IF(AND(LEFT(AY15,2)="R2",OR(LEFT(AX15,2)="S6",LEFT(AX15,2)="S7",LEFT(AX15,2)="S8")),"R2 tidak boleh S6/S7/S8; ","")&IF(AND(LEFT(AY15,2)="R2",OR(LEFT(AZ15,3)="T02",LEFT(BA15,2)="P8")),"T02 atau P8 tidak boleh R2; ","")&IF(AND(LEFT(AZ15,3)="T01",LEFT(BA15,2)<>"P6"),"T01 biasanya P6 (periksa); ","")&IF(AND(LEFT(BA15,2)="P1",LEFT(BC15,2)<>"K4"),"P1 biasanya K4 (periksa); ",""))) | BG15: =IF(COUNTA($G15:$L15)<6,"",IF(COUNTA(M15:R15)<6,"Belum lengkap",IF((LEFT(M15,2)=LEFT(G15,2))+(LEFT(N15,2)=LEFT(H15,2))+(LEFT(O15,3)=LEFT(I15,3))+(LEFT(P15,2)=LEFT(J15,2))+(LEFT(Q15,2)=LEFT(K15,2))+(LEFT(R15,2)=LEFT(L15,2))=6,"Ya (6/6)","Tidak ("&(LEFT(M15,2)=LEFT(G15,2))+(LEFT(N15,2)=LEFT(H15,2))+(LEFT(O15,3)=LEFT(I15,3))+(LEFT(P15,2)=LEFT(J15,2))+(LEFT(Q15,2)=LEFT(K15,2))+(LEFT(R15,2)=LEFT(L15,2))&"/6): "&TRIM(IF(NOT(LEFT(M15,2)=LEFT(G15,2)),"V4 ","")&IF(NOT(LEFT(N15,2)=LEFT(H15,2)),"V5 ","")&IF(NOT(LEFT(O15,3)=LEFT(I15,3)),"V6 ","")&IF(NOT(LEFT(P15,2)=LEFT(J15,2)),"V7 ","")&IF(NOT(LEFT(Q15,2)=LEFT(K15,2)),"V8 ","")&IF(NOT(LEFT(R15,2)=LEFT(L15,2)),"V9 ",""))))) | BH15: =IF(COUNTA($G15:$L15)<6,"",IF(COUNTA(S15:X15)<6,"Belum lengkap",IF((LEFT(S15,2)=LEFT(G15,2))+(LEFT(T15,2)=LEFT(H15,2))+(LEFT(U15,3)=LEFT(I15,3))+(LEFT(V15,2)=LEFT(J15,2))+(LEFT(W15,2)=LEFT(K15,2))+(LEFT(X15,2)=LEFT(L15,2))=6,"Ya (6/6)","Tidak ("&(LEFT(S15,2)=LEFT(G15,2))+(LEFT(T15,2)=LEFT(H15,2))+(LEFT(U15,3)=LEFT(I15,3))+(LEFT(V15,2)=LEFT(J15,2))+(LEFT(W15,2)=LEFT(K15,2))+(LEFT(X15,2)=LEFT(L15,2))&"/6): "&TRIM(IF(NOT(LEFT(S15,2)=LEFT(G15,2)),"V4 ","")&IF(NOT(LEFT(T15,2)=LEFT(H15,2)),"V5 ","")&IF(NOT(LEFT(U15,3)=LEFT(I15,3)),"V6 ","")&IF(NOT(LEFT(V15,2)=LEFT(J15,2)),"V7 ","")&IF(NOT(LEFT(W15,2)=LEFT(K15,2)),"V8 ","")&IF(NOT(LEFT(X15,2)=LEFT(L15,2)),"V9 ",""))))) | BI15: =IF(COUNTA($G15:$L15)<6,"",IF($E$1<3,"",IF(COUNTA(Y15:AD15)<6,"Belum lengkap",IF((LEFT(Y15,2)=LEFT(G15,2))+(LEFT(Z15,2)=LEFT(H15,2))+(LEFT(AA15,3)=LEFT(I15,3))+(LEFT(AB15,2)=LEFT(J15,2))+(LEFT(AC15,2)=LEFT(K15,2))+(LEFT(AD15,2)=LEFT(L15,2))=6,"Ya (6/6)","Tidak ("&(LEFT(Y15,2)=LEFT(G15,2))+(LEFT(Z15,2)=LEFT(H15,2))+(LEFT(AA15,3)=LEFT(I15,3))+(LEFT(AB15,2)=LEFT(J15,2))+(LEFT(AC15,2)=LEFT(K15,2))+(LEFT(AD15,2)=LEFT(L15,2))&"/6): "&TRIM(IF(NOT(LEFT(Y15,2)=LEFT(G15,2)),"V4 ","")&IF(NOT(LEFT(Z15,2)=LEFT(H15,2)),"V5 ","")&IF(NOT(LEFT(AA15,3)=LEFT(I15,3)),"V6 ","")&IF(NOT(LEFT(AB15,2)=LEFT(J15,2)),"V7 ","")&IF(NOT(LEFT(AC15,2)=LEFT(K15,2)),"V8 ","")&IF(NOT(LEFT(AD15,2)=LEFT(L15,2)),"V9 ","")))))) | BJ15: =IF(COUNTA($G15:$L15)<6,"",IF($E$1<4,"",IF(COUNTA(AE15:AJ15)<6,"Belum lengkap",IF((LEFT(AE15,2)=LEFT(G15,2))+(LEFT(AF15,2)=LEFT(H15,2))+(LEFT(AG15,3)=LEFT(I15,3))+(LEFT(AH15,2)=LEFT(J15,2))+(LEFT(AI15,2)=LEFT(K15,2))+(LEFT(AJ15,2)=LEFT(L15,2))=6,"Ya (6/6)","Tidak ("&(LEFT(AE15,2)=LEFT(G15,2))+(LEFT(AF15,2)=LEFT(H15,2))+(LEFT(AG15,3)=LEFT(I15,3))+(LEFT(AH15,2)=LEFT(J15,2))+(LEFT(AI15,2)=LEFT(K15,2))+(LEFT(AJ15,2)=LEFT(L15,2))&"/6): "&TRIM(IF(NOT(LEFT(AE15,2)=LEFT(G15,2)),"V4 ","")&IF(NOT(LEFT(AF15,2)=LEFT(H15,2)),"V5 ","")&IF(NOT(LEFT(AG15,3)=LEFT(I15,3)),"V6 ","")&IF(NOT(LEFT(AH15,2)=LEFT(J15,2)),"V7 ","")&IF(NOT(LEFT(AI15,2)=LEFT(K15,2)),"V8 ","")&IF(NOT(LEFT(AJ15,2)=LEFT(L15,2)),"V9 ",""))))))
A16: 13 | B16: =IF(INDEX(Korpus!$A:$A,$A16)="","",INDEX(Korpus!$A:$A,$A16)) -> 2019MHN201 | C16: =TRIM(INDEX(Korpus!$D:$D,$A16)&" "&INDEX(Korpus!$E:$E,$A16)) -> Paragraf 5 Kalimat 2 | D16: =IF(INDEX(Korpus!$B:$B,$A16)="","",INDEX(Korpus!$B:$B,$A16)) -> C. Pembahasan | E16: =IF(INDEX(Korpus!$C:$C,$A16)="","",INDEX(Korpus!$C:$C,$A16)) -> 5. Pentingnya Perlindungan Data Pribadi | F16: =IF(INDEX(Korpus!$F:$F,$A16)="","",INDEX(Korpus!$F:$F,$A16)) -> Dalam Pasal 28 G ayat (1) disebutkan bahwa “Setiap orang berhak atas perlindungan diri pribadi, data juga berhubungan dengan konsep hak keluarga, kehormatan, martabat, dan harta benda yang di bawah kekuasaannya, serta berhak atas rasa aman dan perlindungan dari ancaman ketakutan untuk berbuat atau tidak berbuat sesuatu yang merupakan hak asasi.” | M16: S5 - Setiap Orang atau pihak umum | N16: R2 - Relevan langsung | O16: T07 - Hak Subjek Data Pribadi | P16: P3 - Hak | Q16: F4 - Penyimpanan dan pengamanan | R16: K4 - Batasan atau aturan bisnis hukum. Apakah teks membatasi apa yang boleh dilakukan sistem, atau apa dan siapa yang tercakup? | AK16: =IF(Hitung!B16<$E$1,"",IF(Hitung!C16>0,"Beda","Sama")) | AL16: =IF(Hitung!D16<$E$1,"",IF(Hitung!E16>0,"Beda","Sama")) | AM16: =IF(Hitung!F16<$E$1,"",IF(Hitung!G16>0,"Beda","Sama")) | AN16: =IF(Hitung!H16<$E$1,"",IF(Hitung!I16>0,"Beda","Sama")) | AO16: =IF(Hitung!J16<$E$1,"",IF(Hitung!K16>0,"Beda","Sama")) | AP16: =IF(Hitung!L16<$E$1,"",IF(Hitung!M16>0,"Beda","Sama")) | AQ16: =COUNTIF(AK16:AP16,"Beda") -> 0 | AX16: =IF(AR16<>"",AR16,IF(AND(Hitung!B16=$E$1,Hitung!C16=0),M16,"")) | AY16: =IF(AS16<>"",AS16,IF(AND(Hitung!D16=$E$1,Hitung!E16=0),N16,"")) | AZ16: =IF(AT16<>"",AT16,IF(AND(Hitung!F16=$E$1,Hitung!G16=0),O16,"")) | BA16: =IF(AU16<>"",AU16,IF(AND(Hitung!H16=$E$1,Hitung!I16=0),P16,"")) | BB16: =IF(AV16<>"",AV16,IF(AND(Hitung!J16=$E$1,Hitung!K16=0),Q16,"")) | BC16: =IF(AW16<>"",AW16,IF(AND(Hitung!L16=$E$1,Hitung!M16=0),R16,"")) | BE16: =IF(COUNTA(M16:R16)+COUNTA(S16:X16)+($E$1>=3)*COUNTA(Y16:AD16)+($E$1>=4)*COUNTA(AE16:AJ16)<6*$E$1,"Menunggu coder",IF(AQ16=0,"Sepakat",IF(SUMPRODUCT((AK16:AP16="Beda")*(AR16:AW16=""))=0,"Selesai adjudikasi","Perlu adjudikasi"))) -> Menunggu coder | BF16: =IF(COUNTIF(AX16:BC16,"?*")<6,"",IF(IF(AND(LEFT(AY16,2)="R0",LEFT(BC16,2)<>"K5"),"R0 harus K5; ","")&IF(AND(LEFT(AY16,2)="R1",LEFT(BC16,2)="K3"),"R1 tidak boleh K3 (fungsional); ","")&IF(AND(LEFT(AY16,2)="R2",LEFT(BC16,2)="K5"),"R2 tidak boleh K5; ","")&IF(AND(LEFT(AY16,2)="R2",OR(LEFT(AX16,2)="S6",LEFT(AX16,2)="S7",LEFT(AX16,2)="S8")),"R2 tidak boleh S6/S7/S8; ","")&IF(AND(LEFT(AY16,2)="R2",OR(LEFT(AZ16,3)="T02",LEFT(BA16,2)="P8")),"T02 atau P8 tidak boleh R2; ","")&IF(AND(LEFT(AZ16,3)="T01",LEFT(BA16,2)<>"P6"),"T01 biasanya P6 (periksa); ","")&IF(AND(LEFT(BA16,2)="P1",LEFT(BC16,2)<>"K4"),"P1 biasanya K4 (periksa); ","")="","OK",IF(AND(LEFT(AY16,2)="R0",LEFT(BC16,2)<>"K5"),"R0 harus K5; ","")&IF(AND(LEFT(AY16,2)="R1",LEFT(BC16,2)="K3"),"R1 tidak boleh K3 (fungsional); ","")&IF(AND(LEFT(AY16,2)="R2",LEFT(BC16,2)="K5"),"R2 tidak boleh K5; ","")&IF(AND(LEFT(AY16,2)="R2",OR(LEFT(AX16,2)="S6",LEFT(AX16,2)="S7",LEFT(AX16,2)="S8")),"R2 tidak boleh S6/S7/S8; ","")&IF(AND(LEFT(AY16,2)="R2",OR(LEFT(AZ16,3)="T02",LEFT(BA16,2)="P8")),"T02 atau P8 tidak boleh R2; ","")&IF(AND(LEFT(AZ16,3)="T01",LEFT(BA16,2)<>"P6"),"T01 biasanya P6 (periksa); ","")&IF(AND(LEFT(BA16,2)="P1",LEFT(BC16,2)<>"K4"),"P1 biasanya K4 (periksa); ",""))) | BG16: =IF(COUNTA($G16:$L16)<6,"",IF(COUNTA(M16:R16)<6,"Belum lengkap",IF((LEFT(M16,2)=LEFT(G16,2))+(LEFT(N16,2)=LEFT(H16,2))+(LEFT(O16,3)=LEFT(I16,3))+(LEFT(P16,2)=LEFT(J16,2))+(LEFT(Q16,2)=LEFT(K16,2))+(LEFT(R16,2)=LEFT(L16,2))=6,"Ya (6/6)","Tidak ("&(LEFT(M16,2)=LEFT(G16,2))+(LEFT(N16,2)=LEFT(H16,2))+(LEFT(O16,3)=LEFT(I16,3))+(LEFT(P16,2)=LEFT(J16,2))+(LEFT(Q16,2)=LEFT(K16,2))+(LEFT(R16,2)=LEFT(L16,2))&"/6): "&TRIM(IF(NOT(LEFT(M16,2)=LEFT(G16,2)),"V4 ","")&IF(NOT(LEFT(N16,2)=LEFT(H16,2)),"V5 ","")&IF(NOT(LEFT(O16,3)=LEFT(I16,3)),"V6 ","")&IF(NOT(LEFT(P16,2)=LEFT(J16,2)),"V7 ","")&IF(NOT(LEFT(Q16,2)=LEFT(K16,2)),"V8 ","")&IF(NOT(LEFT(R16,2)=LEFT(L16,2)),"V9 ",""))))) | BH16: =IF(COUNTA($G16:$L16)<6,"",IF(COUNTA(S16:X16)<6,"Belum lengkap",IF((LEFT(S16,2)=LEFT(G16,2))+(LEFT(T16,2)=LEFT(H16,2))+(LEFT(U16,3)=LEFT(I16,3))+(LEFT(V16,2)=LEFT(J16,2))+(LEFT(W16,2)=LEFT(K16,2))+(LEFT(X16,2)=LEFT(L16,2))=6,"Ya (6/6)","Tidak ("&(LEFT(S16,2)=LEFT(G16,2))+(LEFT(T16,2)=LEFT(H16,2))+(LEFT(U16,3)=LEFT(I16,3))+(LEFT(V16,2)=LEFT(J16,2))+(LEFT(W16,2)=LEFT(K16,2))+(LEFT(X16,2)=LEFT(L16,2))&"/6): "&TRIM(IF(NOT(LEFT(S16,2)=LEFT(G16,2)),"V4 ","")&IF(NOT(LEFT(T16,2)=LEFT(H16,2)),"V5 ","")&IF(NOT(LEFT(U16,3)=LEFT(I16,3)),"V6 ","")&IF(NOT(LEFT(V16,2)=LEFT(J16,2)),"V7 ","")&IF(NOT(LEFT(W16,2)=LEFT(K16,2)),"V8 ","")&IF(NOT(LEFT(X16,2)=LEFT(L16,2)),"V9 ",""))))) | BI16: =IF(COUNTA($G16:$L16)<6,"",IF($E$1<3,"",IF(COUNTA(Y16:AD16)<6,"Belum lengkap",IF((LEFT(Y16,2)=LEFT(G16,2))+(LEFT(Z16,2)=LEFT(H16,2))+(LEFT(AA16,3)=LEFT(I16,3))+(LEFT(AB16,2)=LEFT(J16,2))+(LEFT(AC16,2)=LEFT(K16,2))+(LEFT(AD16,2)=LEFT(L16,2))=6,"Ya (6/6)","Tidak ("&(LEFT(Y16,2)=LEFT(G16,2))+(LEFT(Z16,2)=LEFT(H16,2))+(LEFT(AA16,3)=LEFT(I16,3))+(LEFT(AB16,2)=LEFT(J16,2))+(LEFT(AC16,2)=LEFT(K16,2))+(LEFT(AD16,2)=LEFT(L16,2))&"/6): "&TRIM(IF(NOT(LEFT(Y16,2)=LEFT(G16,2)),"V4 ","")&IF(NOT(LEFT(Z16,2)=LEFT(H16,2)),"V5 ","")&IF(NOT(LEFT(AA16,3)=LEFT(I16,3)),"V6 ","")&IF(NOT(LEFT(AB16,2)=LEFT(J16,2)),"V7 ","")&IF(NOT(LEFT(AC16,2)=LEFT(K16,2)),"V8 ","")&IF(NOT(LEFT(AD16,2)=LEFT(L16,2)),"V9 ","")))))) | BJ16: =IF(COUNTA($G16:$L16)<6,"",IF($E$1<4,"",IF(COUNTA(AE16:AJ16)<6,"Belum lengkap",IF((LEFT(AE16,2)=LEFT(G16,2))+(LEFT(AF16,2)=LEFT(H16,2))+(LEFT(AG16,3)=LEFT(I16,3))+(LEFT(AH16,2)=LEFT(J16,2))+(LEFT(AI16,2)=LEFT(K16,2))+(LEFT(AJ16,2)=LEFT(L16,2))=6,"Ya (6/6)","Tidak ("&(LEFT(AE16,2)=LEFT(G16,2))+(LEFT(AF16,2)=LEFT(H16,2))+(LEFT(AG16,3)=LEFT(I16,3))+(LEFT(AH16,2)=LEFT(J16,2))+(LEFT(AI16,2)=LEFT(K16,2))+(LEFT(AJ16,2)=LEFT(L16,2))&"/6): "&TRIM(IF(NOT(LEFT(AE16,2)=LEFT(G16,2)),"V4 ","")&IF(NOT(LEFT(AF16,2)=LEFT(H16,2)),"V5 ","")&IF(NOT(LEFT(AG16,3)=LEFT(I16,3)),"V6 ","")&IF(NOT(LEFT(AH16,2)=LEFT(J16,2)),"V7 ","")&IF(NOT(LEFT(AI16,2)=LEFT(K16,2)),"V8 ","")&IF(NOT(LEFT(AJ16,2)=LEFT(L16,2)),"V9 ","")))))) | BK16: Ya
A17: 14 | B17: =IF(INDEX(Korpus!$A:$A,$A17)="","",INDEX(Korpus!$A:$A,$A17)) -> 2019MHN201 | C17: =TRIM(INDEX(Korpus!$D:$D,$A17)&" "&INDEX(Korpus!$E:$E,$A17)) -> Paragraf 6 Kalimat 1 | D17: =IF(INDEX(Korpus!$B:$B,$A17)="","",INDEX(Korpus!$B:$B,$A17)) -> C. Pembahasan | E17: =IF(INDEX(Korpus!$C:$C,$A17)="","",INDEX(Korpus!$C:$C,$A17)) -> 5. Pentingnya Perlindungan Data Pribadi | F17: =IF(INDEX(Korpus!$F:$F,$A17)="","",INDEX(Korpus!$F:$F,$A17)) -> Selain itu beberapa peraturan nasional secara umum telah mengatur untuk memberikan perlindungan data pribadi antara lain: | AK17: =IF(Hitung!B17<$E$1,"",IF(Hitung!C17>0,"Beda","Sama")) | AL17: =IF(Hitung!D17<$E$1,"",IF(Hitung!E17>0,"Beda","Sama")) | AM17: =IF(Hitung!F17<$E$1,"",IF(Hitung!G17>0,"Beda","Sama")) | AN17: =IF(Hitung!H17<$E$1,"",IF(Hitung!I17>0,"Beda","Sama")) | AO17: =IF(Hitung!J17<$E$1,"",IF(Hitung!K17>0,"Beda","Sama")) | AP17: =IF(Hitung!L17<$E$1,"",IF(Hitung!M17>0,"Beda","Sama")) | AQ17: =COUNTIF(AK17:AP17,"Beda") -> 0 | AX17: =IF(AR17<>"",AR17,IF(AND(Hitung!B17=$E$1,Hitung!C17=0),M17,"")) | AY17: =IF(AS17<>"",AS17,IF(AND(Hitung!D17=$E$1,Hitung!E17=0),N17,"")) | AZ17: =IF(AT17<>"",AT17,IF(AND(Hitung!F17=$E$1,Hitung!G17=0),O17,"")) | BA17: =IF(AU17<>"",AU17,IF(AND(Hitung!H17=$E$1,Hitung!I17=0),P17,"")) | BB17: =IF(AV17<>"",AV17,IF(AND(Hitung!J17=$E$1,Hitung!K17=0),Q17,"")) | BC17: =IF(AW17<>"",AW17,IF(AND(Hitung!L17=$E$1,Hitung!M17=0),R17,"")) | BE17: =IF(COUNTA(M17:R17)+COUNTA(S17:X17)+($E$1>=3)*COUNTA(Y17:AD17)+($E$1>=4)*COUNTA(AE17:AJ17)<6*$E$1,"Menunggu coder",IF(AQ17=0,"Sepakat",IF(SUMPRODUCT((AK17:AP17="Beda")*(AR17:AW17=""))=0,"Selesai adjudikasi","Perlu adjudikasi"))) -> Menunggu coder | BF17: =IF(COUNTIF(AX17:BC17,"?*")<6,"",IF(IF(AND(LEFT(AY17,2)="R0",LEFT(BC17,2)<>"K5"),"R0 harus K5; ","")&IF(AND(LEFT(AY17,2)="R1",LEFT(BC17,2)="K3"),"R1 tidak boleh K3 (fungsional); ","")&IF(AND(LEFT(AY17,2)="R2",LEFT(BC17,2)="K5"),"R2 tidak boleh K5; ","")&IF(AND(LEFT(AY17,2)="R2",OR(LEFT(AX17,2)="S6",LEFT(AX17,2)="S7",LEFT(AX17,2)="S8")),"R2 tidak boleh S6/S7/S8; ","")&IF(AND(LEFT(AY17,2)="R2",OR(LEFT(AZ17,3)="T02",LEFT(BA17,2)="P8")),"T02 atau P8 tidak boleh R2; ","")&IF(AND(LEFT(AZ17,3)="T01",LEFT(BA17,2)<>"P6"),"T01 biasanya P6 (periksa); ","")&IF(AND(LEFT(BA17,2)="P1",LEFT(BC17,2)<>"K4"),"P1 biasanya K4 (periksa); ","")="","OK",IF(AND(LEFT(AY17,2)="R0",LEFT(BC17,2)<>"K5"),"R0 harus K5; ","")&IF(AND(LEFT(AY17,2)="R1",LEFT(BC17,2)="K3"),"R1 tidak boleh K3 (fungsional); ","")&IF(AND(LEFT(AY17,2)="R2",LEFT(BC17,2)="K5"),"R2 tidak boleh K5; ","")&IF(AND(LEFT(AY17,2)="R2",OR(LEFT(AX17,2)="S6",LEFT(AX17,2)="S7",LEFT(AX17,2)="S8")),"R2 tidak boleh S6/S7/S8; ","")&IF(AND(LEFT(AY17,2)="R2",OR(LEFT(AZ17,3)="T02",LEFT(BA17,2)="P8")),"T02 atau P8 tidak boleh R2; ","")&IF(AND(LEFT(AZ17,3)="T01",LEFT(BA17,2)<>"P6"),"T01 biasanya P6 (periksa); ","")&IF(AND(LEFT(BA17,2)="P1",LEFT(BC17,2)<>"K4"),"P1 biasanya K4 (periksa); ",""))) | BG17: =IF(COUNTA($G17:$L17)<6,"",IF(COUNTA(M17:R17)<6,"Belum lengkap",IF((LEFT(M17,2)=LEFT(G17,2))+(LEFT(N17,2)=LEFT(H17,2))+(LEFT(O17,3)=LEFT(I17,3))+(LEFT(P17,2)=LEFT(J17,2))+(LEFT(Q17,2)=LEFT(K17,2))+(LEFT(R17,2)=LEFT(L17,2))=6,"Ya (6/6)","Tidak ("&(LEFT(M17,2)=LEFT(G17,2))+(LEFT(N17,2)=LEFT(H17,2))+(LEFT(O17,3)=LEFT(I17,3))+(LEFT(P17,2)=LEFT(J17,2))+(LEFT(Q17,2)=LEFT(K17,2))+(LEFT(R17,2)=LEFT(L17,2))&"/6): "&TRIM(IF(NOT(LEFT(M17,2)=LEFT(G17,2)),"V4 ","")&IF(NOT(LEFT(N17,2)=LEFT(H17,2)),"V5 ","")&IF(NOT(LEFT(O17,3)=LEFT(I17,3)),"V6 ","")&IF(NOT(LEFT(P17,2)=LEFT(J17,2)),"V7 ","")&IF(NOT(LEFT(Q17,2)=LEFT(K17,2)),"V8 ","")&IF(NOT(LEFT(R17,2)=LEFT(L17,2)),"V9 ",""))))) | BH17: =IF(COUNTA($G17:$L17)<6,"",IF(COUNTA(S17:X17)<6,"Belum lengkap",IF((LEFT(S17,2)=LEFT(G17,2))+(LEFT(T17,2)=LEFT(H17,2))+(LEFT(U17,3)=LEFT(I17,3))+(LEFT(V17,2)=LEFT(J17,2))+(LEFT(W17,2)=LEFT(K17,2))+(LEFT(X17,2)=LEFT(L17,2))=6,"Ya (6/6)","Tidak ("&(LEFT(S17,2)=LEFT(G17,2))+(LEFT(T17,2)=LEFT(H17,2))+(LEFT(U17,3)=LEFT(I17,3))+(LEFT(V17,2)=LEFT(J17,2))+(LEFT(W17,2)=LEFT(K17,2))+(LEFT(X17,2)=LEFT(L17,2))&"/6): "&TRIM(IF(NOT(LEFT(S17,2)=LEFT(G17,2)),"V4 ","")&IF(NOT(LEFT(T17,2)=LEFT(H17,2)),"V5 ","")&IF(NOT(LEFT(U17,3)=LEFT(I17,3)),"V6 ","")&IF(NOT(LEFT(V17,2)=LEFT(J17,2)),"V7 ","")&IF(NOT(LEFT(W17,2)=LEFT(K17,2)),"V8 ","")&IF(NOT(LEFT(X17,2)=LEFT(L17,2)),"V9 ",""))))) | BI17: =IF(COUNTA($G17:$L17)<6,"",IF($E$1<3,"",IF(COUNTA(Y17:AD17)<6,"Belum lengkap",IF((LEFT(Y17,2)=LEFT(G17,2))+(LEFT(Z17,2)=LEFT(H17,2))+(LEFT(AA17,3)=LEFT(I17,3))+(LEFT(AB17,2)=LEFT(J17,2))+(LEFT(AC17,2)=LEFT(K17,2))+(LEFT(AD17,2)=LEFT(L17,2))=6,"Ya (6/6)","Tidak ("&(LEFT(Y17,2)=LEFT(G17,2))+(LEFT(Z17,2)=LEFT(H17,2))+(LEFT(AA17,3)=LEFT(I17,3))+(LEFT(AB17,2)=LEFT(J17,2))+(LEFT(AC17,2)=LEFT(K17,2))+(LEFT(AD17,2)=LEFT(L17,2))&"/6): "&TRIM(IF(NOT(LEFT(Y17,2)=LEFT(G17,2)),"V4 ","")&IF(NOT(LEFT(Z17,2)=LEFT(H17,2)),"V5 ","")&IF(NOT(LEFT(AA17,3)=LEFT(I17,3)),"V6 ","")&IF(NOT(LEFT(AB17,2)=LEFT(J17,2)),"V7 ","")&IF(NOT(LEFT(AC17,2)=LEFT(K17,2)),"V8 ","")&IF(NOT(LEFT(AD17,2)=LEFT(L17,2)),"V9 ","")))))) | BJ17: =IF(COUNTA($G17:$L17)<6,"",IF($E$1<4,"",IF(COUNTA(AE17:AJ17)<6,"Belum lengkap",IF((LEFT(AE17,2)=LEFT(G17,2))+(LEFT(AF17,2)=LEFT(H17,2))+(LEFT(AG17,3)=LEFT(I17,3))+(LEFT(AH17,2)=LEFT(J17,2))+(LEFT(AI17,2)=LEFT(K17,2))+(LEFT(AJ17,2)=LEFT(L17,2))=6,"Ya (6/6)","Tidak ("&(LEFT(AE17,2)=LEFT(G17,2))+(LEFT(AF17,2)=LEFT(H17,2))+(LEFT(AG17,3)=LEFT(I17,3))+(LEFT(AH17,2)=LEFT(J17,2))+(LEFT(AI17,2)=LEFT(K17,2))+(LEFT(AJ17,2)=LEFT(L17,2))&"/6): "&TRIM(IF(NOT(LEFT(AE17,2)=LEFT(G17,2)),"V4 ","")&IF(NOT(LEFT(AF17,2)=LEFT(H17,2)),"V5 ","")&IF(NOT(LEFT(AG17,3)=LEFT(I17,3)),"V6 ","")&IF(NOT(LEFT(AH17,2)=LEFT(J17,2)),"V7 ","")&IF(NOT(LEFT(AI17,2)=LEFT(K17,2)),"V8 ","")&IF(NOT(LEFT(AJ17,2)=LEFT(L17,2)),"V9 ",""))))))
A18: 15 | B18: =IF(INDEX(Korpus!$A:$A,$A18)="","",INDEX(Korpus!$A:$A,$A18)) -> 2019MHN201 | C18: =TRIM(INDEX(Korpus!$D:$D,$A18)&" "&INDEX(Korpus!$E:$E,$A18)) -> Paragraf 6 Kalimat 2 | D18: =IF(INDEX(Korpus!$B:$B,$A18)="","",INDEX(Korpus!$B:$B,$A18)) -> C. Pembahasan | E18: =IF(INDEX(Korpus!$C:$C,$A18)="","",INDEX(Korpus!$C:$C,$A18)) -> 5. Pentingnya Perlindungan Data Pribadi | F18: =IF(INDEX(Korpus!$F:$F,$A18)="","",INDEX(Korpus!$F:$F,$A18)) -> 1) Undang-Undang Nomor 19 Tahun 2016 Tentang Perubahan Atas Undang-Undang Nomor 11 Tahun 2008 Tentang Informasi dan Transaksi Elektronik | G18: S9 - Tidak ada subjek perorangan atau organisasi eksplisit | H18: R0 - Tidak relevan | I18: T02 - Latar Normatif dan Rujukan Non-operasional | J18: P8 - Deskriptif, argumentatif, dan rujukan | K18: F8 - Lintas tahap atau tidak spesifik | L18: K5 - Tidak menghasilkan kebutuhan. Apakah teks benar-benar tidak dapat diterjemahkan menjadi kalimat "Sistem harus/tidak boleh …"? | M18: S6 - Instansi atau Badan Publik | N18: R1 - Relevan tidak langsung | O18: T14 - Akses dan Pemanfaatan Data Pemerintah | P18: P6 - Definisi, klasifikasi, atau ruang lingkup | Q18: F3 - Pengolahan dan analisis | R18: K1 - Non-fungsional: keamanan dan kerahasiaan. Apakah inti teks melindungi data dari akses atau gangguan tidak sah? | AK18: =IF(Hitung!B18<$E$1,"",IF(Hitung!C18>0,"Beda","Sama")) | AL18: =IF(Hitung!D18<$E$1,"",IF(Hitung!E18>0,"Beda","Sama")) | AM18: =IF(Hitung!F18<$E$1,"",IF(Hitung!G18>0,"Beda","Sama")) | AN18: =IF(Hitung!H18<$E$1,"",IF(Hitung!I18>0,"Beda","Sama")) | AO18: =IF(Hitung!J18<$E$1,"",IF(Hitung!K18>0,"Beda","Sama")) | AP18: =IF(Hitung!L18<$E$1,"",IF(Hitung!M18>0,"Beda","Sama")) | AQ18: =COUNTIF(AK18:AP18,"Beda") -> 0 | AX18: =IF(AR18<>"",AR18,IF(AND(Hitung!B18=$E$1,Hitung!C18=0),M18,"")) | AY18: =IF(AS18<>"",AS18,IF(AND(Hitung!D18=$E$1,Hitung!E18=0),N18,"")) | AZ18: =IF(AT18<>"",AT18,IF(AND(Hitung!F18=$E$1,Hitung!G18=0),O18,"")) | BA18: =IF(AU18<>"",AU18,IF(AND(Hitung!H18=$E$1,Hitung!I18=0),P18,"")) | BB18: =IF(AV18<>"",AV18,IF(AND(Hitung!J18=$E$1,Hitung!K18=0),Q18,"")) | BC18: =IF(AW18<>"",AW18,IF(AND(Hitung!L18=$E$1,Hitung!M18=0),R18,"")) | BE18: =IF(COUNTA(M18:R18)+COUNTA(S18:X18)+($E$1>=3)*COUNTA(Y18:AD18)+($E$1>=4)*COUNTA(AE18:AJ18)<6*$E$1,"Menunggu coder",IF(AQ18=0,"Sepakat",IF(SUMPRODUCT((AK18:AP18="Beda")*(AR18:AW18=""))=0,"Selesai adjudikasi","Perlu adjudikasi"))) -> Menunggu coder | BF18: =IF(COUNTIF(AX18:BC18,"?*")<6,"",IF(IF(AND(LEFT(AY18,2)="R0",LEFT(BC18,2)<>"K5"),"R0 harus K5; ","")&IF(AND(LEFT(AY18,2)="R1",LEFT(BC18,2)="K3"),"R1 tidak boleh K3 (fungsional); ","")&IF(AND(LEFT(AY18,2)="R2",LEFT(BC18,2)="K5"),"R2 tidak boleh K5; ","")&IF(AND(LEFT(AY18,2)="R2",OR(LEFT(AX18,2)="S6",LEFT(AX18,2)="S7",LEFT(AX18,2)="S8")),"R2 tidak boleh S6/S7/S8; ","")&IF(AND(LEFT(AY18,2)="R2",OR(LEFT(AZ18,3)="T02",LEFT(BA18,2)="P8")),"T02 atau P8 tidak boleh R2; ","")&IF(AND(LEFT(AZ18,3)="T01",LEFT(BA18,2)<>"P6"),"T01 biasanya P6 (periksa); ","")&IF(AND(LEFT(BA18,2)="P1",LEFT(BC18,2)<>"K4"),"P1 biasanya K4 (periksa); ","")="","OK",IF(AND(LEFT(AY18,2)="R0",LEFT(BC18,2)<>"K5"),"R0 harus K5; ","")&IF(AND(LEFT(AY18,2)="R1",LEFT(BC18,2)="K3"),"R1 tidak boleh K3 (fungsional); ","")&IF(AND(LEFT(AY18,2)="R2",LEFT(BC18,2)="K5"),"R2 tidak boleh K5; ","")&IF(AND(LEFT(AY18,2)="R2",OR(LEFT(AX18,2)="S6",LEFT(AX18,2)="S7",LEFT(AX18,2)="S8")),"R2 tidak boleh S6/S7/S8; ","")&IF(AND(LEFT(AY18,2)="R2",OR(LEFT(AZ18,3)="T02",LEFT(BA18,2)="P8")),"T02 atau P8 tidak boleh R2; ","")&IF(AND(LEFT(AZ18,3)="T01",LEFT(BA18,2)<>"P6"),"T01 biasanya P6 (periksa); ","")&IF(AND(LEFT(BA18,2)="P1",LEFT(BC18,2)<>"K4"),"P1 biasanya K4 (periksa); ",""))) | BG18: =IF(COUNTA($G18:$L18)<6,"",IF(COUNTA(M18:R18)<6,"Belum lengkap",IF((LEFT(M18,2)=LEFT(G18,2))+(LEFT(N18,2)=LEFT(H18,2))+(LEFT(O18,3)=LEFT(I18,3))+(LEFT(P18,2)=LEFT(J18,2))+(LEFT(Q18,2)=LEFT(K18,2))+(LEFT(R18,2)=LEFT(L18,2))=6,"Ya (6/6)","Tidak ("&(LEFT(M18,2)=LEFT(G18,2))+(LEFT(N18,2)=LEFT(H18,2))+(LEFT(O18,3)=LEFT(I18,3))+(LEFT(P18,2)=LEFT(J18,2))+(LEFT(Q18,2)=LEFT(K18,2))+(LEFT(R18,2)=LEFT(L18,2))&"/6): "&TRIM(IF(NOT(LEFT(M18,2)=LEFT(G18,2)),"V4 ","")&IF(NOT(LEFT(N18,2)=LEFT(H18,2)),"V5 ","")&IF(NOT(LEFT(O18,3)=LEFT(I18,3)),"V6 ","")&IF(NOT(LEFT(P18,2)=LEFT(J18,2)),"V7 ","")&IF(NOT(LEFT(Q18,2)=LEFT(K18,2)),"V8 ","")&IF(NOT(LEFT(R18,2)=LEFT(L18,2)),"V9 ",""))))) -> Tidak (0/6): V4 V5 V6 V7 V8 V9 | BH18: =IF(COUNTA($G18:$L18)<6,"",IF(COUNTA(S18:X18)<6,"Belum lengkap",IF((LEFT(S18,2)=LEFT(G18,2))+(LEFT(T18,2)=LEFT(H18,2))+(LEFT(U18,3)=LEFT(I18,3))+(LEFT(V18,2)=LEFT(J18,2))+(LEFT(W18,2)=LEFT(K18,2))+(LEFT(X18,2)=LEFT(L18,2))=6,"Ya (6/6)","Tidak ("&(LEFT(S18,2)=LEFT(G18,2))+(LEFT(T18,2)=LEFT(H18,2))+(LEFT(U18,3)=LEFT(I18,3))+(LEFT(V18,2)=LEFT(J18,2))+(LEFT(W18,2)=LEFT(K18,2))+(LEFT(X18,2)=LEFT(L18,2))&"/6): "&TRIM(IF(NOT(LEFT(S18,2)=LEFT(G18,2)),"V4 ","")&IF(NOT(LEFT(T18,2)=LEFT(H18,2)),"V5 ","")&IF(NOT(LEFT(U18,3)=LEFT(I18,3)),"V6 ","")&IF(NOT(LEFT(V18,2)=LEFT(J18,2)),"V7 ","")&IF(NOT(LEFT(W18,2)=LEFT(K18,2)),"V8 ","")&IF(NOT(LEFT(X18,2)=LEFT(L18,2)),"V9 ",""))))) -> Belum lengkap | BI18: =IF(COUNTA($G18:$L18)<6,"",IF($E$1<3,"",IF(COUNTA(Y18:AD18)<6,"Belum lengkap",IF((LEFT(Y18,2)=LEFT(G18,2))+(LEFT(Z18,2)=LEFT(H18,2))+(LEFT(AA18,3)=LEFT(I18,3))+(LEFT(AB18,2)=LEFT(J18,2))+(LEFT(AC18,2)=LEFT(K18,2))+(LEFT(AD18,2)=LEFT(L18,2))=6,"Ya (6/6)","Tidak ("&(LEFT(Y18,2)=LEFT(G18,2))+(LEFT(Z18,2)=LEFT(H18,2))+(LEFT(AA18,3)=LEFT(I18,3))+(LEFT(AB18,2)=LEFT(J18,2))+(LEFT(AC18,2)=LEFT(K18,2))+(LEFT(AD18,2)=LEFT(L18,2))&"/6): "&TRIM(IF(NOT(LEFT(Y18,2)=LEFT(G18,2)),"V4 ","")&IF(NOT(LEFT(Z18,2)=LEFT(H18,2)),"V5 ","")&IF(NOT(LEFT(AA18,3)=LEFT(I18,3)),"V6 ","")&IF(NOT(LEFT(AB18,2)=LEFT(J18,2)),"V7 ","")&IF(NOT(LEFT(AC18,2)=LEFT(K18,2)),"V8 ","")&IF(NOT(LEFT(AD18,2)=LEFT(L18,2)),"V9 ","")))))) | BJ18: =IF(COUNTA($G18:$L18)<6,"",IF($E$1<4,"",IF(COUNTA(AE18:AJ18)<6,"Belum lengkap",IF((LEFT(AE18,2)=LEFT(G18,2))+(LEFT(AF18,2)=LEFT(H18,2))+(LEFT(AG18,3)=LEFT(I18,3))+(LEFT(AH18,2)=LEFT(J18,2))+(LEFT(AI18,2)=LEFT(K18,2))+(LEFT(AJ18,2)=LEFT(L18,2))=6,"Ya (6/6)","Tidak ("&(LEFT(AE18,2)=LEFT(G18,2))+(LEFT(AF18,2)=LEFT(H18,2))+(LEFT(AG18,3)=LEFT(I18,3))+(LEFT(AH18,2)=LEFT(J18,2))+(LEFT(AI18,2)=LEFT(K18,2))+(LEFT(AJ18,2)=LEFT(L18,2))&"/6): "&TRIM(IF(NOT(LEFT(AE18,2)=LEFT(G18,2)),"V4 ","")&IF(NOT(LEFT(AF18,2)=LEFT(H18,2)),"V5 ","")&IF(NOT(LEFT(AG18,3)=LEFT(I18,3)),"V6 ","")&IF(NOT(LEFT(AH18,2)=LEFT(J18,2)),"V7 ","")&IF(NOT(LEFT(AI18,2)=LEFT(K18,2)),"V8 ","")&IF(NOT(LEFT(AJ18,2)=LEFT(L18,2)),"V9 ","")))))) | BK18: CC
A19: 16 | B19: =IF(INDEX(Korpus!$A:$A,$A19)="","",INDEX(Korpus!$A:$A,$A19)) -> 2019MHN201 | C19: =TRIM(INDEX(Korpus!$D:$D,$A19)&" "&INDEX(Korpus!$E:$E,$A19)) -> Paragraf 6 Kalimat 3 | D19: =IF(INDEX(Korpus!$B:$B,$A19)="","",INDEX(Korpus!$B:$B,$A19)) -> C. Pembahasan | E19: =IF(INDEX(Korpus!$C:$C,$A19)="","",INDEX(Korpus!$C:$C,$A19)) -> 5. Pentingnya Perlindungan Data Pribadi | F19: =IF(INDEX(Korpus!$F:$F,$A19)="","",INDEX(Korpus!$F:$F,$A19)) -> 2) Undang-Undang Nomor 11 Tahun 2008 Tentang Informasi dan Transaksi Elektronik | AK19: =IF(Hitung!B19<$E$1,"",IF(Hitung!C19>0,"Beda","Sama")) | AL19: =IF(Hitung!D19<$E$1,"",IF(Hitung!E19>0,"Beda","Sama")) | AM19: =IF(Hitung!F19<$E$1,"",IF(Hitung!G19>0,"Beda","Sama")) | AN19: =IF(Hitung!H19<$E$1,"",IF(Hitung!I19>0,"Beda","Sama")) | AO19: =IF(Hitung!J19<$E$1,"",IF(Hitung!K19>0,"Beda","Sama")) | AP19: =IF(Hitung!L19<$E$1,"",IF(Hitung!M19>0,"Beda","Sama")) | AQ19: =COUNTIF(AK19:AP19,"Beda") -> 0 | AX19: =IF(AR19<>"",AR19,IF(AND(Hitung!B19=$E$1,Hitung!C19=0),M19,"")) | AY19: =IF(AS19<>"",AS19,IF(AND(Hitung!D19=$E$1,Hitung!E19=0),N19,"")) | AZ19: =IF(AT19<>"",AT19,IF(AND(Hitung!F19=$E$1,Hitung!G19=0),O19,"")) | BA19: =IF(AU19<>"",AU19,IF(AND(Hitung!H19=$E$1,Hitung!I19=0),P19,"")) | BB19: =IF(AV19<>"",AV19,IF(AND(Hitung!J19=$E$1,Hitung!K19=0),Q19,"")) | BC19: =IF(AW19<>"",AW19,IF(AND(Hitung!L19=$E$1,Hitung!M19=0),R19,"")) | BE19: =IF(COUNTA(M19:R19)+COUNTA(S19:X19)+($E$1>=3)*COUNTA(Y19:AD19)+($E$1>=4)*COUNTA(AE19:AJ19)<6*$E$1,"Menunggu coder",IF(AQ19=0,"Sepakat",IF(SUMPRODUCT((AK19:AP19="Beda")*(AR19:AW19=""))=0,"Selesai adjudikasi","Perlu adjudikasi"))) -> Menunggu coder | BF19: =IF(COUNTIF(AX19:BC19,"?*")<6,"",IF(IF(AND(LEFT(AY19,2)="R0",LEFT(BC19,2)<>"K5"),"R0 harus K5; ","")&IF(AND(LEFT(AY19,2)="R1",LEFT(BC19,2)="K3"),"R1 tidak boleh K3 (fungsional); ","")&IF(AND(LEFT(AY19,2)="R2",LEFT(BC19,2)="K5"),"R2 tidak boleh K5; ","")&IF(AND(LEFT(AY19,2)="R2",OR(LEFT(AX19,2)="S6",LEFT(AX19,2)="S7",LEFT(AX19,2)="S8")),"R2 tidak boleh S6/S7/S8; ","")&IF(AND(LEFT(AY19,2)="R2",OR(LEFT(AZ19,3)="T02",LEFT(BA19,2)="P8")),"T02 atau P8 tidak boleh R2; ","")&IF(AND(LEFT(AZ19,3)="T01",LEFT(BA19,2)<>"P6"),"T01 biasanya P6 (periksa); ","")&IF(AND(LEFT(BA19,2)="P1",LEFT(BC19,2)<>"K4"),"P1 biasanya K4 (periksa); ","")="","OK",IF(AND(LEFT(AY19,2)="R0",LEFT(BC19,2)<>"K5"),"R0 harus K5; ","")&IF(AND(LEFT(AY19,2)="R1",LEFT(BC19,2)="K3"),"R1 tidak boleh K3 (fungsional); ","")&IF(AND(LEFT(AY19,2)="R2",LEFT(BC19,2)="K5"),"R2 tidak boleh K5; ","")&IF(AND(LEFT(AY19,2)="R2",OR(LEFT(AX19,2)="S6",LEFT(AX19,2)="S7",LEFT(AX19,2)="S8")),"R2 tidak boleh S6/S7/S8; ","")&IF(AND(LEFT(AY19,2)="R2",OR(LEFT(AZ19,3)="T02",LEFT(BA19,2)="P8")),"T02 atau P8 tidak boleh R2; ","")&IF(AND(LEFT(AZ19,3)="T01",LEFT(BA19,2)<>"P6"),"T01 biasanya P6 (periksa); ","")&IF(AND(LEFT(BA19,2)="P1",LEFT(BC19,2)<>"K4"),"P1 biasanya K4 (periksa); ",""))) | BG19: =IF(COUNTA($G19:$L19)<6,"",IF(COUNTA(M19:R19)<6,"Belum lengkap",IF((LEFT(M19,2)=LEFT(G19,2))+(LEFT(N19,2)=LEFT(H19,2))+(LEFT(O19,3)=LEFT(I19,3))+(LEFT(P19,2)=LEFT(J19,2))+(LEFT(Q19,2)=LEFT(K19,2))+(LEFT(R19,2)=LEFT(L19,2))=6,"Ya (6/6)","Tidak ("&(LEFT(M19,2)=LEFT(G19,2))+(LEFT(N19,2)=LEFT(H19,2))+(LEFT(O19,3)=LEFT(I19,3))+(LEFT(P19,2)=LEFT(J19,2))+(LEFT(Q19,2)=LEFT(K19,2))+(LEFT(R19,2)=LEFT(L19,2))&"/6): "&TRIM(IF(NOT(LEFT(M19,2)=LEFT(G19,2)),"V4 ","")&IF(NOT(LEFT(N19,2)=LEFT(H19,2)),"V5 ","")&IF(NOT(LEFT(O19,3)=LEFT(I19,3)),"V6 ","")&IF(NOT(LEFT(P19,2)=LEFT(J19,2)),"V7 ","")&IF(NOT(LEFT(Q19,2)=LEFT(K19,2)),"V8 ","")&IF(NOT(LEFT(R19,2)=LEFT(L19,2)),"V9 ",""))))) | BH19: =IF(COUNTA($G19:$L19)<6,"",IF(COUNTA(S19:X19)<6,"Belum lengkap",IF((LEFT(S19,2)=LEFT(G19,2))+(LEFT(T19,2)=LEFT(H19,2))+(LEFT(U19,3)=LEFT(I19,3))+(LEFT(V19,2)=LEFT(J19,2))+(LEFT(W19,2)=LEFT(K19,2))+(LEFT(X19,2)=LEFT(L19,2))=6,"Ya (6/6)","Tidak ("&(LEFT(S19,2)=LEFT(G19,2))+(LEFT(T19,2)=LEFT(H19,2))+(LEFT(U19,3)=LEFT(I19,3))+(LEFT(V19,2)=LEFT(J19,2))+(LEFT(W19,2)=LEFT(K19,2))+(LEFT(X19,2)=LEFT(L19,2))&"/6): "&TRIM(IF(NOT(LEFT(S19,2)=LEFT(G19,2)),"V4 ","")&IF(NOT(LEFT(T19,2)=LEFT(H19,2)),"V5 ","")&IF(NOT(LEFT(U19,3)=LEFT(I19,3)),"V6 ","")&IF(NOT(LEFT(V19,2)=LEFT(J19,2)),"V7 ","")&IF(NOT(LEFT(W19,2)=LEFT(K19,2)),"V8 ","")&IF(NOT(LEFT(X19,2)=LEFT(L19,2)),"V9 ",""))))) | BI19: =IF(COUNTA($G19:$L19)<6,"",IF($E$1<3,"",IF(COUNTA(Y19:AD19)<6,"Belum lengkap",IF((LEFT(Y19,2)=LEFT(G19,2))+(LEFT(Z19,2)=LEFT(H19,2))+(LEFT(AA19,3)=LEFT(I19,3))+(LEFT(AB19,2)=LEFT(J19,2))+(LEFT(AC19,2)=LEFT(K19,2))+(LEFT(AD19,2)=LEFT(L19,2))=6,"Ya (6/6)","Tidak ("&(LEFT(Y19,2)=LEFT(G19,2))+(LEFT(Z19,2)=LEFT(H19,2))+(LEFT(AA19,3)=LEFT(I19,3))+(LEFT(AB19,2)=LEFT(J19,2))+(LEFT(AC19,2)=LEFT(K19,2))+(LEFT(AD19,2)=LEFT(L19,2))&"/6): "&TRIM(IF(NOT(LEFT(Y19,2)=LEFT(G19,2)),"V4 ","")&IF(NOT(LEFT(Z19,2)=LEFT(H19,2)),"V5 ","")&IF(NOT(LEFT(AA19,3)=LEFT(I19,3)),"V6 ","")&IF(NOT(LEFT(AB19,2)=LEFT(J19,2)),"V7 ","")&IF(NOT(LEFT(AC19,2)=LEFT(K19,2)),"V8 ","")&IF(NOT(LEFT(AD19,2)=LEFT(L19,2)),"V9 ","")))))) | BJ19: =IF(COUNTA($G19:$L19)<6,"",IF($E$1<4,"",IF(COUNTA(AE19:AJ19)<6,"Belum lengkap",IF((LEFT(AE19,2)=LEFT(G19,2))+(LEFT(AF19,2)=LEFT(H19,2))+(LEFT(AG19,3)=LEFT(I19,3))+(LEFT(AH19,2)=LEFT(J19,2))+(LEFT(AI19,2)=LEFT(K19,2))+(LEFT(AJ19,2)=LEFT(L19,2))=6,"Ya (6/6)","Tidak ("&(LEFT(AE19,2)=LEFT(G19,2))+(LEFT(AF19,2)=LEFT(H19,2))+(LEFT(AG19,3)=LEFT(I19,3))+(LEFT(AH19,2)=LEFT(J19,2))+(LEFT(AI19,2)=LEFT(K19,2))+(LEFT(AJ19,2)=LEFT(L19,2))&"/6): "&TRIM(IF(NOT(LEFT(AE19,2)=LEFT(G19,2)),"V4 ","")&IF(NOT(LEFT(AF19,2)=LEFT(H19,2)),"V5 ","")&IF(NOT(LEFT(AG19,3)=LEFT(I19,3)),"V6 ","")&IF(NOT(LEFT(AH19,2)=LEFT(J19,2)),"V7 ","")&IF(NOT(LEFT(AI19,2)=LEFT(K19,2)),"V8 ","")&IF(NOT(LEFT(AJ19,2)=LEFT(L19,2)),"V9 ",""))))))
A20: 17 | B20: =IF(INDEX(Korpus!$A:$A,$A20)="","",INDEX(Korpus!$A:$A,$A20)) -> 2019MHN201 | C20: =TRIM(INDEX(Korpus!$D:$D,$A20)&" "&INDEX(Korpus!$E:$E,$A20)) -> Paragraf 6 Kalimat 13 | D20: =IF(INDEX(Korpus!$B:$B,$A20)="","",INDEX(Korpus!$B:$B,$A20)) -> C. Pembahasan | E20: =IF(INDEX(Korpus!$C:$C,$A20)="","",INDEX(Korpus!$C:$C,$A20)) -> 5. Pentingnya Perlindungan Data Pribadi | F20: =IF(INDEX(Korpus!$F:$F,$A20)="","",INDEX(Korpus!$F:$F,$A20)) -> 12) Peraturan Menteri Komunikasi dan Informasi Nomor 20 Tahun 2016 Tentang Perlindungan Data Pribadi Dalam Sistem Elektronik | AK20: =IF(Hitung!B20<$E$1,"",IF(Hitung!C20>0,"Beda","Sama")) | AL20: =IF(Hitung!D20<$E$1,"",IF(Hitung!E20>0,"Beda","Sama")) | AM20: =IF(Hitung!F20<$E$1,"",IF(Hitung!G20>0,"Beda","Sama")) | AN20: =IF(Hitung!H20<$E$1,"",IF(Hitung!I20>0,"Beda","Sama")) | AO20: =IF(Hitung!J20<$E$1,"",IF(Hitung!K20>0,"Beda","Sama")) | AP20: =IF(Hitung!L20<$E$1,"",IF(Hitung!M20>0,"Beda","Sama")) | AQ20: =COUNTIF(AK20:AP20,"Beda") -> 0 | AX20: =IF(AR20<>"",AR20,IF(AND(Hitung!B20=$E$1,Hitung!C20=0),M20,"")) | AY20: =IF(AS20<>"",AS20,IF(AND(Hitung!D20=$E$1,Hitung!E20=0),N20,"")) | AZ20: =IF(AT20<>"",AT20,IF(AND(Hitung!F20=$E$1,Hitung!G20=0),O20,"")) | BA20: =IF(AU20<>"",AU20,IF(AND(Hitung!H20=$E$1,Hitung!I20=0),P20,"")) | BB20: =IF(AV20<>"",AV20,IF(AND(Hitung!J20=$E$1,Hitung!K20=0),Q20,"")) | BC20: =IF(AW20<>"",AW20,IF(AND(Hitung!L20=$E$1,Hitung!M20=0),R20,"")) | BE20: =IF(COUNTA(M20:R20)+COUNTA(S20:X20)+($E$1>=3)*COUNTA(Y20:AD20)+($E$1>=4)*COUNTA(AE20:AJ20)<6*$E$1,"Menunggu coder",IF(AQ20=0,"Sepakat",IF(SUMPRODUCT((AK20:AP20="Beda")*(AR20:AW20=""))=0,"Selesai adjudikasi","Perlu adjudikasi"))) -> Menunggu coder | BF20: =IF(COUNTIF(AX20:BC20,"?*")<6,"",IF(IF(AND(LEFT(AY20,2)="R0",LEFT(BC20,2)<>"K5"),"R0 harus K5; ","")&IF(AND(LEFT(AY20,2)="R1",LEFT(BC20,2)="K3"),"R1 tidak boleh K3 (fungsional); ","")&IF(AND(LEFT(AY20,2)="R2",LEFT(BC20,2)="K5"),"R2 tidak boleh K5; ","")&IF(AND(LEFT(AY20,2)="R2",OR(LEFT(AX20,2)="S6",LEFT(AX20,2)="S7",LEFT(AX20,2)="S8")),"R2 tidak boleh S6/S7/S8; ","")&IF(AND(LEFT(AY20,2)="R2",OR(LEFT(AZ20,3)="T02",LEFT(BA20,2)="P8")),"T02 atau P8 tidak boleh R2; ","")&IF(AND(LEFT(AZ20,3)="T01",LEFT(BA20,2)<>"P6"),"T01 biasanya P6 (periksa); ","")&IF(AND(LEFT(BA20,2)="P1",LEFT(BC20,2)<>"K4"),"P1 biasanya K4 (periksa); ","")="","OK",IF(AND(LEFT(AY20,2)="R0",LEFT(BC20,2)<>"K5"),"R0 harus K5; ","")&IF(AND(LEFT(AY20,2)="R1",LEFT(BC20,2)="K3"),"R1 tidak boleh K3 (fungsional); ","")&IF(AND(LEFT(AY20,2)="R2",LEFT(BC20,2)="K5"),"R2 tidak boleh K5; ","")&IF(AND(LEFT(AY20,2)="R2",OR(LEFT(AX20,2)="S6",LEFT(AX20,2)="S7",LEFT(AX20,2)="S8")),"R2 tidak boleh S6/S7/S8; ","")&IF(AND(LEFT(AY20,2)="R2",OR(LEFT(AZ20,3)="T02",LEFT(BA20,2)="P8")),"T02 atau P8 tidak boleh R2; ","")&IF(AND(LEFT(AZ20,3)="T01",LEFT(BA20,2)<>"P6"),"T01 biasanya P6 (periksa); ","")&IF(AND(LEFT(BA20,2)="P1",LEFT(BC20,2)<>"K4"),"P1 biasanya K4 (periksa); ",""))) | BG20: =IF(COUNTA($G20:$L20)<6,"",IF(COUNTA(M20:R20)<6,"Belum lengkap",IF((LEFT(M20,2)=LEFT(G20,2))+(LEFT(N20,2)=LEFT(H20,2))+(LEFT(O20,3)=LEFT(I20,3))+(LEFT(P20,2)=LEFT(J20,2))+(LEFT(Q20,2)=LEFT(K20,2))+(LEFT(R20,2)=LEFT(L20,2))=6,"Ya (6/6)","Tidak ("&(LEFT(M20,2)=LEFT(G20,2))+(LEFT(N20,2)=LEFT(H20,2))+(LEFT(O20,3)=LEFT(I20,3))+(LEFT(P20,2)=LEFT(J20,2))+(LEFT(Q20,2)=LEFT(K20,2))+(LEFT(R20,2)=LEFT(L20,2))&"/6): "&TRIM(IF(NOT(LEFT(M20,2)=LEFT(G20,2)),"V4 ","")&IF(NOT(LEFT(N20,2)=LEFT(H20,2)),"V5 ","")&IF(NOT(LEFT(O20,3)=LEFT(I20,3)),"V6 ","")&IF(NOT(LEFT(P20,2)=LEFT(J20,2)),"V7 ","")&IF(NOT(LEFT(Q20,2)=LEFT(K20,2)),"V8 ","")&IF(NOT(LEFT(R20,2)=LEFT(L20,2)),"V9 ",""))))) | BH20: =IF(COUNTA($G20:$L20)<6,"",IF(COUNTA(S20:X20)<6,"Belum lengkap",IF((LEFT(S20,2)=LEFT(G20,2))+(LEFT(T20,2)=LEFT(H20,2))+(LEFT(U20,3)=LEFT(I20,3))+(LEFT(V20,2)=LEFT(J20,2))+(LEFT(W20,2)=LEFT(K20,2))+(LEFT(X20,2)=LEFT(L20,2))=6,"Ya (6/6)","Tidak ("&(LEFT(S20,2)=LEFT(G20,2))+(LEFT(T20,2)=LEFT(H20,2))+(LEFT(U20,3)=LEFT(I20,3))+(LEFT(V20,2)=LEFT(J20,2))+(LEFT(W20,2)=LEFT(K20,2))+(LEFT(X20,2)=LEFT(L20,2))&"/6): "&TRIM(IF(NOT(LEFT(S20,2)=LEFT(G20,2)),"V4 ","")&IF(NOT(LEFT(T20,2)=LEFT(H20,2)),"V5 ","")&IF(NOT(LEFT(U20,3)=LEFT(I20,3)),"V6 ","")&IF(NOT(LEFT(V20,2)=LEFT(J20,2)),"V7 ","")&IF(NOT(LEFT(W20,2)=LEFT(K20,2)),"V8 ","")&IF(NOT(LEFT(X20,2)=LEFT(L20,2)),"V9 ",""))))) | BI20: =IF(COUNTA($G20:$L20)<6,"",IF($E$1<3,"",IF(COUNTA(Y20:AD20)<6,"Belum lengkap",IF((LEFT(Y20,2)=LEFT(G20,2))+(LEFT(Z20,2)=LEFT(H20,2))+(LEFT(AA20,3)=LEFT(I20,3))+(LEFT(AB20,2)=LEFT(J20,2))+(LEFT(AC20,2)=LEFT(K20,2))+(LEFT(AD20,2)=LEFT(L20,2))=6,"Ya (6/6)","Tidak ("&(LEFT(Y20,2)=LEFT(G20,2))+(LEFT(Z20,2)=LEFT(H20,2))+(LEFT(AA20,3)=LEFT(I20,3))+(LEFT(AB20,2)=LEFT(J20,2))+(LEFT(AC20,2)=LEFT(K20,2))+(LEFT(AD20,2)=LEFT(L20,2))&"/6): "&TRIM(IF(NOT(LEFT(Y20,2)=LEFT(G20,2)),"V4 ","")&IF(NOT(LEFT(Z20,2)=LEFT(H20,2)),"V5 ","")&IF(NOT(LEFT(AA20,3)=LEFT(I20,3)),"V6 ","")&IF(NOT(LEFT(AB20,2)=LEFT(J20,2)),"V7 ","")&IF(NOT(LEFT(AC20,2)=LEFT(K20,2)),"V8 ","")&IF(NOT(LEFT(AD20,2)=LEFT(L20,2)),"V9 ","")))))) | BJ20: =IF(COUNTA($G20:$L20)<6,"",IF($E$1<4,"",IF(COUNTA(AE20:AJ20)<6,"Belum lengkap",IF((LEFT(AE20,2)=LEFT(G20,2))+(LEFT(AF20,2)=LEFT(H20,2))+(LEFT(AG20,3)=LEFT(I20,3))+(LEFT(AH20,2)=LEFT(J20,2))+(LEFT(AI20,2)=LEFT(K20,2))+(LEFT(AJ20,2)=LEFT(L20,2))=6,"Ya (6/6)","Tidak ("&(LEFT(AE20,2)=LEFT(G20,2))+(LEFT(AF20,2)=LEFT(H20,2))+(LEFT(AG20,3)=LEFT(I20,3))+(LEFT(AH20,2)=LEFT(J20,2))+(LEFT(AI20,2)=LEFT(K20,2))+(LEFT(AJ20,2)=LEFT(L20,2))&"/6): "&TRIM(IF(NOT(LEFT(AE20,2)=LEFT(G20,2)),"V4 ","")&IF(NOT(LEFT(AF20,2)=LEFT(H20,2)),"V5 ","")&IF(NOT(LEFT(AG20,3)=LEFT(I20,3)),"V6 ","")&IF(NOT(LEFT(AH20,2)=LEFT(J20,2)),"V7 ","")&IF(NOT(LEFT(AI20,2)=LEFT(K20,2)),"V8 ","")&IF(NOT(LEFT(AJ20,2)=LEFT(L20,2)),"V9 ",""))))))
A21: 18 | B21: =IF(INDEX(Korpus!$A:$A,$A21)="","",INDEX(Korpus!$A:$A,$A21)) -> 2019MHN201 | C21: =TRIM(INDEX(Korpus!$D:$D,$A21)&" "&INDEX(Korpus!$E:$E,$A21)) -> Paragraf 6 Kalimat 14 | D21: =IF(INDEX(Korpus!$B:$B,$A21)="","",INDEX(Korpus!$B:$B,$A21)) -> C. Pembahasan | E21: =IF(INDEX(Korpus!$C:$C,$A21)="","",INDEX(Korpus!$C:$C,$A21)) -> 5. Pentingnya Perlindungan Data Pribadi | F21: =IF(INDEX(Korpus!$F:$F,$A21)="","",INDEX(Korpus!$F:$F,$A21)) -> 13) Peraturan Pemerintah Nomor 82 Tahun 2012 Tentang Penyelenggaraan Sistem dan Transaksi Elektronik | AK21: =IF(Hitung!B21<$E$1,"",IF(Hitung!C21>0,"Beda","Sama")) | AL21: =IF(Hitung!D21<$E$1,"",IF(Hitung!E21>0,"Beda","Sama")) | AM21: =IF(Hitung!F21<$E$1,"",IF(Hitung!G21>0,"Beda","Sama")) | AN21: =IF(Hitung!H21<$E$1,"",IF(Hitung!I21>0,"Beda","Sama")) | AO21: =IF(Hitung!J21<$E$1,"",IF(Hitung!K21>0,"Beda","Sama")) | AP21: =IF(Hitung!L21<$E$1,"",IF(Hitung!M21>0,"Beda","Sama")) | AQ21: =COUNTIF(AK21:AP21,"Beda") -> 0 | AX21: =IF(AR21<>"",AR21,IF(AND(Hitung!B21=$E$1,Hitung!C21=0),M21,"")) | AY21: =IF(AS21<>"",AS21,IF(AND(Hitung!D21=$E$1,Hitung!E21=0),N21,"")) | AZ21: =IF(AT21<>"",AT21,IF(AND(Hitung!F21=$E$1,Hitung!G21=0),O21,"")) | BA21: =IF(AU21<>"",AU21,IF(AND(Hitung!H21=$E$1,Hitung!I21=0),P21,"")) | BB21: =IF(AV21<>"",AV21,IF(AND(Hitung!J21=$E$1,Hitung!K21=0),Q21,"")) | BC21: =IF(AW21<>"",AW21,IF(AND(Hitung!L21=$E$1,Hitung!M21=0),R21,"")) | BE21: =IF(COUNTA(M21:R21)+COUNTA(S21:X21)+($E$1>=3)*COUNTA(Y21:AD21)+($E$1>=4)*COUNTA(AE21:AJ21)<6*$E$1,"Menunggu coder",IF(AQ21=0,"Sepakat",IF(SUMPRODUCT((AK21:AP21="Beda")*(AR21:AW21=""))=0,"Selesai adjudikasi","Perlu adjudikasi"))) -> Menunggu coder | BF21: =IF(COUNTIF(AX21:BC21,"?*")<6,"",IF(IF(AND(LEFT(AY21,2)="R0",LEFT(BC21,2)<>"K5"),"R0 harus K5; ","")&IF(AND(LEFT(AY21,2)="R1",LEFT(BC21,2)="K3"),"R1 tidak boleh K3 (fungsional); ","")&IF(AND(LEFT(AY21,2)="R2",LEFT(BC21,2)="K5"),"R2 tidak boleh K5; ","")&IF(AND(LEFT(AY21,2)="R2",OR(LEFT(AX21,2)="S6",LEFT(AX21,2)="S7",LEFT(AX21,2)="S8")),"R2 tidak boleh S6/S7/S8; ","")&IF(AND(LEFT(AY21,2)="R2",OR(LEFT(AZ21,3)="T02",LEFT(BA21,2)="P8")),"T02 atau P8 tidak boleh R2; ","")&IF(AND(LEFT(AZ21,3)="T01",LEFT(BA21,2)<>"P6"),"T01 biasanya P6 (periksa); ","")&IF(AND(LEFT(BA21,2)="P1",LEFT(BC21,2)<>"K4"),"P1 biasanya K4 (periksa); ","")="","OK",IF(AND(LEFT(AY21,2)="R0",LEFT(BC21,2)<>"K5"),"R0 harus K5; ","")&IF(AND(LEFT(AY21,2)="R1",LEFT(BC21,2)="K3"),"R1 tidak boleh K3 (fungsional); ","")&IF(AND(LEFT(AY21,2)="R2",LEFT(BC21,2)="K5"),"R2 tidak boleh K5; ","")&IF(AND(LEFT(AY21,2)="R2",OR(LEFT(AX21,2)="S6",LEFT(AX21,2)="S7",LEFT(AX21,2)="S8")),"R2 tidak boleh S6/S7/S8; ","")&IF(AND(LEFT(AY21,2)="R2",OR(LEFT(AZ21,3)="T02",LEFT(BA21,2)="P8")),"T02 atau P8 tidak boleh R2; ","")&IF(AND(LEFT(AZ21,3)="T01",LEFT(BA21,2)<>"P6"),"T01 biasanya P6 (periksa); ","")&IF(AND(LEFT(BA21,2)="P1",LEFT(BC21,2)<>"K4"),"P1 biasanya K4 (periksa); ",""))) | BG21: =IF(COUNTA($G21:$L21)<6,"",IF(COUNTA(M21:R21)<6,"Belum lengkap",IF((LEFT(M21,2)=LEFT(G21,2))+(LEFT(N21,2)=LEFT(H21,2))+(LEFT(O21,3)=LEFT(I21,3))+(LEFT(P21,2)=LEFT(J21,2))+(LEFT(Q21,2)=LEFT(K21,2))+(LEFT(R21,2)=LEFT(L21,2))=6,"Ya (6/6)","Tidak ("&(LEFT(M21,2)=LEFT(G21,2))+(LEFT(N21,2)=LEFT(H21,2))+(LEFT(O21,3)=LEFT(I21,3))+(LEFT(P21,2)=LEFT(J21,2))+(LEFT(Q21,2)=LEFT(K21,2))+(LEFT(R21,2)=LEFT(L21,2))&"/6): "&TRIM(IF(NOT(LEFT(M21,2)=LEFT(G21,2)),"V4 ","")&IF(NOT(LEFT(N21,2)=LEFT(H21,2)),"V5 ","")&IF(NOT(LEFT(O21,3)=LEFT(I21,3)),"V6 ","")&IF(NOT(LEFT(P21,2)=LEFT(J21,2)),"V7 ","")&IF(NOT(LEFT(Q21,2)=LEFT(K21,2)),"V8 ","")&IF(NOT(LEFT(R21,2)=LEFT(L21,2)),"V9 ",""))))) | BH21: =IF(COUNTA($G21:$L21)<6,"",IF(COUNTA(S21:X21)<6,"Belum lengkap",IF((LEFT(S21,2)=LEFT(G21,2))+(LEFT(T21,2)=LEFT(H21,2))+(LEFT(U21,3)=LEFT(I21,3))+(LEFT(V21,2)=LEFT(J21,2))+(LEFT(W21,2)=LEFT(K21,2))+(LEFT(X21,2)=LEFT(L21,2))=6,"Ya (6/6)","Tidak ("&(LEFT(S21,2)=LEFT(G21,2))+(LEFT(T21,2)=LEFT(H21,2))+(LEFT(U21,3)=LEFT(I21,3))+(LEFT(V21,2)=LEFT(J21,2))+(LEFT(W21,2)=LEFT(K21,2))+(LEFT(X21,2)=LEFT(L21,2))&"/6): "&TRIM(IF(NOT(LEFT(S21,2)=LEFT(G21,2)),"V4 ","")&IF(NOT(LEFT(T21,2)=LEFT(H21,2)),"V5 ","")&IF(NOT(LEFT(U21,3)=LEFT(I21,3)),"V6 ","")&IF(NOT(LEFT(V21,2)=LEFT(J21,2)),"V7 ","")&IF(NOT(LEFT(W21,2)=LEFT(K21,2)),"V8 ","")&IF(NOT(LEFT(X21,2)=LEFT(L21,2)),"V9 ",""))))) | BI21: =IF(COUNTA($G21:$L21)<6,"",IF($E$1<3,"",IF(COUNTA(Y21:AD21)<6,"Belum lengkap",IF((LEFT(Y21,2)=LEFT(G21,2))+(LEFT(Z21,2)=LEFT(H21,2))+(LEFT(AA21,3)=LEFT(I21,3))+(LEFT(AB21,2)=LEFT(J21,2))+(LEFT(AC21,2)=LEFT(K21,2))+(LEFT(AD21,2)=LEFT(L21,2))=6,"Ya (6/6)","Tidak ("&(LEFT(Y21,2)=LEFT(G21,2))+(LEFT(Z21,2)=LEFT(H21,2))+(LEFT(AA21,3)=LEFT(I21,3))+(LEFT(AB21,2)=LEFT(J21,2))+(LEFT(AC21,2)=LEFT(K21,2))+(LEFT(AD21,2)=LEFT(L21,2))&"/6): "&TRIM(IF(NOT(LEFT(Y21,2)=LEFT(G21,2)),"V4 ","")&IF(NOT(LEFT(Z21,2)=LEFT(H21,2)),"V5 ","")&IF(NOT(LEFT(AA21,3)=LEFT(I21,3)),"V6 ","")&IF(NOT(LEFT(AB21,2)=LEFT(J21,2)),"V7 ","")&IF(NOT(LEFT(AC21,2)=LEFT(K21,2)),"V8 ","")&IF(NOT(LEFT(AD21,2)=LEFT(L21,2)),"V9 ","")))))) | BJ21: =IF(COUNTA($G21:$L21)<6,"",IF($E$1<4,"",IF(COUNTA(AE21:AJ21)<6,"Belum lengkap",IF((LEFT(AE21,2)=LEFT(G21,2))+(LEFT(AF21,2)=LEFT(H21,2))+(LEFT(AG21,3)=LEFT(I21,3))+(LEFT(AH21,2)=LEFT(J21,2))+(LEFT(AI21,2)=LEFT(K21,2))+(LEFT(AJ21,2)=LEFT(L21,2))=6,"Ya (6/6)","Tidak ("&(LEFT(AE21,2)=LEFT(G21,2))+(LEFT(AF21,2)=LEFT(H21,2))+(LEFT(AG21,3)=LEFT(I21,3))+(LEFT(AH21,2)=LEFT(J21,2))+(LEFT(AI21,2)=LEFT(K21,2))+(LEFT(AJ21,2)=LEFT(L21,2))&"/6): "&TRIM(IF(NOT(LEFT(AE21,2)=LEFT(G21,2)),"V4 ","")&IF(NOT(LEFT(AF21,2)=LEFT(H21,2)),"V5 ","")&IF(NOT(LEFT(AG21,3)=LEFT(I21,3)),"V6 ","")&IF(NOT(LEFT(AH21,2)=LEFT(J21,2)),"V7 ","")&IF(NOT(LEFT(AI21,2)=LEFT(K21,2)),"V8 ","")&IF(NOT(LEFT(AJ21,2)=LEFT(L21,2)),"V9 ",""))))))
A22: 19 | B22: =IF(INDEX(Korpus!$A:$A,$A22)="","",INDEX(Korpus!$A:$A,$A22)) -> 2019MHN201 | C22: =TRIM(INDEX(Korpus!$D:$D,$A22)&" "&INDEX(Korpus!$E:$E,$A22)) -> Paragraf 6 Kalimat 16 | D22: =IF(INDEX(Korpus!$B:$B,$A22)="","",INDEX(Korpus!$B:$B,$A22)) -> C. Pembahasan | E22: =IF(INDEX(Korpus!$C:$C,$A22)="","",INDEX(Korpus!$C:$C,$A22)) -> 5. Pentingnya Perlindungan Data Pribadi | F22: =IF(INDEX(Korpus!$F:$F,$A22)="","",INDEX(Korpus!$F:$F,$A22)) -> 15) Peraturan Menteri Komunikasi dan Informasi Nomor 4 Tahun 2016 Tentang Sistem Manajemen Pengaman Informasi | AK22: =IF(Hitung!B22<$E$1,"",IF(Hitung!C22>0,"Beda","Sama")) | AL22: =IF(Hitung!D22<$E$1,"",IF(Hitung!E22>0,"Beda","Sama")) | AM22: =IF(Hitung!F22<$E$1,"",IF(Hitung!G22>0,"Beda","Sama")) | AN22: =IF(Hitung!H22<$E$1,"",IF(Hitung!I22>0,"Beda","Sama")) | AO22: =IF(Hitung!J22<$E$1,"",IF(Hitung!K22>0,"Beda","Sama")) | AP22: =IF(Hitung!L22<$E$1,"",IF(Hitung!M22>0,"Beda","Sama")) | AQ22: =COUNTIF(AK22:AP22,"Beda") -> 0 | AX22: =IF(AR22<>"",AR22,IF(AND(Hitung!B22=$E$1,Hitung!C22=0),M22,"")) | AY22: =IF(AS22<>"",AS22,IF(AND(Hitung!D22=$E$1,Hitung!E22=0),N22,"")) | AZ22: =IF(AT22<>"",AT22,IF(AND(Hitung!F22=$E$1,Hitung!G22=0),O22,"")) | BA22: =IF(AU22<>"",AU22,IF(AND(Hitung!H22=$E$1,Hitung!I22=0),P22,"")) | BB22: =IF(AV22<>"",AV22,IF(AND(Hitung!J22=$E$1,Hitung!K22=0),Q22,"")) | BC22: =IF(AW22<>"",AW22,IF(AND(Hitung!L22=$E$1,Hitung!M22=0),R22,"")) | BE22: =IF(COUNTA(M22:R22)+COUNTA(S22:X22)+($E$1>=3)*COUNTA(Y22:AD22)+($E$1>=4)*COUNTA(AE22:AJ22)<6*$E$1,"Menunggu coder",IF(AQ22=0,"Sepakat",IF(SUMPRODUCT((AK22:AP22="Beda")*(AR22:AW22=""))=0,"Selesai adjudikasi","Perlu adjudikasi"))) -> Menunggu coder | BF22: =IF(COUNTIF(AX22:BC22,"?*")<6,"",IF(IF(AND(LEFT(AY22,2)="R0",LEFT(BC22,2)<>"K5"),"R0 harus K5; ","")&IF(AND(LEFT(AY22,2)="R1",LEFT(BC22,2)="K3"),"R1 tidak boleh K3 (fungsional); ","")&IF(AND(LEFT(AY22,2)="R2",LEFT(BC22,2)="K5"),"R2 tidak boleh K5; ","")&IF(AND(LEFT(AY22,2)="R2",OR(LEFT(AX22,2)="S6",LEFT(AX22,2)="S7",LEFT(AX22,2)="S8")),"R2 tidak boleh S6/S7/S8; ","")&IF(AND(LEFT(AY22,2)="R2",OR(LEFT(AZ22,3)="T02",LEFT(BA22,2)="P8")),"T02 atau P8 tidak boleh R2; ","")&IF(AND(LEFT(AZ22,3)="T01",LEFT(BA22,2)<>"P6"),"T01 biasanya P6 (periksa); ","")&IF(AND(LEFT(BA22,2)="P1",LEFT(BC22,2)<>"K4"),"P1 biasanya K4 (periksa); ","")="","OK",IF(AND(LEFT(AY22,2)="R0",LEFT(BC22,2)<>"K5"),"R0 harus K5; ","")&IF(AND(LEFT(AY22,2)="R1",LEFT(BC22,2)="K3"),"R1 tidak boleh K3 (fungsional); ","")&IF(AND(LEFT(AY22,2)="R2",LEFT(BC22,2)="K5"),"R2 tidak boleh K5; ","")&IF(AND(LEFT(AY22,2)="R2",OR(LEFT(AX22,2)="S6",LEFT(AX22,2)="S7",LEFT(AX22,2)="S8")),"R2 tidak boleh S6/S7/S8; ","")&IF(AND(LEFT(AY22,2)="R2",OR(LEFT(AZ22,3)="T02",LEFT(BA22,2)="P8")),"T02 atau P8 tidak boleh R2; ","")&IF(AND(LEFT(AZ22,3)="T01",LEFT(BA22,2)<>"P6"),"T01 biasanya P6 (periksa); ","")&IF(AND(LEFT(BA22,2)="P1",LEFT(BC22,2)<>"K4"),"P1 biasanya K4 (periksa); ",""))) | BG22: =IF(COUNTA($G22:$L22)<6,"",IF(COUNTA(M22:R22)<6,"Belum lengkap",IF((LEFT(M22,2)=LEFT(G22,2))+(LEFT(N22,2)=LEFT(H22,2))+(LEFT(O22,3)=LEFT(I22,3))+(LEFT(P22,2)=LEFT(J22,2))+(LEFT(Q22,2)=LEFT(K22,2))+(LEFT(R22,2)=LEFT(L22,2))=6,"Ya (6/6)","Tidak ("&(LEFT(M22,2)=LEFT(G22,2))+(LEFT(N22,2)=LEFT(H22,2))+(LEFT(O22,3)=LEFT(I22,3))+(LEFT(P22,2)=LEFT(J22,2))+(LEFT(Q22,2)=LEFT(K22,2))+(LEFT(R22,2)=LEFT(L22,2))&"/6): "&TRIM(IF(NOT(LEFT(M22,2)=LEFT(G22,2)),"V4 ","")&IF(NOT(LEFT(N22,2)=LEFT(H22,2)),"V5 ","")&IF(NOT(LEFT(O22,3)=LEFT(I22,3)),"V6 ","")&IF(NOT(LEFT(P22,2)=LEFT(J22,2)),"V7 ","")&IF(NOT(LEFT(Q22,2)=LEFT(K22,2)),"V8 ","")&IF(NOT(LEFT(R22,2)=LEFT(L22,2)),"V9 ",""))))) | BH22: =IF(COUNTA($G22:$L22)<6,"",IF(COUNTA(S22:X22)<6,"Belum lengkap",IF((LEFT(S22,2)=LEFT(G22,2))+(LEFT(T22,2)=LEFT(H22,2))+(LEFT(U22,3)=LEFT(I22,3))+(LEFT(V22,2)=LEFT(J22,2))+(LEFT(W22,2)=LEFT(K22,2))+(LEFT(X22,2)=LEFT(L22,2))=6,"Ya (6/6)","Tidak ("&(LEFT(S22,2)=LEFT(G22,2))+(LEFT(T22,2)=LEFT(H22,2))+(LEFT(U22,3)=LEFT(I22,3))+(LEFT(V22,2)=LEFT(J22,2))+(LEFT(W22,2)=LEFT(K22,2))+(LEFT(X22,2)=LEFT(L22,2))&"/6): "&TRIM(IF(NOT(LEFT(S22,2)=LEFT(G22,2)),"V4 ","")&IF(NOT(LEFT(T22,2)=LEFT(H22,2)),"V5 ","")&IF(NOT(LEFT(U22,3)=LEFT(I22,3)),"V6 ","")&IF(NOT(LEFT(V22,2)=LEFT(J22,2)),"V7 ","")&IF(NOT(LEFT(W22,2)=LEFT(K22,2)),"V8 ","")&IF(NOT(LEFT(X22,2)=LEFT(L22,2)),"V9 ",""))))) | BI22: =IF(COUNTA($G22:$L22)<6,"",IF($E$1<3,"",IF(COUNTA(Y22:AD22)<6,"Belum lengkap",IF((LEFT(Y22,2)=LEFT(G22,2))+(LEFT(Z22,2)=LEFT(H22,2))+(LEFT(AA22,3)=LEFT(I22,3))+(LEFT(AB22,2)=LEFT(J22,2))+(LEFT(AC22,2)=LEFT(K22,2))+(LEFT(AD22,2)=LEFT(L22,2))=6,"Ya (6/6)","Tidak ("&(LEFT(Y22,2)=LEFT(G22,2))+(LEFT(Z22,2)=LEFT(H22,2))+(LEFT(AA22,3)=LEFT(I22,3))+(LEFT(AB22,2)=LEFT(J22,2))+(LEFT(AC22,2)=LEFT(K22,2))+(LEFT(AD22,2)=LEFT(L22,2))&"/6): "&TRIM(IF(NOT(LEFT(Y22,2)=LEFT(G22,2)),"V4 ","")&IF(NOT(LEFT(Z22,2)=LEFT(H22,2)),"V5 ","")&IF(NOT(LEFT(AA22,3)=LEFT(I22,3)),"V6 ","")&IF(NOT(LEFT(AB22,2)=LEFT(J22,2)),"V7 ","")&IF(NOT(LEFT(AC22,2)=LEFT(K22,2)),"V8 ","")&IF(NOT(LEFT(AD22,2)=LEFT(L22,2)),"V9 ","")))))) | BJ22: =IF(COUNTA($G22:$L22)<6,"",IF($E$1<4,"",IF(COUNTA(AE22:AJ22)<6,"Belum lengkap",IF((LEFT(AE22,2)=LEFT(G22,2))+(LEFT(AF22,2)=LEFT(H22,2))+(LEFT(AG22,3)=LEFT(I22,3))+(LEFT(AH22,2)=LEFT(J22,2))+(LEFT(AI22,2)=LEFT(K22,2))+(LEFT(AJ22,2)=LEFT(L22,2))=6,"Ya (6/6)","Tidak ("&(LEFT(AE22,2)=LEFT(G22,2))+(LEFT(AF22,2)=LEFT(H22,2))+(LEFT(AG22,3)=LEFT(I22,3))+(LEFT(AH22,2)=LEFT(J22,2))+(LEFT(AI22,2)=LEFT(K22,2))+(LEFT(AJ22,2)=LEFT(L22,2))&"/6): "&TRIM(IF(NOT(LEFT(AE22,2)=LEFT(G22,2)),"V4 ","")&IF(NOT(LEFT(AF22,2)=LEFT(H22,2)),"V5 ","")&IF(NOT(LEFT(AG22,3)=LEFT(I22,3)),"V6 ","")&IF(NOT(LEFT(AH22,2)=LEFT(J22,2)),"V7 ","")&IF(NOT(LEFT(AI22,2)=LEFT(K22,2)),"V8 ","")&IF(NOT(LEFT(AJ22,2)=LEFT(L22,2)),"V9 ",""))))))
A23: 20 | B23: =IF(INDEX(Korpus!$A:$A,$A23)="","",INDEX(Korpus!$A:$A,$A23)) -> 2019MHN201 | C23: =TRIM(INDEX(Korpus!$D:$D,$A23)&" "&INDEX(Korpus!$E:$E,$A23)) -> Paragraf 7 Kalimat 2 | D23: =IF(INDEX(Korpus!$B:$B,$A23)="","",INDEX(Korpus!$B:$B,$A23)) -> C. Pembahasan | E23: =IF(INDEX(Korpus!$C:$C,$A23)="","",INDEX(Korpus!$C:$C,$A23)) -> 5. Pentingnya Perlindungan Data Pribadi | F23: =IF(INDEX(Korpus!$F:$F,$A23)="","",INDEX(Korpus!$F:$F,$A23)) -> Dalam Pasal 26 huruf a disebutkan bahwa menjaga kerahasiaan, keutuhan, dan ketersediaan data pribadi, data transaksi, dan data keuangan yang dikelolanya sejak data diperoleh hingga data tersebut dimusnahkan. | AK23: =IF(Hitung!B23<$E$1,"",IF(Hitung!C23>0,"Beda","Sama")) | AL23: =IF(Hitung!D23<$E$1,"",IF(Hitung!E23>0,"Beda","Sama")) | AM23: =IF(Hitung!F23<$E$1,"",IF(Hitung!G23>0,"Beda","Sama")) | AN23: =IF(Hitung!H23<$E$1,"",IF(Hitung!I23>0,"Beda","Sama")) | AO23: =IF(Hitung!J23<$E$1,"",IF(Hitung!K23>0,"Beda","Sama")) | AP23: =IF(Hitung!L23<$E$1,"",IF(Hitung!M23>0,"Beda","Sama")) | AQ23: =COUNTIF(AK23:AP23,"Beda") -> 0 | AX23: =IF(AR23<>"",AR23,IF(AND(Hitung!B23=$E$1,Hitung!C23=0),M23,"")) | AY23: =IF(AS23<>"",AS23,IF(AND(Hitung!D23=$E$1,Hitung!E23=0),N23,"")) | AZ23: =IF(AT23<>"",AT23,IF(AND(Hitung!F23=$E$1,Hitung!G23=0),O23,"")) | BA23: =IF(AU23<>"",AU23,IF(AND(Hitung!H23=$E$1,Hitung!I23=0),P23,"")) | BB23: =IF(AV23<>"",AV23,IF(AND(Hitung!J23=$E$1,Hitung!K23=0),Q23,"")) | BC23: =IF(AW23<>"",AW23,IF(AND(Hitung!L23=$E$1,Hitung!M23=0),R23,"")) | BE23: =IF(COUNTA(M23:R23)+COUNTA(S23:X23)+($E$1>=3)*COUNTA(Y23:AD23)+($E$1>=4)*COUNTA(AE23:AJ23)<6*$E$1,"Menunggu coder",IF(AQ23=0,"Sepakat",IF(SUMPRODUCT((AK23:AP23="Beda")*(AR23:AW23=""))=0,"Selesai adjudikasi","Perlu adjudikasi"))) -> Menunggu coder | BF23: =IF(COUNTIF(AX23:BC23,"?*")<6,"",IF(IF(AND(LEFT(AY23,2)="R0",LEFT(BC23,2)<>"K5"),"R0 harus K5; ","")&IF(AND(LEFT(AY23,2)="R1",LEFT(BC23,2)="K3"),"R1 tidak boleh K3 (fungsional); ","")&IF(AND(LEFT(AY23,2)="R2",LEFT(BC23,2)="K5"),"R2 tidak boleh K5; ","")&IF(AND(LEFT(AY23,2)="R2",OR(LEFT(AX23,2)="S6",LEFT(AX23,2)="S7",LEFT(AX23,2)="S8")),"R2 tidak boleh S6/S7/S8; ","")&IF(AND(LEFT(AY23,2)="R2",OR(LEFT(AZ23,3)="T02",LEFT(BA23,2)="P8")),"T02 atau P8 tidak boleh R2; ","")&IF(AND(LEFT(AZ23,3)="T01",LEFT(BA23,2)<>"P6"),"T01 biasanya P6 (periksa); ","")&IF(AND(LEFT(BA23,2)="P1",LEFT(BC23,2)<>"K4"),"P1 biasanya K4 (periksa); ","")="","OK",IF(AND(LEFT(AY23,2)="R0",LEFT(BC23,2)<>"K5"),"R0 harus K5; ","")&IF(AND(LEFT(AY23,2)="R1",LEFT(BC23,2)="K3"),"R1 tidak boleh K3 (fungsional); ","")&IF(AND(LEFT(AY23,2)="R2",LEFT(BC23,2)="K5"),"R2 tidak boleh K5; ","")&IF(AND(LEFT(AY23,2)="R2",OR(LEFT(AX23,2)="S6",LEFT(AX23,2)="S7",LEFT(AX23,2)="S8")),"R2 tidak boleh S6/S7/S8; ","")&IF(AND(LEFT(AY23,2)="R2",OR(LEFT(AZ23,3)="T02",LEFT(BA23,2)="P8")),"T02 atau P8 tidak boleh R2; ","")&IF(AND(LEFT(AZ23,3)="T01",LEFT(BA23,2)<>"P6"),"T01 biasanya P6 (periksa); ","")&IF(AND(LEFT(BA23,2)="P1",LEFT(BC23,2)<>"K4"),"P1 biasanya K4 (periksa); ",""))) | BG23: =IF(COUNTA($G23:$L23)<6,"",IF(COUNTA(M23:R23)<6,"Belum lengkap",IF((LEFT(M23,2)=LEFT(G23,2))+(LEFT(N23,2)=LEFT(H23,2))+(LEFT(O23,3)=LEFT(I23,3))+(LEFT(P23,2)=LEFT(J23,2))+(LEFT(Q23,2)=LEFT(K23,2))+(LEFT(R23,2)=LEFT(L23,2))=6,"Ya (6/6)","Tidak ("&(LEFT(M23,2)=LEFT(G23,2))+(LEFT(N23,2)=LEFT(H23,2))+(LEFT(O23,3)=LEFT(I23,3))+(LEFT(P23,2)=LEFT(J23,2))+(LEFT(Q23,2)=LEFT(K23,2))+(LEFT(R23,2)=LEFT(L23,2))&"/6): "&TRIM(IF(NOT(LEFT(M23,2)=LEFT(G23,2)),"V4 ","")&IF(NOT(LEFT(N23,2)=LEFT(H23,2)),"V5 ","")&IF(NOT(LEFT(O23,3)=LEFT(I23,3)),"V6 ","")&IF(NOT(LEFT(P23,2)=LEFT(J23,2)),"V7 ","")&IF(NOT(LEFT(Q23,2)=LEFT(K23,2)),"V8 ","")&IF(NOT(LEFT(R23,2)=LEFT(L23,2)),"V9 ",""))))) | BH23: =IF(COUNTA($G23:$L23)<6,"",IF(COUNTA(S23:X23)<6,"Belum lengkap",IF((LEFT(S23,2)=LEFT(G23,2))+(LEFT(T23,2)=LEFT(H23,2))+(LEFT(U23,3)=LEFT(I23,3))+(LEFT(V23,2)=LEFT(J23,2))+(LEFT(W23,2)=LEFT(K23,2))+(LEFT(X23,2)=LEFT(L23,2))=6,"Ya (6/6)","Tidak ("&(LEFT(S23,2)=LEFT(G23,2))+(LEFT(T23,2)=LEFT(H23,2))+(LEFT(U23,3)=LEFT(I23,3))+(LEFT(V23,2)=LEFT(J23,2))+(LEFT(W23,2)=LEFT(K23,2))+(LEFT(X23,2)=LEFT(L23,2))&"/6): "&TRIM(IF(NOT(LEFT(S23,2)=LEFT(G23,2)),"V4 ","")&IF(NOT(LEFT(T23,2)=LEFT(H23,2)),"V5 ","")&IF(NOT(LEFT(U23,3)=LEFT(I23,3)),"V6 ","")&IF(NOT(LEFT(V23,2)=LEFT(J23,2)),"V7 ","")&IF(NOT(LEFT(W23,2)=LEFT(K23,2)),"V8 ","")&IF(NOT(LEFT(X23,2)=LEFT(L23,2)),"V9 ",""))))) | BI23: =IF(COUNTA($G23:$L23)<6,"",IF($E$1<3,"",IF(COUNTA(Y23:AD23)<6,"Belum lengkap",IF((LEFT(Y23,2)=LEFT(G23,2))+(LEFT(Z23,2)=LEFT(H23,2))+(LEFT(AA23,3)=LEFT(I23,3))+(LEFT(AB23,2)=LEFT(J23,2))+(LEFT(AC23,2)=LEFT(K23,2))+(LEFT(AD23,2)=LEFT(L23,2))=6,"Ya (6/6)","Tidak ("&(LEFT(Y23,2)=LEFT(G23,2))+(LEFT(Z23,2)=LEFT(H23,2))+(LEFT(AA23,3)=LEFT(I23,3))+(LEFT(AB23,2)=LEFT(J23,2))+(LEFT(AC23,2)=LEFT(K23,2))+(LEFT(AD23,2)=LEFT(L23,2))&"/6): "&TRIM(IF(NOT(LEFT(Y23,2)=LEFT(G23,2)),"V4 ","")&IF(NOT(LEFT(Z23,2)=LEFT(H23,2)),"V5 ","")&IF(NOT(LEFT(AA23,3)=LEFT(I23,3)),"V6 ","")&IF(NOT(LEFT(AB23,2)=LEFT(J23,2)),"V7 ","")&IF(NOT(LEFT(AC23,2)=LEFT(K23,2)),"V8 ","")&IF(NOT(LEFT(AD23,2)=LEFT(L23,2)),"V9 ","")))))) | BJ23: =IF(COUNTA($G23:$L23)<6,"",IF($E$1<4,"",IF(COUNTA(AE23:AJ23)<6,"Belum lengkap",IF((LEFT(AE23,2)=LEFT(G23,2))+(LEFT(AF23,2)=LEFT(H23,2))+(LEFT(AG23,3)=LEFT(I23,3))+(LEFT(AH23,2)=LEFT(J23,2))+(LEFT(AI23,2)=LEFT(K23,2))+(LEFT(AJ23,2)=LEFT(L23,2))=6,"Ya (6/6)","Tidak ("&(LEFT(AE23,2)=LEFT(G23,2))+(LEFT(AF23,2)=LEFT(H23,2))+(LEFT(AG23,3)=LEFT(I23,3))+(LEFT(AH23,2)=LEFT(J23,2))+(LEFT(AI23,2)=LEFT(K23,2))+(LEFT(AJ23,2)=LEFT(L23,2))&"/6): "&TRIM(IF(NOT(LEFT(AE23,2)=LEFT(G23,2)),"V4 ","")&IF(NOT(LEFT(AF23,2)=LEFT(H23,2)),"V5 ","")&IF(NOT(LEFT(AG23,3)=LEFT(I23,3)),"V6 ","")&IF(NOT(LEFT(AH23,2)=LEFT(J23,2)),"V7 ","")&IF(NOT(LEFT(AI23,2)=LEFT(K23,2)),"V8 ","")&IF(NOT(LEFT(AJ23,2)=LEFT(L23,2)),"V9 ",""))))))
A24: 21 | B24: =IF(INDEX(Korpus!$A:$A,$A24)="","",INDEX(Korpus!$A:$A,$A24)) -> 2019MHN201 | C24: =TRIM(INDEX(Korpus!$D:$D,$A24)&" "&INDEX(Korpus!$E:$E,$A24)) -> Paragraf 7 Kalimat 3 | D24: =IF(INDEX(Korpus!$B:$B,$A24)="","",INDEX(Korpus!$B:$B,$A24)) -> C. Pembahasan | E24: =IF(INDEX(Korpus!$C:$C,$A24)="","",INDEX(Korpus!$C:$C,$A24)) -> 5. Pentingnya Perlindungan Data Pribadi | F24: =IF(INDEX(Korpus!$F:$F,$A24)="","",INDEX(Korpus!$F:$F,$A24)) -> Selain itu Peraturan OJK Nomor 13 Tahun 2018 Tentang Inovasi Keuangan Digital di Sektor Keuangan, telah memasukkan poin terkait perlindungan dan kerahasiaan data. | M24: S8 - Penyelenggara sektor atau pihak lain | N24: R1 - Relevan tidak langsung | O24: T13 - Akuntabilitas, Pencatatan, dan Tata Kelola Kepatuhan | P24: P2 - Kewajiban | Q24: F4 - Penyimpanan dan pengamanan | R24: K2 - Non-fungsional: mutu data, kepatuhan, dan akuntabilitas. Apakah ini mutu atau bukti yang berlaku untuk seluruh sistem, bukan hanya satu operasi? | AK24: =IF(Hitung!B24<$E$1,"",IF(Hitung!C24>0,"Beda","Sama")) | AL24: =IF(Hitung!D24<$E$1,"",IF(Hitung!E24>0,"Beda","Sama")) | AM24: =IF(Hitung!F24<$E$1,"",IF(Hitung!G24>0,"Beda","Sama")) | AN24: =IF(Hitung!H24<$E$1,"",IF(Hitung!I24>0,"Beda","Sama")) | AO24: =IF(Hitung!J24<$E$1,"",IF(Hitung!K24>0,"Beda","Sama")) | AP24: =IF(Hitung!L24<$E$1,"",IF(Hitung!M24>0,"Beda","Sama")) | AQ24: =COUNTIF(AK24:AP24,"Beda") -> 0 | AX24: =IF(AR24<>"",AR24,IF(AND(Hitung!B24=$E$1,Hitung!C24=0),M24,"")) | AY24: =IF(AS24<>"",AS24,IF(AND(Hitung!D24=$E$1,Hitung!E24=0),N24,"")) | AZ24: =IF(AT24<>"",AT24,IF(AND(Hitung!F24=$E$1,Hitung!G24=0),O24,"")) | BA24: =IF(AU24<>"",AU24,IF(AND(Hitung!H24=$E$1,Hitung!I24=0),P24,"")) | BB24: =IF(AV24<>"",AV24,IF(AND(Hitung!J24=$E$1,Hitung!K24=0),Q24,"")) | BC24: =IF(AW24<>"",AW24,IF(AND(Hitung!L24=$E$1,Hitung!M24=0),R24,"")) | BE24: =IF(COUNTA(M24:R24)+COUNTA(S24:X24)+($E$1>=3)*COUNTA(Y24:AD24)+($E$1>=4)*COUNTA(AE24:AJ24)<6*$E$1,"Menunggu coder",IF(AQ24=0,"Sepakat",IF(SUMPRODUCT((AK24:AP24="Beda")*(AR24:AW24=""))=0,"Selesai adjudikasi","Perlu adjudikasi"))) -> Menunggu coder | BF24: =IF(COUNTIF(AX24:BC24,"?*")<6,"",IF(IF(AND(LEFT(AY24,2)="R0",LEFT(BC24,2)<>"K5"),"R0 harus K5; ","")&IF(AND(LEFT(AY24,2)="R1",LEFT(BC24,2)="K3"),"R1 tidak boleh K3 (fungsional); ","")&IF(AND(LEFT(AY24,2)="R2",LEFT(BC24,2)="K5"),"R2 tidak boleh K5; ","")&IF(AND(LEFT(AY24,2)="R2",OR(LEFT(AX24,2)="S6",LEFT(AX24,2)="S7",LEFT(AX24,2)="S8")),"R2 tidak boleh S6/S7/S8; ","")&IF(AND(LEFT(AY24,2)="R2",OR(LEFT(AZ24,3)="T02",LEFT(BA24,2)="P8")),"T02 atau P8 tidak boleh R2; ","")&IF(AND(LEFT(AZ24,3)="T01",LEFT(BA24,2)<>"P6"),"T01 biasanya P6 (periksa); ","")&IF(AND(LEFT(BA24,2)="P1",LEFT(BC24,2)<>"K4"),"P1 biasanya K4 (periksa); ","")="","OK",IF(AND(LEFT(AY24,2)="R0",LEFT(BC24,2)<>"K5"),"R0 harus K5; ","")&IF(AND(LEFT(AY24,2)="R1",LEFT(BC24,2)="K3"),"R1 tidak boleh K3 (fungsional); ","")&IF(AND(LEFT(AY24,2)="R2",LEFT(BC24,2)="K5"),"R2 tidak boleh K5; ","")&IF(AND(LEFT(AY24,2)="R2",OR(LEFT(AX24,2)="S6",LEFT(AX24,2)="S7",LEFT(AX24,2)="S8")),"R2 tidak boleh S6/S7/S8; ","")&IF(AND(LEFT(AY24,2)="R2",OR(LEFT(AZ24,3)="T02",LEFT(BA24,2)="P8")),"T02 atau P8 tidak boleh R2; ","")&IF(AND(LEFT(AZ24,3)="T01",LEFT(BA24,2)<>"P6"),"T01 biasanya P6 (periksa); ","")&IF(AND(LEFT(BA24,2)="P1",LEFT(BC24,2)<>"K4"),"P1 biasanya K4 (periksa); ",""))) | BG24: =IF(COUNTA($G24:$L24)<6,"",IF(COUNTA(M24:R24)<6,"Belum lengkap",IF((LEFT(M24,2)=LEFT(G24,2))+(LEFT(N24,2)=LEFT(H24,2))+(LEFT(O24,3)=LEFT(I24,3))+(LEFT(P24,2)=LEFT(J24,2))+(LEFT(Q24,2)=LEFT(K24,2))+(LEFT(R24,2)=LEFT(L24,2))=6,"Ya (6/6)","Tidak ("&(LEFT(M24,2)=LEFT(G24,2))+(LEFT(N24,2)=LEFT(H24,2))+(LEFT(O24,3)=LEFT(I24,3))+(LEFT(P24,2)=LEFT(J24,2))+(LEFT(Q24,2)=LEFT(K24,2))+(LEFT(R24,2)=LEFT(L24,2))&"/6): "&TRIM(IF(NOT(LEFT(M24,2)=LEFT(G24,2)),"V4 ","")&IF(NOT(LEFT(N24,2)=LEFT(H24,2)),"V5 ","")&IF(NOT(LEFT(O24,3)=LEFT(I24,3)),"V6 ","")&IF(NOT(LEFT(P24,2)=LEFT(J24,2)),"V7 ","")&IF(NOT(LEFT(Q24,2)=LEFT(K24,2)),"V8 ","")&IF(NOT(LEFT(R24,2)=LEFT(L24,2)),"V9 ",""))))) | BH24: =IF(COUNTA($G24:$L24)<6,"",IF(COUNTA(S24:X24)<6,"Belum lengkap",IF((LEFT(S24,2)=LEFT(G24,2))+(LEFT(T24,2)=LEFT(H24,2))+(LEFT(U24,3)=LEFT(I24,3))+(LEFT(V24,2)=LEFT(J24,2))+(LEFT(W24,2)=LEFT(K24,2))+(LEFT(X24,2)=LEFT(L24,2))=6,"Ya (6/6)","Tidak ("&(LEFT(S24,2)=LEFT(G24,2))+(LEFT(T24,2)=LEFT(H24,2))+(LEFT(U24,3)=LEFT(I24,3))+(LEFT(V24,2)=LEFT(J24,2))+(LEFT(W24,2)=LEFT(K24,2))+(LEFT(X24,2)=LEFT(L24,2))&"/6): "&TRIM(IF(NOT(LEFT(S24,2)=LEFT(G24,2)),"V4 ","")&IF(NOT(LEFT(T24,2)=LEFT(H24,2)),"V5 ","")&IF(NOT(LEFT(U24,3)=LEFT(I24,3)),"V6 ","")&IF(NOT(LEFT(V24,2)=LEFT(J24,2)),"V7 ","")&IF(NOT(LEFT(W24,2)=LEFT(K24,2)),"V8 ","")&IF(NOT(LEFT(X24,2)=LEFT(L24,2)),"V9 ",""))))) | BI24: =IF(COUNTA($G24:$L24)<6,"",IF($E$1<3,"",IF(COUNTA(Y24:AD24)<6,"Belum lengkap",IF((LEFT(Y24,2)=LEFT(G24,2))+(LEFT(Z24,2)=LEFT(H24,2))+(LEFT(AA24,3)=LEFT(I24,3))+(LEFT(AB24,2)=LEFT(J24,2))+(LEFT(AC24,2)=LEFT(K24,2))+(LEFT(AD24,2)=LEFT(L24,2))=6,"Ya (6/6)","Tidak ("&(LEFT(Y24,2)=LEFT(G24,2))+(LEFT(Z24,2)=LEFT(H24,2))+(LEFT(AA24,3)=LEFT(I24,3))+(LEFT(AB24,2)=LEFT(J24,2))+(LEFT(AC24,2)=LEFT(K24,2))+(LEFT(AD24,2)=LEFT(L24,2))&"/6): "&TRIM(IF(NOT(LEFT(Y24,2)=LEFT(G24,2)),"V4 ","")&IF(NOT(LEFT(Z24,2)=LEFT(H24,2)),"V5 ","")&IF(NOT(LEFT(AA24,3)=LEFT(I24,3)),"V6 ","")&IF(NOT(LEFT(AB24,2)=LEFT(J24,2)),"V7 ","")&IF(NOT(LEFT(AC24,2)=LEFT(K24,2)),"V8 ","")&IF(NOT(LEFT(AD24,2)=LEFT(L24,2)),"V9 ","")))))) | BJ24: =IF(COUNTA($G24:$L24)<6,"",IF($E$1<4,"",IF(COUNTA(AE24:AJ24)<6,"Belum lengkap",IF((LEFT(AE24,2)=LEFT(G24,2))+(LEFT(AF24,2)=LEFT(H24,2))+(LEFT(AG24,3)=LEFT(I24,3))+(LEFT(AH24,2)=LEFT(J24,2))+(LEFT(AI24,2)=LEFT(K24,2))+(LEFT(AJ24,2)=LEFT(L24,2))=6,"Ya (6/6)","Tidak ("&(LEFT(AE24,2)=LEFT(G24,2))+(LEFT(AF24,2)=LEFT(H24,2))+(LEFT(AG24,3)=LEFT(I24,3))+(LEFT(AH24,2)=LEFT(J24,2))+(LEFT(AI24,2)=LEFT(K24,2))+(LEFT(AJ24,2)=LEFT(L24,2))&"/6): "&TRIM(IF(NOT(LEFT(AE24,2)=LEFT(G24,2)),"V4 ","")&IF(NOT(LEFT(AF24,2)=LEFT(H24,2)),"V5 ","")&IF(NOT(LEFT(AG24,3)=LEFT(I24,3)),"V6 ","")&IF(NOT(LEFT(AH24,2)=LEFT(J24,2)),"V7 ","")&IF(NOT(LEFT(AI24,2)=LEFT(K24,2)),"V8 ","")&IF(NOT(LEFT(AJ24,2)=LEFT(L24,2)),"V9 ","")))))) | BK24: Ya
A25: 22 | B25: =IF(INDEX(Korpus!$A:$A,$A25)="","",INDEX(Korpus!$A:$A,$A25)) -> 2019MHN201 | C25: =TRIM(INDEX(Korpus!$D:$D,$A25)&" "&INDEX(Korpus!$E:$E,$A25)) -> Paragraf 7 Kalimat 4 | D25: =IF(INDEX(Korpus!$B:$B,$A25)="","",INDEX(Korpus!$B:$B,$A25)) -> C. Pembahasan | E25: =IF(INDEX(Korpus!$C:$C,$A25)="","",INDEX(Korpus!$C:$C,$A25)) -> 5. Pentingnya Perlindungan Data Pribadi | F25: =IF(INDEX(Korpus!$F:$F,$A25)="","",INDEX(Korpus!$F:$F,$A25)) -> Pasal 30 ayat (1) menyebutkan bahwa Penyelenggara wajib menjaga kerahasiaan data pribadi, data transaksi, dan data keuangan yang dikelolanya sejak diperoleh hingga data tersebut dimusnahkan. | G25: S8 - Penyelenggara sektor atau pihak lain | H25: R1 - Relevan tidak langsung | I25: T11 - Keamanan, Kerahasiaan, dan Penanganan Insiden | J25: P2 - Kewajiban | K25: F8 - Lintas tahap atau tidak spesifik | L25: K1 - Non-fungsional: keamanan dan kerahasiaan. Apakah inti teks melindungi data dari akses atau gangguan tidak sah? | M25: S8 - Penyelenggara sektor atau pihak lain | N25: R1 - Relevan tidak langsung | O25: T11 - Keamanan, Kerahasiaan, dan Penanganan Insiden | P25: P2 - Kewajiban | Q25: F6 - Retensi dan penghapusan | R25: K4 - Batasan atau aturan bisnis hukum. Apakah teks membatasi apa yang boleh dilakukan sistem, atau apa dan siapa yang tercakup? | AK25: =IF(Hitung!B25<$E$1,"",IF(Hitung!C25>0,"Beda","Sama")) | AL25: =IF(Hitung!D25<$E$1,"",IF(Hitung!E25>0,"Beda","Sama")) | AM25: =IF(Hitung!F25<$E$1,"",IF(Hitung!G25>0,"Beda","Sama")) | AN25: =IF(Hitung!H25<$E$1,"",IF(Hitung!I25>0,"Beda","Sama")) | AO25: =IF(Hitung!J25<$E$1,"",IF(Hitung!K25>0,"Beda","Sama")) | AP25: =IF(Hitung!L25<$E$1,"",IF(Hitung!M25>0,"Beda","Sama")) | AQ25: =COUNTIF(AK25:AP25,"Beda") -> 0 | AX25: =IF(AR25<>"",AR25,IF(AND(Hitung!B25=$E$1,Hitung!C25=0),M25,"")) | AY25: =IF(AS25<>"",AS25,IF(AND(Hitung!D25=$E$1,Hitung!E25=0),N25,"")) | AZ25: =IF(AT25<>"",AT25,IF(AND(Hitung!F25=$E$1,Hitung!G25=0),O25,"")) | BA25: =IF(AU25<>"",AU25,IF(AND(Hitung!H25=$E$1,Hitung!I25=0),P25,"")) | BB25: =IF(AV25<>"",AV25,IF(AND(Hitung!J25=$E$1,Hitung!K25=0),Q25,"")) | BC25: =IF(AW25<>"",AW25,IF(AND(Hitung!L25=$E$1,Hitung!M25=0),R25,"")) | BE25: =IF(COUNTA(M25:R25)+COUNTA(S25:X25)+($E$1>=3)*COUNTA(Y25:AD25)+($E$1>=4)*COUNTA(AE25:AJ25)<6*$E$1,"Menunggu coder",IF(AQ25=0,"Sepakat",IF(SUMPRODUCT((AK25:AP25="Beda")*(AR25:AW25=""))=0,"Selesai adjudikasi","Perlu adjudikasi"))) -> Menunggu coder | BF25: =IF(COUNTIF(AX25:BC25,"?*")<6,"",IF(IF(AND(LEFT(AY25,2)="R0",LEFT(BC25,2)<>"K5"),"R0 harus K5; ","")&IF(AND(LEFT(AY25,2)="R1",LEFT(BC25,2)="K3"),"R1 tidak boleh K3 (fungsional); ","")&IF(AND(LEFT(AY25,2)="R2",LEFT(BC25,2)="K5"),"R2 tidak boleh K5; ","")&IF(AND(LEFT(AY25,2)="R2",OR(LEFT(AX25,2)="S6",LEFT(AX25,2)="S7",LEFT(AX25,2)="S8")),"R2 tidak boleh S6/S7/S8; ","")&IF(AND(LEFT(AY25,2)="R2",OR(LEFT(AZ25,3)="T02",LEFT(BA25,2)="P8")),"T02 atau P8 tidak boleh R2; ","")&IF(AND(LEFT(AZ25,3)="T01",LEFT(BA25,2)<>"P6"),"T01 biasanya P6 (periksa); ","")&IF(AND(LEFT(BA25,2)="P1",LEFT(BC25,2)<>"K4"),"P1 biasanya K4 (periksa); ","")="","OK",IF(AND(LEFT(AY25,2)="R0",LEFT(BC25,2)<>"K5"),"R0 harus K5; ","")&IF(AND(LEFT(AY25,2)="R1",LEFT(BC25,2)="K3"),"R1 tidak boleh K3 (fungsional); ","")&IF(AND(LEFT(AY25,2)="R2",LEFT(BC25,2)="K5"),"R2 tidak boleh K5; ","")&IF(AND(LEFT(AY25,2)="R2",OR(LEFT(AX25,2)="S6",LEFT(AX25,2)="S7",LEFT(AX25,2)="S8")),"R2 tidak boleh S6/S7/S8; ","")&IF(AND(LEFT(AY25,2)="R2",OR(LEFT(AZ25,3)="T02",LEFT(BA25,2)="P8")),"T02 atau P8 tidak boleh R2; ","")&IF(AND(LEFT(AZ25,3)="T01",LEFT(BA25,2)<>"P6"),"T01 biasanya P6 (periksa); ","")&IF(AND(LEFT(BA25,2)="P1",LEFT(BC25,2)<>"K4"),"P1 biasanya K4 (periksa); ",""))) | BG25: =IF(COUNTA($G25:$L25)<6,"",IF(COUNTA(M25:R25)<6,"Belum lengkap",IF((LEFT(M25,2)=LEFT(G25,2))+(LEFT(N25,2)=LEFT(H25,2))+(LEFT(O25,3)=LEFT(I25,3))+(LEFT(P25,2)=LEFT(J25,2))+(LEFT(Q25,2)=LEFT(K25,2))+(LEFT(R25,2)=LEFT(L25,2))=6,"Ya (6/6)","Tidak ("&(LEFT(M25,2)=LEFT(G25,2))+(LEFT(N25,2)=LEFT(H25,2))+(LEFT(O25,3)=LEFT(I25,3))+(LEFT(P25,2)=LEFT(J25,2))+(LEFT(Q25,2)=LEFT(K25,2))+(LEFT(R25,2)=LEFT(L25,2))&"/6): "&TRIM(IF(NOT(LEFT(M25,2)=LEFT(G25,2)),"V4 ","")&IF(NOT(LEFT(N25,2)=LEFT(H25,2)),"V5 ","")&IF(NOT(LEFT(O25,3)=LEFT(I25,3)),"V6 ","")&IF(NOT(LEFT(P25,2)=LEFT(J25,2)),"V7 ","")&IF(NOT(LEFT(Q25,2)=LEFT(K25,2)),"V8 ","")&IF(NOT(LEFT(R25,2)=LEFT(L25,2)),"V9 ",""))))) -> Tidak (4/6): V8 V9 | BH25: =IF(COUNTA($G25:$L25)<6,"",IF(COUNTA(S25:X25)<6,"Belum lengkap",IF((LEFT(S25,2)=LEFT(G25,2))+(LEFT(T25,2)=LEFT(H25,2))+(LEFT(U25,3)=LEFT(I25,3))+(LEFT(V25,2)=LEFT(J25,2))+(LEFT(W25,2)=LEFT(K25,2))+(LEFT(X25,2)=LEFT(L25,2))=6,"Ya (6/6)","Tidak ("&(LEFT(S25,2)=LEFT(G25,2))+(LEFT(T25,2)=LEFT(H25,2))+(LEFT(U25,3)=LEFT(I25,3))+(LEFT(V25,2)=LEFT(J25,2))+(LEFT(W25,2)=LEFT(K25,2))+(LEFT(X25,2)=LEFT(L25,2))&"/6): "&TRIM(IF(NOT(LEFT(S25,2)=LEFT(G25,2)),"V4 ","")&IF(NOT(LEFT(T25,2)=LEFT(H25,2)),"V5 ","")&IF(NOT(LEFT(U25,3)=LEFT(I25,3)),"V6 ","")&IF(NOT(LEFT(V25,2)=LEFT(J25,2)),"V7 ","")&IF(NOT(LEFT(W25,2)=LEFT(K25,2)),"V8 ","")&IF(NOT(LEFT(X25,2)=LEFT(L25,2)),"V9 ",""))))) -> Belum lengkap | BI25: =IF(COUNTA($G25:$L25)<6,"",IF($E$1<3,"",IF(COUNTA(Y25:AD25)<6,"Belum lengkap",IF((LEFT(Y25,2)=LEFT(G25,2))+(LEFT(Z25,2)=LEFT(H25,2))+(LEFT(AA25,3)=LEFT(I25,3))+(LEFT(AB25,2)=LEFT(J25,2))+(LEFT(AC25,2)=LEFT(K25,2))+(LEFT(AD25,2)=LEFT(L25,2))=6,"Ya (6/6)","Tidak ("&(LEFT(Y25,2)=LEFT(G25,2))+(LEFT(Z25,2)=LEFT(H25,2))+(LEFT(AA25,3)=LEFT(I25,3))+(LEFT(AB25,2)=LEFT(J25,2))+(LEFT(AC25,2)=LEFT(K25,2))+(LEFT(AD25,2)=LEFT(L25,2))&"/6): "&TRIM(IF(NOT(LEFT(Y25,2)=LEFT(G25,2)),"V4 ","")&IF(NOT(LEFT(Z25,2)=LEFT(H25,2)),"V5 ","")&IF(NOT(LEFT(AA25,3)=LEFT(I25,3)),"V6 ","")&IF(NOT(LEFT(AB25,2)=LEFT(J25,2)),"V7 ","")&IF(NOT(LEFT(AC25,2)=LEFT(K25,2)),"V8 ","")&IF(NOT(LEFT(AD25,2)=LEFT(L25,2)),"V9 ","")))))) | BJ25: =IF(COUNTA($G25:$L25)<6,"",IF($E$1<4,"",IF(COUNTA(AE25:AJ25)<6,"Belum lengkap",IF((LEFT(AE25,2)=LEFT(G25,2))+(LEFT(AF25,2)=LEFT(H25,2))+(LEFT(AG25,3)=LEFT(I25,3))+(LEFT(AH25,2)=LEFT(J25,2))+(LEFT(AI25,2)=LEFT(K25,2))+(LEFT(AJ25,2)=LEFT(L25,2))=6,"Ya (6/6)","Tidak ("&(LEFT(AE25,2)=LEFT(G25,2))+(LEFT(AF25,2)=LEFT(H25,2))+(LEFT(AG25,3)=LEFT(I25,3))+(LEFT(AH25,2)=LEFT(J25,2))+(LEFT(AI25,2)=LEFT(K25,2))+(LEFT(AJ25,2)=LEFT(L25,2))&"/6): "&TRIM(IF(NOT(LEFT(AE25,2)=LEFT(G25,2)),"V4 ","")&IF(NOT(LEFT(AF25,2)=LEFT(H25,2)),"V5 ","")&IF(NOT(LEFT(AG25,3)=LEFT(I25,3)),"V6 ","")&IF(NOT(LEFT(AH25,2)=LEFT(J25,2)),"V7 ","")&IF(NOT(LEFT(AI25,2)=LEFT(K25,2)),"V8 ","")&IF(NOT(LEFT(AJ25,2)=LEFT(L25,2)),"V9 ","")))))) | BK25: CC
A26: 23 | B26: =IF(INDEX(Korpus!$A:$A,$A26)="","",INDEX(Korpus!$A:$A,$A26)) -> 2019MHN201 | C26: =TRIM(INDEX(Korpus!$D:$D,$A26)&" "&INDEX(Korpus!$E:$E,$A26)) -> Paragraf 8 Kalimat 1 | D26: =IF(INDEX(Korpus!$B:$B,$A26)="","",INDEX(Korpus!$B:$B,$A26)) -> C. Pembahasan | E26: =IF(INDEX(Korpus!$C:$C,$A26)="","",INDEX(Korpus!$C:$C,$A26)) -> 5. Pentingnya Perlindungan Data Pribadi | F26: =IF(INDEX(Korpus!$F:$F,$A26)="","",INDEX(Korpus!$F:$F,$A26)) -> Banyaknya peraturan yang mengatur tentang perlindungan data pribadi menunjukkan pentingnya data pribadi untuk dilindungi. | AK26: =IF(Hitung!B26<$E$1,"",IF(Hitung!C26>0,"Beda","Sama")) | AL26: =IF(Hitung!D26<$E$1,"",IF(Hitung!E26>0,"Beda","Sama")) | AM26: =IF(Hitung!F26<$E$1,"",IF(Hitung!G26>0,"Beda","Sama")) | AN26: =IF(Hitung!H26<$E$1,"",IF(Hitung!I26>0,"Beda","Sama")) | AO26: =IF(Hitung!J26<$E$1,"",IF(Hitung!K26>0,"Beda","Sama")) | AP26: =IF(Hitung!L26<$E$1,"",IF(Hitung!M26>0,"Beda","Sama")) | AQ26: =COUNTIF(AK26:AP26,"Beda") -> 0 | AX26: =IF(AR26<>"",AR26,IF(AND(Hitung!B26=$E$1,Hitung!C26=0),M26,"")) | AY26: =IF(AS26<>"",AS26,IF(AND(Hitung!D26=$E$1,Hitung!E26=0),N26,"")) | AZ26: =IF(AT26<>"",AT26,IF(AND(Hitung!F26=$E$1,Hitung!G26=0),O26,"")) | BA26: =IF(AU26<>"",AU26,IF(AND(Hitung!H26=$E$1,Hitung!I26=0),P26,"")) | BB26: =IF(AV26<>"",AV26,IF(AND(Hitung!J26=$E$1,Hitung!K26=0),Q26,"")) | BC26: =IF(AW26<>"",AW26,IF(AND(Hitung!L26=$E$1,Hitung!M26=0),R26,"")) | BE26: =IF(COUNTA(M26:R26)+COUNTA(S26:X26)+($E$1>=3)*COUNTA(Y26:AD26)+($E$1>=4)*COUNTA(AE26:AJ26)<6*$E$1,"Menunggu coder",IF(AQ26=0,"Sepakat",IF(SUMPRODUCT((AK26:AP26="Beda")*(AR26:AW26=""))=0,"Selesai adjudikasi","Perlu adjudikasi"))) -> Menunggu coder | BF26: =IF(COUNTIF(AX26:BC26,"?*")<6,"",IF(IF(AND(LEFT(AY26,2)="R0",LEFT(BC26,2)<>"K5"),"R0 harus K5; ","")&IF(AND(LEFT(AY26,2)="R1",LEFT(BC26,2)="K3"),"R1 tidak boleh K3 (fungsional); ","")&IF(AND(LEFT(AY26,2)="R2",LEFT(BC26,2)="K5"),"R2 tidak boleh K5; ","")&IF(AND(LEFT(AY26,2)="R2",OR(LEFT(AX26,2)="S6",LEFT(AX26,2)="S7",LEFT(AX26,2)="S8")),"R2 tidak boleh S6/S7/S8; ","")&IF(AND(LEFT(AY26,2)="R2",OR(LEFT(AZ26,3)="T02",LEFT(BA26,2)="P8")),"T02 atau P8 tidak boleh R2; ","")&IF(AND(LEFT(AZ26,3)="T01",LEFT(BA26,2)<>"P6"),"T01 biasanya P6 (periksa); ","")&IF(AND(LEFT(BA26,2)="P1",LEFT(BC26,2)<>"K4"),"P1 biasanya K4 (periksa); ","")="","OK",IF(AND(LEFT(AY26,2)="R0",LEFT(BC26,2)<>"K5"),"R0 harus K5; ","")&IF(AND(LEFT(AY26,2)="R1",LEFT(BC26,2)="K3"),"R1 tidak boleh K3 (fungsional); ","")&IF(AND(LEFT(AY26,2)="R2",LEFT(BC26,2)="K5"),"R2 tidak boleh K5; ","")&IF(AND(LEFT(AY26,2)="R2",OR(LEFT(AX26,2)="S6",LEFT(AX26,2)="S7",LEFT(AX26,2)="S8")),"R2 tidak boleh S6/S7/S8; ","")&IF(AND(LEFT(AY26,2)="R2",OR(LEFT(AZ26,3)="T02",LEFT(BA26,2)="P8")),"T02 atau P8 tidak boleh R2; ","")&IF(AND(LEFT(AZ26,3)="T01",LEFT(BA26,2)<>"P6"),"T01 biasanya P6 (periksa); ","")&IF(AND(LEFT(BA26,2)="P1",LEFT(BC26,2)<>"K4"),"P1 biasanya K4 (periksa); ",""))) | BG26: =IF(COUNTA($G26:$L26)<6,"",IF(COUNTA(M26:R26)<6,"Belum lengkap",IF((LEFT(M26,2)=LEFT(G26,2))+(LEFT(N26,2)=LEFT(H26,2))+(LEFT(O26,3)=LEFT(I26,3))+(LEFT(P26,2)=LEFT(J26,2))+(LEFT(Q26,2)=LEFT(K26,2))+(LEFT(R26,2)=LEFT(L26,2))=6,"Ya (6/6)","Tidak ("&(LEFT(M26,2)=LEFT(G26,2))+(LEFT(N26,2)=LEFT(H26,2))+(LEFT(O26,3)=LEFT(I26,3))+(LEFT(P26,2)=LEFT(J26,2))+(LEFT(Q26,2)=LEFT(K26,2))+(LEFT(R26,2)=LEFT(L26,2))&"/6): "&TRIM(IF(NOT(LEFT(M26,2)=LEFT(G26,2)),"V4 ","")&IF(NOT(LEFT(N26,2)=LEFT(H26,2)),"V5 ","")&IF(NOT(LEFT(O26,3)=LEFT(I26,3)),"V6 ","")&IF(NOT(LEFT(P26,2)=LEFT(J26,2)),"V7 ","")&IF(NOT(LEFT(Q26,2)=LEFT(K26,2)),"V8 ","")&IF(NOT(LEFT(R26,2)=LEFT(L26,2)),"V9 ",""))))) | BH26: =IF(COUNTA($G26:$L26)<6,"",IF(COUNTA(S26:X26)<6,"Belum lengkap",IF((LEFT(S26,2)=LEFT(G26,2))+(LEFT(T26,2)=LEFT(H26,2))+(LEFT(U26,3)=LEFT(I26,3))+(LEFT(V26,2)=LEFT(J26,2))+(LEFT(W26,2)=LEFT(K26,2))+(LEFT(X26,2)=LEFT(L26,2))=6,"Ya (6/6)","Tidak ("&(LEFT(S26,2)=LEFT(G26,2))+(LEFT(T26,2)=LEFT(H26,2))+(LEFT(U26,3)=LEFT(I26,3))+(LEFT(V26,2)=LEFT(J26,2))+(LEFT(W26,2)=LEFT(K26,2))+(LEFT(X26,2)=LEFT(L26,2))&"/6): "&TRIM(IF(NOT(LEFT(S26,2)=LEFT(G26,2)),"V4 ","")&IF(NOT(LEFT(T26,2)=LEFT(H26,2)),"V5 ","")&IF(NOT(LEFT(U26,3)=LEFT(I26,3)),"V6 ","")&IF(NOT(LEFT(V26,2)=LEFT(J26,2)),"V7 ","")&IF(NOT(LEFT(W26,2)=LEFT(K26,2)),"V8 ","")&IF(NOT(LEFT(X26,2)=LEFT(L26,2)),"V9 ",""))))) | BI26: =IF(COUNTA($G26:$L26)<6,"",IF($E$1<3,"",IF(COUNTA(Y26:AD26)<6,"Belum lengkap",IF((LEFT(Y26,2)=LEFT(G26,2))+(LEFT(Z26,2)=LEFT(H26,2))+(LEFT(AA26,3)=LEFT(I26,3))+(LEFT(AB26,2)=LEFT(J26,2))+(LEFT(AC26,2)=LEFT(K26,2))+(LEFT(AD26,2)=LEFT(L26,2))=6,"Ya (6/6)","Tidak ("&(LEFT(Y26,2)=LEFT(G26,2))+(LEFT(Z26,2)=LEFT(H26,2))+(LEFT(AA26,3)=LEFT(I26,3))+(LEFT(AB26,2)=LEFT(J26,2))+(LEFT(AC26,2)=LEFT(K26,2))+(LEFT(AD26,2)=LEFT(L26,2))&"/6): "&TRIM(IF(NOT(LEFT(Y26,2)=LEFT(G26,2)),"V4 ","")&IF(NOT(LEFT(Z26,2)=LEFT(H26,2)),"V5 ","")&IF(NOT(LEFT(AA26,3)=LEFT(I26,3)),"V6 ","")&IF(NOT(LEFT(AB26,2)=LEFT(J26,2)),"V7 ","")&IF(NOT(LEFT(AC26,2)=LEFT(K26,2)),"V8 ","")&IF(NOT(LEFT(AD26,2)=LEFT(L26,2)),"V9 ","")))))) | BJ26: =IF(COUNTA($G26:$L26)<6,"",IF($E$1<4,"",IF(COUNTA(AE26:AJ26)<6,"Belum lengkap",IF((LEFT(AE26,2)=LEFT(G26,2))+(LEFT(AF26,2)=LEFT(H26,2))+(LEFT(AG26,3)=LEFT(I26,3))+(LEFT(AH26,2)=LEFT(J26,2))+(LEFT(AI26,2)=LEFT(K26,2))+(LEFT(AJ26,2)=LEFT(L26,2))=6,"Ya (6/6)","Tidak ("&(LEFT(AE26,2)=LEFT(G26,2))+(LEFT(AF26,2)=LEFT(H26,2))+(LEFT(AG26,3)=LEFT(I26,3))+(LEFT(AH26,2)=LEFT(J26,2))+(LEFT(AI26,2)=LEFT(K26,2))+(LEFT(AJ26,2)=LEFT(L26,2))&"/6): "&TRIM(IF(NOT(LEFT(AE26,2)=LEFT(G26,2)),"V4 ","")&IF(NOT(LEFT(AF26,2)=LEFT(H26,2)),"V5 ","")&IF(NOT(LEFT(AG26,3)=LEFT(I26,3)),"V6 ","")&IF(NOT(LEFT(AH26,2)=LEFT(J26,2)),"V7 ","")&IF(NOT(LEFT(AI26,2)=LEFT(K26,2)),"V8 ","")&IF(NOT(LEFT(AJ26,2)=LEFT(L26,2)),"V9 ",""))))))
A27: 24 | B27: =IF(INDEX(Korpus!$A:$A,$A27)="","",INDEX(Korpus!$A:$A,$A27)) -> 2019MHN201 | C27: =TRIM(INDEX(Korpus!$D:$D,$A27)&" "&INDEX(Korpus!$E:$E,$A27)) -> Paragraf 8 Kalimat 3 | D27: =IF(INDEX(Korpus!$B:$B,$A27)="","",INDEX(Korpus!$B:$B,$A27)) -> C. Pembahasan | E27: =IF(INDEX(Korpus!$C:$C,$A27)="","",INDEX(Korpus!$C:$C,$A27)) -> 5. Pentingnya Perlindungan Data Pribadi | F27: =IF(INDEX(Korpus!$F:$F,$A27)="","",INDEX(Korpus!$F:$F,$A27)) -> Oleh karena itu perlu disusun suatu undang-undang yang secara khusus dapat memberikan perlindungan data pribadi. | AK27: =IF(Hitung!B27<$E$1,"",IF(Hitung!C27>0,"Beda","Sama")) | AL27: =IF(Hitung!D27<$E$1,"",IF(Hitung!E27>0,"Beda","Sama")) | AM27: =IF(Hitung!F27<$E$1,"",IF(Hitung!G27>0,"Beda","Sama")) | AN27: =IF(Hitung!H27<$E$1,"",IF(Hitung!I27>0,"Beda","Sama")) | AO27: =IF(Hitung!J27<$E$1,"",IF(Hitung!K27>0,"Beda","Sama")) | AP27: =IF(Hitung!L27<$E$1,"",IF(Hitung!M27>0,"Beda","Sama")) | AQ27: =COUNTIF(AK27:AP27,"Beda") -> 0 | AX27: =IF(AR27<>"",AR27,IF(AND(Hitung!B27=$E$1,Hitung!C27=0),M27,"")) | AY27: =IF(AS27<>"",AS27,IF(AND(Hitung!D27=$E$1,Hitung!E27=0),N27,"")) | AZ27: =IF(AT27<>"",AT27,IF(AND(Hitung!F27=$E$1,Hitung!G27=0),O27,"")) | BA27: =IF(AU27<>"",AU27,IF(AND(Hitung!H27=$E$1,Hitung!I27=0),P27,"")) | BB27: =IF(AV27<>"",AV27,IF(AND(Hitung!J27=$E$1,Hitung!K27=0),Q27,"")) | BC27: =IF(AW27<>"",AW27,IF(AND(Hitung!L27=$E$1,Hitung!M27=0),R27,"")) | BE27: =IF(COUNTA(M27:R27)+COUNTA(S27:X27)+($E$1>=3)*COUNTA(Y27:AD27)+($E$1>=4)*COUNTA(AE27:AJ27)<6*$E$1,"Menunggu coder",IF(AQ27=0,"Sepakat",IF(SUMPRODUCT((AK27:AP27="Beda")*(AR27:AW27=""))=0,"Selesai adjudikasi","Perlu adjudikasi"))) -> Menunggu coder | BF27: =IF(COUNTIF(AX27:BC27,"?*")<6,"",IF(IF(AND(LEFT(AY27,2)="R0",LEFT(BC27,2)<>"K5"),"R0 harus K5; ","")&IF(AND(LEFT(AY27,2)="R1",LEFT(BC27,2)="K3"),"R1 tidak boleh K3 (fungsional); ","")&IF(AND(LEFT(AY27,2)="R2",LEFT(BC27,2)="K5"),"R2 tidak boleh K5; ","")&IF(AND(LEFT(AY27,2)="R2",OR(LEFT(AX27,2)="S6",LEFT(AX27,2)="S7",LEFT(AX27,2)="S8")),"R2 tidak boleh S6/S7/S8; ","")&IF(AND(LEFT(AY27,2)="R2",OR(LEFT(AZ27,3)="T02",LEFT(BA27,2)="P8")),"T02 atau P8 tidak boleh R2; ","")&IF(AND(LEFT(AZ27,3)="T01",LEFT(BA27,2)<>"P6"),"T01 biasanya P6 (periksa); ","")&IF(AND(LEFT(BA27,2)="P1",LEFT(BC27,2)<>"K4"),"P1 biasanya K4 (periksa); ","")="","OK",IF(AND(LEFT(AY27,2)="R0",LEFT(BC27,2)<>"K5"),"R0 harus K5; ","")&IF(AND(LEFT(AY27,2)="R1",LEFT(BC27,2)="K3"),"R1 tidak boleh K3 (fungsional); ","")&IF(AND(LEFT(AY27,2)="R2",LEFT(BC27,2)="K5"),"R2 tidak boleh K5; ","")&IF(AND(LEFT(AY27,2)="R2",OR(LEFT(AX27,2)="S6",LEFT(AX27,2)="S7",LEFT(AX27,2)="S8")),"R2 tidak boleh S6/S7/S8; ","")&IF(AND(LEFT(AY27,2)="R2",OR(LEFT(AZ27,3)="T02",LEFT(BA27,2)="P8")),"T02 atau P8 tidak boleh R2; ","")&IF(AND(LEFT(AZ27,3)="T01",LEFT(BA27,2)<>"P6"),"T01 biasanya P6 (periksa); ","")&IF(AND(LEFT(BA27,2)="P1",LEFT(BC27,2)<>"K4"),"P1 biasanya K4 (periksa); ",""))) | BG27: =IF(COUNTA($G27:$L27)<6,"",IF(COUNTA(M27:R27)<6,"Belum lengkap",IF((LEFT(M27,2)=LEFT(G27,2))+(LEFT(N27,2)=LEFT(H27,2))+(LEFT(O27,3)=LEFT(I27,3))+(LEFT(P27,2)=LEFT(J27,2))+(LEFT(Q27,2)=LEFT(K27,2))+(LEFT(R27,2)=LEFT(L27,2))=6,"Ya (6/6)","Tidak ("&(LEFT(M27,2)=LEFT(G27,2))+(LEFT(N27,2)=LEFT(H27,2))+(LEFT(O27,3)=LEFT(I27,3))+(LEFT(P27,2)=LEFT(J27,2))+(LEFT(Q27,2)=LEFT(K27,2))+(LEFT(R27,2)=LEFT(L27,2))&"/6): "&TRIM(IF(NOT(LEFT(M27,2)=LEFT(G27,2)),"V4 ","")&IF(NOT(LEFT(N27,2)=LEFT(H27,2)),"V5 ","")&IF(NOT(LEFT(O27,3)=LEFT(I27,3)),"V6 ","")&IF(NOT(LEFT(P27,2)=LEFT(J27,2)),"V7 ","")&IF(NOT(LEFT(Q27,2)=LEFT(K27,2)),"V8 ","")&IF(NOT(LEFT(R27,2)=LEFT(L27,2)),"V9 ",""))))) | BH27: =IF(COUNTA($G27:$L27)<6,"",IF(COUNTA(S27:X27)<6,"Belum lengkap",IF((LEFT(S27,2)=LEFT(G27,2))+(LEFT(T27,2)=LEFT(H27,2))+(LEFT(U27,3)=LEFT(I27,3))+(LEFT(V27,2)=LEFT(J27,2))+(LEFT(W27,2)=LEFT(K27,2))+(LEFT(X27,2)=LEFT(L27,2))=6,"Ya (6/6)","Tidak ("&(LEFT(S27,2)=LEFT(G27,2))+(LEFT(T27,2)=LEFT(H27,2))+(LEFT(U27,3)=LEFT(I27,3))+(LEFT(V27,2)=LEFT(J27,2))+(LEFT(W27,2)=LEFT(K27,2))+(LEFT(X27,2)=LEFT(L27,2))&"/6): "&TRIM(IF(NOT(LEFT(S27,2)=LEFT(G27,2)),"V4 ","")&IF(NOT(LEFT(T27,2)=LEFT(H27,2)),"V5 ","")&IF(NOT(LEFT(U27,3)=LEFT(I27,3)),"V6 ","")&IF(NOT(LEFT(V27,2)=LEFT(J27,2)),"V7 ","")&IF(NOT(LEFT(W27,2)=LEFT(K27,2)),"V8 ","")&IF(NOT(LEFT(X27,2)=LEFT(L27,2)),"V9 ",""))))) | BI27: =IF(COUNTA($G27:$L27)<6,"",IF($E$1<3,"",IF(COUNTA(Y27:AD27)<6,"Belum lengkap",IF((LEFT(Y27,2)=LEFT(G27,2))+(LEFT(Z27,2)=LEFT(H27,2))+(LEFT(AA27,3)=LEFT(I27,3))+(LEFT(AB27,2)=LEFT(J27,2))+(LEFT(AC27,2)=LEFT(K27,2))+(LEFT(AD27,2)=LEFT(L27,2))=6,"Ya (6/6)","Tidak ("&(LEFT(Y27,2)=LEFT(G27,2))+(LEFT(Z27,2)=LEFT(H27,2))+(LEFT(AA27,3)=LEFT(I27,3))+(LEFT(AB27,2)=LEFT(J27,2))+(LEFT(AC27,2)=LEFT(K27,2))+(LEFT(AD27,2)=LEFT(L27,2))&"/6): "&TRIM(IF(NOT(LEFT(Y27,2)=LEFT(G27,2)),"V4 ","")&IF(NOT(LEFT(Z27,2)=LEFT(H27,2)),"V5 ","")&IF(NOT(LEFT(AA27,3)=LEFT(I27,3)),"V6 ","")&IF(NOT(LEFT(AB27,2)=LEFT(J27,2)),"V7 ","")&IF(NOT(LEFT(AC27,2)=LEFT(K27,2)),"V8 ","")&IF(NOT(LEFT(AD27,2)=LEFT(L27,2)),"V9 ","")))))) | BJ27: =IF(COUNTA($G27:$L27)<6,"",IF($E$1<4,"",IF(COUNTA(AE27:AJ27)<6,"Belum lengkap",IF((LEFT(AE27,2)=LEFT(G27,2))+(LEFT(AF27,2)=LEFT(H27,2))+(LEFT(AG27,3)=LEFT(I27,3))+(LEFT(AH27,2)=LEFT(J27,2))+(LEFT(AI27,2)=LEFT(K27,2))+(LEFT(AJ27,2)=LEFT(L27,2))=6,"Ya (6/6)","Tidak ("&(LEFT(AE27,2)=LEFT(G27,2))+(LEFT(AF27,2)=LEFT(H27,2))+(LEFT(AG27,3)=LEFT(I27,3))+(LEFT(AH27,2)=LEFT(J27,2))+(LEFT(AI27,2)=LEFT(K27,2))+(LEFT(AJ27,2)=LEFT(L27,2))&"/6): "&TRIM(IF(NOT(LEFT(AE27,2)=LEFT(G27,2)),"V4 ","")&IF(NOT(LEFT(AF27,2)=LEFT(H27,2)),"V5 ","")&IF(NOT(LEFT(AG27,3)=LEFT(I27,3)),"V6 ","")&IF(NOT(LEFT(AH27,2)=LEFT(J27,2)),"V7 ","")&IF(NOT(LEFT(AI27,2)=LEFT(K27,2)),"V8 ","")&IF(NOT(LEFT(AJ27,2)=LEFT(L27,2)),"V9 ",""))))))
A28: 25 | B28: =IF(INDEX(Korpus!$A:$A,$A28)="","",INDEX(Korpus!$A:$A,$A28)) -> 2019MHN201 | C28: =TRIM(INDEX(Korpus!$D:$D,$A28)&" "&INDEX(Korpus!$E:$E,$A28)) -> Paragraf 1 Kalimat 3 | D28: =IF(INDEX(Korpus!$B:$B,$A28)="","",INDEX(Korpus!$B:$B,$A28)) -> D. Penutup | E28: =IF(INDEX(Korpus!$C:$C,$A28)="","",INDEX(Korpus!$C:$C,$A28)) | F28: =IF(INDEX(Korpus!$F:$F,$A28)="","",INDEX(Korpus!$F:$F,$A28)) -> Selain itu juga sudah ada Peraturan Menteri Nomor 20 Tahun 2016 tentang Perlindungan Data Pribadi namun belum cukup memberikan perlindungan kepada konsumen. | M28: S2 - Pengendali Data Pribadi | N28: R1 - Relevan tidak langsung | O28: T14 - Akses dan Pemanfaatan Data Pemerintah | P28: P3 - Hak | Q28: F2 - Pengumpulan atau akuisisi | R28: K5 - Tidak menghasilkan kebutuhan. Apakah teks benar-benar tidak dapat diterjemahkan menjadi kalimat "Sistem harus/tidak boleh …"? | AK28: =IF(Hitung!B28<$E$1,"",IF(Hitung!C28>0,"Beda","Sama")) | AL28: =IF(Hitung!D28<$E$1,"",IF(Hitung!E28>0,"Beda","Sama")) | AM28: =IF(Hitung!F28<$E$1,"",IF(Hitung!G28>0,"Beda","Sama")) | AN28: =IF(Hitung!H28<$E$1,"",IF(Hitung!I28>0,"Beda","Sama")) | AO28: =IF(Hitung!J28<$E$1,"",IF(Hitung!K28>0,"Beda","Sama")) | AP28: =IF(Hitung!L28<$E$1,"",IF(Hitung!M28>0,"Beda","Sama")) | AQ28: =COUNTIF(AK28:AP28,"Beda") -> 0 | AX28: =IF(AR28<>"",AR28,IF(AND(Hitung!B28=$E$1,Hitung!C28=0),M28,"")) | AY28: =IF(AS28<>"",AS28,IF(AND(Hitung!D28=$E$1,Hitung!E28=0),N28,"")) | AZ28: =IF(AT28<>"",AT28,IF(AND(Hitung!F28=$E$1,Hitung!G28=0),O28,"")) | BA28: =IF(AU28<>"",AU28,IF(AND(Hitung!H28=$E$1,Hitung!I28=0),P28,"")) | BB28: =IF(AV28<>"",AV28,IF(AND(Hitung!J28=$E$1,Hitung!K28=0),Q28,"")) | BC28: =IF(AW28<>"",AW28,IF(AND(Hitung!L28=$E$1,Hitung!M28=0),R28,"")) | BE28: =IF(COUNTA(M28:R28)+COUNTA(S28:X28)+($E$1>=3)*COUNTA(Y28:AD28)+($E$1>=4)*COUNTA(AE28:AJ28)<6*$E$1,"Menunggu coder",IF(AQ28=0,"Sepakat",IF(SUMPRODUCT((AK28:AP28="Beda")*(AR28:AW28=""))=0,"Selesai adjudikasi","Perlu adjudikasi"))) -> Menunggu coder | BF28: =IF(COUNTIF(AX28:BC28,"?*")<6,"",IF(IF(AND(LEFT(AY28,2)="R0",LEFT(BC28,2)<>"K5"),"R0 harus K5; ","")&IF(AND(LEFT(AY28,2)="R1",LEFT(BC28,2)="K3"),"R1 tidak boleh K3 (fungsional); ","")&IF(AND(LEFT(AY28,2)="R2",LEFT(BC28,2)="K5"),"R2 tidak boleh K5; ","")&IF(AND(LEFT(AY28,2)="R2",OR(LEFT(AX28,2)="S6",LEFT(AX28,2)="S7",LEFT(AX28,2)="S8")),"R2 tidak boleh S6/S7/S8; ","")&IF(AND(LEFT(AY28,2)="R2",OR(LEFT(AZ28,3)="T02",LEFT(BA28,2)="P8")),"T02 atau P8 tidak boleh R2; ","")&IF(AND(LEFT(AZ28,3)="T01",LEFT(BA28,2)<>"P6"),"T01 biasanya P6 (periksa); ","")&IF(AND(LEFT(BA28,2)="P1",LEFT(BC28,2)<>"K4"),"P1 biasanya K4 (periksa); ","")="","OK",IF(AND(LEFT(AY28,2)="R0",LEFT(BC28,2)<>"K5"),"R0 harus K5; ","")&IF(AND(LEFT(AY28,2)="R1",LEFT(BC28,2)="K3"),"R1 tidak boleh K3 (fungsional); ","")&IF(AND(LEFT(AY28,2)="R2",LEFT(BC28,2)="K5"),"R2 tidak boleh K5; ","")&IF(AND(LEFT(AY28,2)="R2",OR(LEFT(AX28,2)="S6",LEFT(AX28,2)="S7",LEFT(AX28,2)="S8")),"R2 tidak boleh S6/S7/S8; ","")&IF(AND(LEFT(AY28,2)="R2",OR(LEFT(AZ28,3)="T02",LEFT(BA28,2)="P8")),"T02 atau P8 tidak boleh R2; ","")&IF(AND(LEFT(AZ28,3)="T01",LEFT(BA28,2)<>"P6"),"T01 biasanya P6 (periksa); ","")&IF(AND(LEFT(BA28,2)="P1",LEFT(BC28,2)<>"K4"),"P1 biasanya K4 (periksa); ",""))) | BG28: =IF(COUNTA($G28:$L28)<6,"",IF(COUNTA(M28:R28)<6,"Belum lengkap",IF((LEFT(M28,2)=LEFT(G28,2))+(LEFT(N28,2)=LEFT(H28,2))+(LEFT(O28,3)=LEFT(I28,3))+(LEFT(P28,2)=LEFT(J28,2))+(LEFT(Q28,2)=LEFT(K28,2))+(LEFT(R28,2)=LEFT(L28,2))=6,"Ya (6/6)","Tidak ("&(LEFT(M28,2)=LEFT(G28,2))+(LEFT(N28,2)=LEFT(H28,2))+(LEFT(O28,3)=LEFT(I28,3))+(LEFT(P28,2)=LEFT(J28,2))+(LEFT(Q28,2)=LEFT(K28,2))+(LEFT(R28,2)=LEFT(L28,2))&"/6): "&TRIM(IF(NOT(LEFT(M28,2)=LEFT(G28,2)),"V4 ","")&IF(NOT(LEFT(N28,2)=LEFT(H28,2)),"V5 ","")&IF(NOT(LEFT(O28,3)=LEFT(I28,3)),"V6 ","")&IF(NOT(LEFT(P28,2)=LEFT(J28,2)),"V7 ","")&IF(NOT(LEFT(Q28,2)=LEFT(K28,2)),"V8 ","")&IF(NOT(LEFT(R28,2)=LEFT(L28,2)),"V9 ",""))))) | BH28: =IF(COUNTA($G28:$L28)<6,"",IF(COUNTA(S28:X28)<6,"Belum lengkap",IF((LEFT(S28,2)=LEFT(G28,2))+(LEFT(T28,2)=LEFT(H28,2))+(LEFT(U28,3)=LEFT(I28,3))+(LEFT(V28,2)=LEFT(J28,2))+(LEFT(W28,2)=LEFT(K28,2))+(LEFT(X28,2)=LEFT(L28,2))=6,"Ya (6/6)","Tidak ("&(LEFT(S28,2)=LEFT(G28,2))+(LEFT(T28,2)=LEFT(H28,2))+(LEFT(U28,3)=LEFT(I28,3))+(LEFT(V28,2)=LEFT(J28,2))+(LEFT(W28,2)=LEFT(K28,2))+(LEFT(X28,2)=LEFT(L28,2))&"/6): "&TRIM(IF(NOT(LEFT(S28,2)=LEFT(G28,2)),"V4 ","")&IF(NOT(LEFT(T28,2)=LEFT(H28,2)),"V5 ","")&IF(NOT(LEFT(U28,3)=LEFT(I28,3)),"V6 ","")&IF(NOT(LEFT(V28,2)=LEFT(J28,2)),"V7 ","")&IF(NOT(LEFT(W28,2)=LEFT(K28,2)),"V8 ","")&IF(NOT(LEFT(X28,2)=LEFT(L28,2)),"V9 ",""))))) | BI28: =IF(COUNTA($G28:$L28)<6,"",IF($E$1<3,"",IF(COUNTA(Y28:AD28)<6,"Belum lengkap",IF((LEFT(Y28,2)=LEFT(G28,2))+(LEFT(Z28,2)=LEFT(H28,2))+(LEFT(AA28,3)=LEFT(I28,3))+(LEFT(AB28,2)=LEFT(J28,2))+(LEFT(AC28,2)=LEFT(K28,2))+(LEFT(AD28,2)=LEFT(L28,2))=6,"Ya (6/6)","Tidak ("&(LEFT(Y28,2)=LEFT(G28,2))+(LEFT(Z28,2)=LEFT(H28,2))+(LEFT(AA28,3)=LEFT(I28,3))+(LEFT(AB28,2)=LEFT(J28,2))+(LEFT(AC28,2)=LEFT(K28,2))+(LEFT(AD28,2)=LEFT(L28,2))&"/6): "&TRIM(IF(NOT(LEFT(Y28,2)=LEFT(G28,2)),"V4 ","")&IF(NOT(LEFT(Z28,2)=LEFT(H28,2)),"V5 ","")&IF(NOT(LEFT(AA28,3)=LEFT(I28,3)),"V6 ","")&IF(NOT(LEFT(AB28,2)=LEFT(J28,2)),"V7 ","")&IF(NOT(LEFT(AC28,2)=LEFT(K28,2)),"V8 ","")&IF(NOT(LEFT(AD28,2)=LEFT(L28,2)),"V9 ","")))))) | BJ28: =IF(COUNTA($G28:$L28)<6,"",IF($E$1<4,"",IF(COUNTA(AE28:AJ28)<6,"Belum lengkap",IF((LEFT(AE28,2)=LEFT(G28,2))+(LEFT(AF28,2)=LEFT(H28,2))+(LEFT(AG28,3)=LEFT(I28,3))+(LEFT(AH28,2)=LEFT(J28,2))+(LEFT(AI28,2)=LEFT(K28,2))+(LEFT(AJ28,2)=LEFT(L28,2))=6,"Ya (6/6)","Tidak ("&(LEFT(AE28,2)=LEFT(G28,2))+(LEFT(AF28,2)=LEFT(H28,2))+(LEFT(AG28,3)=LEFT(I28,3))+(LEFT(AH28,2)=LEFT(J28,2))+(LEFT(AI28,2)=LEFT(K28,2))+(LEFT(AJ28,2)=LEFT(L28,2))&"/6): "&TRIM(IF(NOT(LEFT(AE28,2)=LEFT(G28,2)),"V4 ","")&IF(NOT(LEFT(AF28,2)=LEFT(H28,2)),"V5 ","")&IF(NOT(LEFT(AG28,3)=LEFT(I28,3)),"V6 ","")&IF(NOT(LEFT(AH28,2)=LEFT(J28,2)),"V7 ","")&IF(NOT(LEFT(AI28,2)=LEFT(K28,2)),"V8 ","")&IF(NOT(LEFT(AJ28,2)=LEFT(L28,2)),"V9 ","")))))) | BK28: Ya
A29: 26 | B29: =IF(INDEX(Korpus!$A:$A,$A29)="","",INDEX(Korpus!$A:$A,$A29)) -> 2019MHN201 | C29: =TRIM(INDEX(Korpus!$D:$D,$A29)&" "&INDEX(Korpus!$E:$E,$A29)) -> Paragraf 1 Kalimat 4 | D29: =IF(INDEX(Korpus!$B:$B,$A29)="","",INDEX(Korpus!$B:$B,$A29)) -> D. Penutup | E29: =IF(INDEX(Korpus!$C:$C,$A29)="","",INDEX(Korpus!$C:$C,$A29)) | F29: =IF(INDEX(Korpus!$F:$F,$A29)="","",INDEX(Korpus!$F:$F,$A29)) -> Oleh karenanya Pemerintah perlu segera memberikan perlindungan data pribadi nasabah agar tidak disalahgunakan. | AK29: =IF(Hitung!B29<$E$1,"",IF(Hitung!C29>0,"Beda","Sama")) | AL29: =IF(Hitung!D29<$E$1,"",IF(Hitung!E29>0,"Beda","Sama")) | AM29: =IF(Hitung!F29<$E$1,"",IF(Hitung!G29>0,"Beda","Sama")) | AN29: =IF(Hitung!H29<$E$1,"",IF(Hitung!I29>0,"Beda","Sama")) | AO29: =IF(Hitung!J29<$E$1,"",IF(Hitung!K29>0,"Beda","Sama")) | AP29: =IF(Hitung!L29<$E$1,"",IF(Hitung!M29>0,"Beda","Sama")) | AQ29: =COUNTIF(AK29:AP29,"Beda") -> 0 | AX29: =IF(AR29<>"",AR29,IF(AND(Hitung!B29=$E$1,Hitung!C29=0),M29,"")) | AY29: =IF(AS29<>"",AS29,IF(AND(Hitung!D29=$E$1,Hitung!E29=0),N29,"")) | AZ29: =IF(AT29<>"",AT29,IF(AND(Hitung!F29=$E$1,Hitung!G29=0),O29,"")) | BA29: =IF(AU29<>"",AU29,IF(AND(Hitung!H29=$E$1,Hitung!I29=0),P29,"")) | BB29: =IF(AV29<>"",AV29,IF(AND(Hitung!J29=$E$1,Hitung!K29=0),Q29,"")) | BC29: =IF(AW29<>"",AW29,IF(AND(Hitung!L29=$E$1,Hitung!M29=0),R29,"")) | BE29: =IF(COUNTA(M29:R29)+COUNTA(S29:X29)+($E$1>=3)*COUNTA(Y29:AD29)+($E$1>=4)*COUNTA(AE29:AJ29)<6*$E$1,"Menunggu coder",IF(AQ29=0,"Sepakat",IF(SUMPRODUCT((AK29:AP29="Beda")*(AR29:AW29=""))=0,"Selesai adjudikasi","Perlu adjudikasi"))) -> Menunggu coder | BF29: =IF(COUNTIF(AX29:BC29,"?*")<6,"",IF(IF(AND(LEFT(AY29,2)="R0",LEFT(BC29,2)<>"K5"),"R0 harus K5; ","")&IF(AND(LEFT(AY29,2)="R1",LEFT(BC29,2)="K3"),"R1 tidak boleh K3 (fungsional); ","")&IF(AND(LEFT(AY29,2)="R2",LEFT(BC29,2)="K5"),"R2 tidak boleh K5; ","")&IF(AND(LEFT(AY29,2)="R2",OR(LEFT(AX29,2)="S6",LEFT(AX29,2)="S7",LEFT(AX29,2)="S8")),"R2 tidak boleh S6/S7/S8; ","")&IF(AND(LEFT(AY29,2)="R2",OR(LEFT(AZ29,3)="T02",LEFT(BA29,2)="P8")),"T02 atau P8 tidak boleh R2; ","")&IF(AND(LEFT(AZ29,3)="T01",LEFT(BA29,2)<>"P6"),"T01 biasanya P6 (periksa); ","")&IF(AND(LEFT(BA29,2)="P1",LEFT(BC29,2)<>"K4"),"P1 biasanya K4 (periksa); ","")="","OK",IF(AND(LEFT(AY29,2)="R0",LEFT(BC29,2)<>"K5"),"R0 harus K5; ","")&IF(AND(LEFT(AY29,2)="R1",LEFT(BC29,2)="K3"),"R1 tidak boleh K3 (fungsional); ","")&IF(AND(LEFT(AY29,2)="R2",LEFT(BC29,2)="K5"),"R2 tidak boleh K5; ","")&IF(AND(LEFT(AY29,2)="R2",OR(LEFT(AX29,2)="S6",LEFT(AX29,2)="S7",LEFT(AX29,2)="S8")),"R2 tidak boleh S6/S7/S8; ","")&IF(AND(LEFT(AY29,2)="R2",OR(LEFT(AZ29,3)="T02",LEFT(BA29,2)="P8")),"T02 atau P8 tidak boleh R2; ","")&IF(AND(LEFT(AZ29,3)="T01",LEFT(BA29,2)<>"P6"),"T01 biasanya P6 (periksa); ","")&IF(AND(LEFT(BA29,2)="P1",LEFT(BC29,2)<>"K4"),"P1 biasanya K4 (periksa); ",""))) | BG29: =IF(COUNTA($G29:$L29)<6,"",IF(COUNTA(M29:R29)<6,"Belum lengkap",IF((LEFT(M29,2)=LEFT(G29,2))+(LEFT(N29,2)=LEFT(H29,2))+(LEFT(O29,3)=LEFT(I29,3))+(LEFT(P29,2)=LEFT(J29,2))+(LEFT(Q29,2)=LEFT(K29,2))+(LEFT(R29,2)=LEFT(L29,2))=6,"Ya (6/6)","Tidak ("&(LEFT(M29,2)=LEFT(G29,2))+(LEFT(N29,2)=LEFT(H29,2))+(LEFT(O29,3)=LEFT(I29,3))+(LEFT(P29,2)=LEFT(J29,2))+(LEFT(Q29,2)=LEFT(K29,2))+(LEFT(R29,2)=LEFT(L29,2))&"/6): "&TRIM(IF(NOT(LEFT(M29,2)=LEFT(G29,2)),"V4 ","")&IF(NOT(LEFT(N29,2)=LEFT(H29,2)),"V5 ","")&IF(NOT(LEFT(O29,3)=LEFT(I29,3)),"V6 ","")&IF(NOT(LEFT(P29,2)=LEFT(J29,2)),"V7 ","")&IF(NOT(LEFT(Q29,2)=LEFT(K29,2)),"V8 ","")&IF(NOT(LEFT(R29,2)=LEFT(L29,2)),"V9 ",""))))) | BH29: =IF(COUNTA($G29:$L29)<6,"",IF(COUNTA(S29:X29)<6,"Belum lengkap",IF((LEFT(S29,2)=LEFT(G29,2))+(LEFT(T29,2)=LEFT(H29,2))+(LEFT(U29,3)=LEFT(I29,3))+(LEFT(V29,2)=LEFT(J29,2))+(LEFT(W29,2)=LEFT(K29,2))+(LEFT(X29,2)=LEFT(L29,2))=6,"Ya (6/6)","Tidak ("&(LEFT(S29,2)=LEFT(G29,2))+(LEFT(T29,2)=LEFT(H29,2))+(LEFT(U29,3)=LEFT(I29,3))+(LEFT(V29,2)=LEFT(J29,2))+(LEFT(W29,2)=LEFT(K29,2))+(LEFT(X29,2)=LEFT(L29,2))&"/6): "&TRIM(IF(NOT(LEFT(S29,2)=LEFT(G29,2)),"V4 ","")&IF(NOT(LEFT(T29,2)=LEFT(H29,2)),"V5 ","")&IF(NOT(LEFT(U29,3)=LEFT(I29,3)),"V6 ","")&IF(NOT(LEFT(V29,2)=LEFT(J29,2)),"V7 ","")&IF(NOT(LEFT(W29,2)=LEFT(K29,2)),"V8 ","")&IF(NOT(LEFT(X29,2)=LEFT(L29,2)),"V9 ",""))))) | BI29: =IF(COUNTA($G29:$L29)<6,"",IF($E$1<3,"",IF(COUNTA(Y29:AD29)<6,"Belum lengkap",IF((LEFT(Y29,2)=LEFT(G29,2))+(LEFT(Z29,2)=LEFT(H29,2))+(LEFT(AA29,3)=LEFT(I29,3))+(LEFT(AB29,2)=LEFT(J29,2))+(LEFT(AC29,2)=LEFT(K29,2))+(LEFT(AD29,2)=LEFT(L29,2))=6,"Ya (6/6)","Tidak ("&(LEFT(Y29,2)=LEFT(G29,2))+(LEFT(Z29,2)=LEFT(H29,2))+(LEFT(AA29,3)=LEFT(I29,3))+(LEFT(AB29,2)=LEFT(J29,2))+(LEFT(AC29,2)=LEFT(K29,2))+(LEFT(AD29,2)=LEFT(L29,2))&"/6): "&TRIM(IF(NOT(LEFT(Y29,2)=LEFT(G29,2)),"V4 ","")&IF(NOT(LEFT(Z29,2)=LEFT(H29,2)),"V5 ","")&IF(NOT(LEFT(AA29,3)=LEFT(I29,3)),"V6 ","")&IF(NOT(LEFT(AB29,2)=LEFT(J29,2)),"V7 ","")&IF(NOT(LEFT(AC29,2)=LEFT(K29,2)),"V8 ","")&IF(NOT(LEFT(AD29,2)=LEFT(L29,2)),"V9 ","")))))) | BJ29: =IF(COUNTA($G29:$L29)<6,"",IF($E$1<4,"",IF(COUNTA(AE29:AJ29)<6,"Belum lengkap",IF((LEFT(AE29,2)=LEFT(G29,2))+(LEFT(AF29,2)=LEFT(H29,2))+(LEFT(AG29,3)=LEFT(I29,3))+(LEFT(AH29,2)=LEFT(J29,2))+(LEFT(AI29,2)=LEFT(K29,2))+(LEFT(AJ29,2)=LEFT(L29,2))=6,"Ya (6/6)","Tidak ("&(LEFT(AE29,2)=LEFT(G29,2))+(LEFT(AF29,2)=LEFT(H29,2))+(LEFT(AG29,3)=LEFT(I29,3))+(LEFT(AH29,2)=LEFT(J29,2))+(LEFT(AI29,2)=LEFT(K29,2))+(LEFT(AJ29,2)=LEFT(L29,2))&"/6): "&TRIM(IF(NOT(LEFT(AE29,2)=LEFT(G29,2)),"V4 ","")&IF(NOT(LEFT(AF29,2)=LEFT(H29,2)),"V5 ","")&IF(NOT(LEFT(AG29,3)=LEFT(I29,3)),"V6 ","")&IF(NOT(LEFT(AH29,2)=LEFT(J29,2)),"V7 ","")&IF(NOT(LEFT(AI29,2)=LEFT(K29,2)),"V8 ","")&IF(NOT(LEFT(AJ29,2)=LEFT(L29,2)),"V9 ",""))))))
A30: 27 | B30: =IF(INDEX(Korpus!$A:$A,$A30)="","",INDEX(Korpus!$A:$A,$A30)) -> UU 23 Thn 2002 (Perlindungan Anak) | C30: =TRIM(INDEX(Korpus!$D:$D,$A30)&" "&INDEX(Korpus!$E:$E,$A30)) -> Pasal 27 | D30: =IF(INDEX(Korpus!$B:$B,$A30)="","",INDEX(Korpus!$B:$B,$A30)) -> BAB V KEDUDUKAN ANAK | E30: =IF(INDEX(Korpus!$C:$C,$A30)="","",INDEX(Korpus!$C:$C,$A30)) -> Bagian Kesatu Identitas Anak | F30: =IF(INDEX(Korpus!$F:$F,$A30)="","",INDEX(Korpus!$F:$F,$A30)) -> (1) Identitas diri setiap anak harus diberikan sejak kelahirannya.(2) Identitas sebagaimana dimaksud dalam ayat (1) dituangkan dalam akta kelahiran.(3) Pembuatan akta kelahiran didasarkan pada surat keterangan dari orang yang menyaksikan dan/atau membantu proses kelahiran. Dalam hal anak yang proses kelahirannya tidak diketahui, dan orang tuanya tidak diketahui keberadaannya, pembuatan akta kelahiran untuk anak tersebut didasarkan pada keterangan orang yang menemukannya. | AK30: =IF(Hitung!B30<$E$1,"",IF(Hitung!C30>0,"Beda","Sama")) | AL30: =IF(Hitung!D30<$E$1,"",IF(Hitung!E30>0,"Beda","Sama")) | AM30: =IF(Hitung!F30<$E$1,"",IF(Hitung!G30>0,"Beda","Sama")) | AN30: =IF(Hitung!H30<$E$1,"",IF(Hitung!I30>0,"Beda","Sama")) | AO30: =IF(Hitung!J30<$E$1,"",IF(Hitung!K30>0,"Beda","Sama")) | AP30: =IF(Hitung!L30<$E$1,"",IF(Hitung!M30>0,"Beda","Sama")) | AQ30: =COUNTIF(AK30:AP30,"Beda") -> 0 | AX30: =IF(AR30<>"",AR30,IF(AND(Hitung!B30=$E$1,Hitung!C30=0),M30,"")) | AY30: =IF(AS30<>"",AS30,IF(AND(Hitung!D30=$E$1,Hitung!E30=0),N30,"")) | AZ30: =IF(AT30<>"",AT30,IF(AND(Hitung!F30=$E$1,Hitung!G30=0),O30,"")) | BA30: =IF(AU30<>"",AU30,IF(AND(Hitung!H30=$E$1,Hitung!I30=0),P30,"")) | BB30: =IF(AV30<>"",AV30,IF(AND(Hitung!J30=$E$1,Hitung!K30=0),Q30,"")) | BC30: =IF(AW30<>"",AW30,IF(AND(Hitung!L30=$E$1,Hitung!M30=0),R30,"")) | BE30: =IF(COUNTA(M30:R30)+COUNTA(S30:X30)+($E$1>=3)*COUNTA(Y30:AD30)+($E$1>=4)*COUNTA(AE30:AJ30)<6*$E$1,"Menunggu coder",IF(AQ30=0,"Sepakat",IF(SUMPRODUCT((AK30:AP30="Beda")*(AR30:AW30=""))=0,"Selesai adjudikasi","Perlu adjudikasi"))) -> Menunggu coder | BF30: =IF(COUNTIF(AX30:BC30,"?*")<6,"",IF(IF(AND(LEFT(AY30,2)="R0",LEFT(BC30,2)<>"K5"),"R0 harus K5; ","")&IF(AND(LEFT(AY30,2)="R1",LEFT(BC30,2)="K3"),"R1 tidak boleh K3 (fungsional); ","")&IF(AND(LEFT(AY30,2)="R2",LEFT(BC30,2)="K5"),"R2 tidak boleh K5; ","")&IF(AND(LEFT(AY30,2)="R2",OR(LEFT(AX30,2)="S6",LEFT(AX30,2)="S7",LEFT(AX30,2)="S8")),"R2 tidak boleh S6/S7/S8; ","")&IF(AND(LEFT(AY30,2)="R2",OR(LEFT(AZ30,3)="T02",LEFT(BA30,2)="P8")),"T02 atau P8 tidak boleh R2; ","")&IF(AND(LEFT(AZ30,3)="T01",LEFT(BA30,2)<>"P6"),"T01 biasanya P6 (periksa); ","")&IF(AND(LEFT(BA30,2)="P1",LEFT(BC30,2)<>"K4"),"P1 biasanya K4 (periksa); ","")="","OK",IF(AND(LEFT(AY30,2)="R0",LEFT(BC30,2)<>"K5"),"R0 harus K5; ","")&IF(AND(LEFT(AY30,2)="R1",LEFT(BC30,2)="K3"),"R1 tidak boleh K3 (fungsional); ","")&IF(AND(LEFT(AY30,2)="R2",LEFT(BC30,2)="K5"),"R2 tidak boleh K5; ","")&IF(AND(LEFT(AY30,2)="R2",OR(LEFT(AX30,2)="S6",LEFT(AX30,2)="S7",LEFT(AX30,2)="S8")),"R2 tidak boleh S6/S7/S8; ","")&IF(AND(LEFT(AY30,2)="R2",OR(LEFT(AZ30,3)="T02",LEFT(BA30,2)="P8")),"T02 atau P8 tidak boleh R2; ","")&IF(AND(LEFT(AZ30,3)="T01",LEFT(BA30,2)<>"P6"),"T01 biasanya P6 (periksa); ","")&IF(AND(LEFT(BA30,2)="P1",LEFT(BC30,2)<>"K4"),"P1 biasanya K4 (periksa); ",""))) | BG30: =IF(COUNTA($G30:$L30)<6,"",IF(COUNTA(M30:R30)<6,"Belum lengkap",IF((LEFT(M30,2)=LEFT(G30,2))+(LEFT(N30,2)=LEFT(H30,2))+(LEFT(O30,3)=LEFT(I30,3))+(LEFT(P30,2)=LEFT(J30,2))+(LEFT(Q30,2)=LEFT(K30,2))+(LEFT(R30,2)=LEFT(L30,2))=6,"Ya (6/6)","Tidak ("&(LEFT(M30,2)=LEFT(G30,2))+(LEFT(N30,2)=LEFT(H30,2))+(LEFT(O30,3)=LEFT(I30,3))+(LEFT(P30,2)=LEFT(J30,2))+(LEFT(Q30,2)=LEFT(K30,2))+(LEFT(R30,2)=LEFT(L30,2))&"/6): "&TRIM(IF(NOT(LEFT(M30,2)=LEFT(G30,2)),"V4 ","")&IF(NOT(LEFT(N30,2)=LEFT(H30,2)),"V5 ","")&IF(NOT(LEFT(O30,3)=LEFT(I30,3)),"V6 ","")&IF(NOT(LEFT(P30,2)=LEFT(J30,2)),"V7 ","")&IF(NOT(LEFT(Q30,2)=LEFT(K30,2)),"V8 ","")&IF(NOT(LEFT(R30,2)=LEFT(L30,2)),"V9 ",""))))) | BH30: =IF(COUNTA($G30:$L30)<6,"",IF(COUNTA(S30:X30)<6,"Belum lengkap",IF((LEFT(S30,2)=LEFT(G30,2))+(LEFT(T30,2)=LEFT(H30,2))+(LEFT(U30,3)=LEFT(I30,3))+(LEFT(V30,2)=LEFT(J30,2))+(LEFT(W30,2)=LEFT(K30,2))+(LEFT(X30,2)=LEFT(L30,2))=6,"Ya (6/6)","Tidak ("&(LEFT(S30,2)=LEFT(G30,2))+(LEFT(T30,2)=LEFT(H30,2))+(LEFT(U30,3)=LEFT(I30,3))+(LEFT(V30,2)=LEFT(J30,2))+(LEFT(W30,2)=LEFT(K30,2))+(LEFT(X30,2)=LEFT(L30,2))&"/6): "&TRIM(IF(NOT(LEFT(S30,2)=LEFT(G30,2)),"V4 ","")&IF(NOT(LEFT(T30,2)=LEFT(H30,2)),"V5 ","")&IF(NOT(LEFT(U30,3)=LEFT(I30,3)),"V6 ","")&IF(NOT(LEFT(V30,2)=LEFT(J30,2)),"V7 ","")&IF(NOT(LEFT(W30,2)=LEFT(K30,2)),"V8 ","")&IF(NOT(LEFT(X30,2)=LEFT(L30,2)),"V9 ",""))))) | BI30: =IF(COUNTA($G30:$L30)<6,"",IF($E$1<3,"",IF(COUNTA(Y30:AD30)<6,"Belum lengkap",IF((LEFT(Y30,2)=LEFT(G30,2))+(LEFT(Z30,2)=LEFT(H30,2))+(LEFT(AA30,3)=LEFT(I30,3))+(LEFT(AB30,2)=LEFT(J30,2))+(LEFT(AC30,2)=LEFT(K30,2))+(LEFT(AD30,2)=LEFT(L30,2))=6,"Ya (6/6)","Tidak ("&(LEFT(Y30,2)=LEFT(G30,2))+(LEFT(Z30,2)=LEFT(H30,2))+(LEFT(AA30,3)=LEFT(I30,3))+(LEFT(AB30,2)=LEFT(J30,2))+(LEFT(AC30,2)=LEFT(K30,2))+(LEFT(AD30,2)=LEFT(L30,2))&"/6): "&TRIM(IF(NOT(LEFT(Y30,2)=LEFT(G30,2)),"V4 ","")&IF(NOT(LEFT(Z30,2)=LEFT(H30,2)),"V5 ","")&IF(NOT(LEFT(AA30,3)=LEFT(I30,3)),"V6 ","")&IF(NOT(LEFT(AB30,2)=LEFT(J30,2)),"V7 ","")&IF(NOT(LEFT(AC30,2)=LEFT(K30,2)),"V8 ","")&IF(NOT(LEFT(AD30,2)=LEFT(L30,2)),"V9 ","")))))) | BJ30: =IF(COUNTA($G30:$L30)<6,"",IF($E$1<4,"",IF(COUNTA(AE30:AJ30)<6,"Belum lengkap",IF((LEFT(AE30,2)=LEFT(G30,2))+(LEFT(AF30,2)=LEFT(H30,2))+(LEFT(AG30,3)=LEFT(I30,3))+(LEFT(AH30,2)=LEFT(J30,2))+(LEFT(AI30,2)=LEFT(K30,2))+(LEFT(AJ30,2)=LEFT(L30,2))=6,"Ya (6/6)","Tidak ("&(LEFT(AE30,2)=LEFT(G30,2))+(LEFT(AF30,2)=LEFT(H30,2))+(LEFT(AG30,3)=LEFT(I30,3))+(LEFT(AH30,2)=LEFT(J30,2))+(LEFT(AI30,2)=LEFT(K30,2))+(LEFT(AJ30,2)=LEFT(L30,2))&"/6): "&TRIM(IF(NOT(LEFT(AE30,2)=LEFT(G30,2)),"V4 ","")&IF(NOT(LEFT(AF30,2)=LEFT(H30,2)),"V5 ","")&IF(NOT(LEFT(AG30,3)=LEFT(I30,3)),"V6 ","")&IF(NOT(LEFT(AH30,2)=LEFT(J30,2)),"V7 ","")&IF(NOT(LEFT(AI30,2)=LEFT(K30,2)),"V8 ","")&IF(NOT(LEFT(AJ30,2)=LEFT(L30,2)),"V9 ",""))))))
A31: 28 | B31: =IF(INDEX(Korpus!$A:$A,$A31)="","",INDEX(Korpus!$A:$A,$A31)) -> UU 27 Thn 2022 (PDP) | C31: =TRIM(INDEX(Korpus!$D:$D,$A31)&" "&INDEX(Korpus!$E:$E,$A31)) -> Pasal 1 | D31: =IF(INDEX(Korpus!$B:$B,$A31)="","",INDEX(Korpus!$B:$B,$A31)) -> BAB I KETENTUAN UMUM | E31: =IF(INDEX(Korpus!$C:$C,$A31)="","",INDEX(Korpus!$C:$C,$A31)) | F31: =IF(INDEX(Korpus!$F:$F,$A31)="","",INDEX(Korpus!$F:$F,$A31)) -> Dalam Undang-Undang ini yang dimaksud dengan: 1. Data Pribadi adalah data tentang orang perseorangan yang teridentifikasi atau dapat diidentifikasi secara tersendiri atau dikombinasi dengan informasi lainnya baik secara langsung maupun tidak langsung melalui sistem elektronik atau nonelektronik. 2. Pelindungan Data Pribadi adalah keseluruhan upaya untuk melindungi Data Pribadi dalam rangkaian pemrosesan Data Pribadi guna menjamin hak konstitusional subjek Data Pribadi. 3. Informasi adalah keterangan, pernyataan, gagasan, dan tanda-tanda yang mengandung nilai, makna, dan pesan, baik data, fakta, maupun penjelasannya yang dapat dilihat, didengar, dan dibaca yang disajikan dalam berbagai kemasan dan format sesuai dengan perkembangan teknologi informasi dan komunikasi secara elektronik ataupun nonelektronik. 4. Pengendali Data Pribadi adalah setiap orang, badan publik, dan organisasi internasional yang bertindak sendiri-sendiri atau bersama-sama dalam menentukan tujuan dan melakukan kendali pemrosesan Data Pribadi. 5. Prosesor Data Pribadi adalah setiap orang, badan publik, dan organisasi internasional yang bertindak sendiri-sendiri atau bersama-sama dalam melakukan pemrosesan Data Pribadi atas nama Pengendali Data Pribadi. 6. Subjek Data Pribadi adalah orang perseorangan yang pada dirinya melekat Data Pribadi. 7. Setiap Orang adalah orang perseorangan atau korporasi. 8. Korporasi adalah kumpulan orang dan/ atau kekayaan yang terorganisasi baik yang berbadan hukum maupun tidak berbadan hukum. 9. Badan Publik adalah lembaga eksekutif, legislatif, yudikatif, dan badan lain yang fungsi dan tugas pokoknya berkaitan dengan penyelenggaraan negara, yang sebagian atau seluruh dananya bersumber dari Anggaran Pendapatan dan Belanja Negara dan/ atau Anggaran Pendapatan dan Belanja Daerah, atau organisasi nonpemerintah sepanjang sebagian atau seluruh dananya bersumber dari Anggaran Pendapatan dan Belanja Negara dan/ atau Anggaran. Pendapatan dan Belanja Daerah, sumbangan masyarakat, dan/atau luar negeri. 10. Organisasi Internasional adalah organisasi yang diakui sebagai subjek hukum internasional dan mempunyai kapasitas untuk membuat perjanjian internasional. | G31: S9 - Tidak ada subjek perorangan atau organisasi eksplisit | H31: R1 - Relevan tidak langsung | I31: T01 - Definisi, Istilah, dan Ruang Lingkup | J31: P6 - Definisi, klasifikasi, atau ruang lingkup | K31: F8 - Lintas tahap atau tidak spesifik | L31: K4 - Batasan atau aturan bisnis hukum. Apakah teks membatasi apa yang boleh dilakukan sistem, atau apa dan siapa yang tercakup? | M31: S4 - Subjek Data Pribadi | N31: R2 - Relevan langsung | O31: T01 - Definisi, Istilah, dan Ruang Lingkup | P31: P6 - Definisi, klasifikasi, atau ruang lingkup | Q31: F3 - Pengolahan dan analisis | R31: K2 - Non-fungsional: mutu data, kepatuhan, dan akuntabilitas. Apakah ini mutu atau bukti yang berlaku untuk seluruh sistem, bukan hanya satu operasi? | AK31: =IF(Hitung!B31<$E$1,"",IF(Hitung!C31>0,"Beda","Sama")) | AL31: =IF(Hitung!D31<$E$1,"",IF(Hitung!E31>0,"Beda","Sama")) | AM31: =IF(Hitung!F31<$E$1,"",IF(Hitung!G31>0,"Beda","Sama")) | AN31: =IF(Hitung!H31<$E$1,"",IF(Hitung!I31>0,"Beda","Sama")) | AO31: =IF(Hitung!J31<$E$1,"",IF(Hitung!K31>0,"Beda","Sama")) | AP31: =IF(Hitung!L31<$E$1,"",IF(Hitung!M31>0,"Beda","Sama")) | AQ31: =COUNTIF(AK31:AP31,"Beda") -> 0 | AX31: =IF(AR31<>"",AR31,IF(AND(Hitung!B31=$E$1,Hitung!C31=0),M31,"")) | AY31: =IF(AS31<>"",AS31,IF(AND(Hitung!D31=$E$1,Hitung!E31=0),N31,"")) | AZ31: =IF(AT31<>"",AT31,IF(AND(Hitung!F31=$E$1,Hitung!G31=0),O31,"")) | BA31: =IF(AU31<>"",AU31,IF(AND(Hitung!H31=$E$1,Hitung!I31=0),P31,"")) | BB31: =IF(AV31<>"",AV31,IF(AND(Hitung!J31=$E$1,Hitung!K31=0),Q31,"")) | BC31: =IF(AW31<>"",AW31,IF(AND(Hitung!L31=$E$1,Hitung!M31=0),R31,"")) | BE31: =IF(COUNTA(M31:R31)+COUNTA(S31:X31)+($E$1>=3)*COUNTA(Y31:AD31)+($E$1>=4)*COUNTA(AE31:AJ31)<6*$E$1,"Menunggu coder",IF(AQ31=0,"Sepakat",IF(SUMPRODUCT((AK31:AP31="Beda")*(AR31:AW31=""))=0,"Selesai adjudikasi","Perlu adjudikasi"))) -> Menunggu coder | BF31: =IF(COUNTIF(AX31:BC31,"?*")<6,"",IF(IF(AND(LEFT(AY31,2)="R0",LEFT(BC31,2)<>"K5"),"R0 harus K5; ","")&IF(AND(LEFT(AY31,2)="R1",LEFT(BC31,2)="K3"),"R1 tidak boleh K3 (fungsional); ","")&IF(AND(LEFT(AY31,2)="R2",LEFT(BC31,2)="K5"),"R2 tidak boleh K5; ","")&IF(AND(LEFT(AY31,2)="R2",OR(LEFT(AX31,2)="S6",LEFT(AX31,2)="S7",LEFT(AX31,2)="S8")),"R2 tidak boleh S6/S7/S8; ","")&IF(AND(LEFT(AY31,2)="R2",OR(LEFT(AZ31,3)="T02",LEFT(BA31,2)="P8")),"T02 atau P8 tidak boleh R2; ","")&IF(AND(LEFT(AZ31,3)="T01",LEFT(BA31,2)<>"P6"),"T01 biasanya P6 (periksa); ","")&IF(AND(LEFT(BA31,2)="P1",LEFT(BC31,2)<>"K4"),"P1 biasanya K4 (periksa); ","")="","OK",IF(AND(LEFT(AY31,2)="R0",LEFT(BC31,2)<>"K5"),"R0 harus K5; ","")&IF(AND(LEFT(AY31,2)="R1",LEFT(BC31,2)="K3"),"R1 tidak boleh K3 (fungsional); ","")&IF(AND(LEFT(AY31,2)="R2",LEFT(BC31,2)="K5"),"R2 tidak boleh K5; ","")&IF(AND(LEFT(AY31,2)="R2",OR(LEFT(AX31,2)="S6",LEFT(AX31,2)="S7",LEFT(AX31,2)="S8")),"R2 tidak boleh S6/S7/S8; ","")&IF(AND(LEFT(AY31,2)="R2",OR(LEFT(AZ31,3)="T02",LEFT(BA31,2)="P8")),"T02 atau P8 tidak boleh R2; ","")&IF(AND(LEFT(AZ31,3)="T01",LEFT(BA31,2)<>"P6"),"T01 biasanya P6 (periksa); ","")&IF(AND(LEFT(BA31,2)="P1",LEFT(BC31,2)<>"K4"),"P1 biasanya K4 (periksa); ",""))) | BG31: =IF(COUNTA($G31:$L31)<6,"",IF(COUNTA(M31:R31)<6,"Belum lengkap",IF((LEFT(M31,2)=LEFT(G31,2))+(LEFT(N31,2)=LEFT(H31,2))+(LEFT(O31,3)=LEFT(I31,3))+(LEFT(P31,2)=LEFT(J31,2))+(LEFT(Q31,2)=LEFT(K31,2))+(LEFT(R31,2)=LEFT(L31,2))=6,"Ya (6/6)","Tidak ("&(LEFT(M31,2)=LEFT(G31,2))+(LEFT(N31,2)=LEFT(H31,2))+(LEFT(O31,3)=LEFT(I31,3))+(LEFT(P31,2)=LEFT(J31,2))+(LEFT(Q31,2)=LEFT(K31,2))+(LEFT(R31,2)=LEFT(L31,2))&"/6): "&TRIM(IF(NOT(LEFT(M31,2)=LEFT(G31,2)),"V4 ","")&IF(NOT(LEFT(N31,2)=LEFT(H31,2)),"V5 ","")&IF(NOT(LEFT(O31,3)=LEFT(I31,3)),"V6 ","")&IF(NOT(LEFT(P31,2)=LEFT(J31,2)),"V7 ","")&IF(NOT(LEFT(Q31,2)=LEFT(K31,2)),"V8 ","")&IF(NOT(LEFT(R31,2)=LEFT(L31,2)),"V9 ",""))))) -> Tidak (2/6): V4 V5 V8 V9 | BH31: =IF(COUNTA($G31:$L31)<6,"",IF(COUNTA(S31:X31)<6,"Belum lengkap",IF((LEFT(S31,2)=LEFT(G31,2))+(LEFT(T31,2)=LEFT(H31,2))+(LEFT(U31,3)=LEFT(I31,3))+(LEFT(V31,2)=LEFT(J31,2))+(LEFT(W31,2)=LEFT(K31,2))+(LEFT(X31,2)=LEFT(L31,2))=6,"Ya (6/6)","Tidak ("&(LEFT(S31,2)=LEFT(G31,2))+(LEFT(T31,2)=LEFT(H31,2))+(LEFT(U31,3)=LEFT(I31,3))+(LEFT(V31,2)=LEFT(J31,2))+(LEFT(W31,2)=LEFT(K31,2))+(LEFT(X31,2)=LEFT(L31,2))&"/6): "&TRIM(IF(NOT(LEFT(S31,2)=LEFT(G31,2)),"V4 ","")&IF(NOT(LEFT(T31,2)=LEFT(H31,2)),"V5 ","")&IF(NOT(LEFT(U31,3)=LEFT(I31,3)),"V6 ","")&IF(NOT(LEFT(V31,2)=LEFT(J31,2)),"V7 ","")&IF(NOT(LEFT(W31,2)=LEFT(K31,2)),"V8 ","")&IF(NOT(LEFT(X31,2)=LEFT(L31,2)),"V9 ",""))))) -> Belum lengkap | BI31: =IF(COUNTA($G31:$L31)<6,"",IF($E$1<3,"",IF(COUNTA(Y31:AD31)<6,"Belum lengkap",IF((LEFT(Y31,2)=LEFT(G31,2))+(LEFT(Z31,2)=LEFT(H31,2))+(LEFT(AA31,3)=LEFT(I31,3))+(LEFT(AB31,2)=LEFT(J31,2))+(LEFT(AC31,2)=LEFT(K31,2))+(LEFT(AD31,2)=LEFT(L31,2))=6,"Ya (6/6)","Tidak ("&(LEFT(Y31,2)=LEFT(G31,2))+(LEFT(Z31,2)=LEFT(H31,2))+(LEFT(AA31,3)=LEFT(I31,3))+(LEFT(AB31,2)=LEFT(J31,2))+(LEFT(AC31,2)=LEFT(K31,2))+(LEFT(AD31,2)=LEFT(L31,2))&"/6): "&TRIM(IF(NOT(LEFT(Y31,2)=LEFT(G31,2)),"V4 ","")&IF(NOT(LEFT(Z31,2)=LEFT(H31,2)),"V5 ","")&IF(NOT(LEFT(AA31,3)=LEFT(I31,3)),"V6 ","")&IF(NOT(LEFT(AB31,2)=LEFT(J31,2)),"V7 ","")&IF(NOT(LEFT(AC31,2)=LEFT(K31,2)),"V8 ","")&IF(NOT(LEFT(AD31,2)=LEFT(L31,2)),"V9 ","")))))) | BJ31: =IF(COUNTA($G31:$L31)<6,"",IF($E$1<4,"",IF(COUNTA(AE31:AJ31)<6,"Belum lengkap",IF((LEFT(AE31,2)=LEFT(G31,2))+(LEFT(AF31,2)=LEFT(H31,2))+(LEFT(AG31,3)=LEFT(I31,3))+(LEFT(AH31,2)=LEFT(J31,2))+(LEFT(AI31,2)=LEFT(K31,2))+(LEFT(AJ31,2)=LEFT(L31,2))=6,"Ya (6/6)","Tidak ("&(LEFT(AE31,2)=LEFT(G31,2))+(LEFT(AF31,2)=LEFT(H31,2))+(LEFT(AG31,3)=LEFT(I31,3))+(LEFT(AH31,2)=LEFT(J31,2))+(LEFT(AI31,2)=LEFT(K31,2))+(LEFT(AJ31,2)=LEFT(L31,2))&"/6): "&TRIM(IF(NOT(LEFT(AE31,2)=LEFT(G31,2)),"V4 ","")&IF(NOT(LEFT(AF31,2)=LEFT(H31,2)),"V5 ","")&IF(NOT(LEFT(AG31,3)=LEFT(I31,3)),"V6 ","")&IF(NOT(LEFT(AH31,2)=LEFT(J31,2)),"V7 ","")&IF(NOT(LEFT(AI31,2)=LEFT(K31,2)),"V8 ","")&IF(NOT(LEFT(AJ31,2)=LEFT(L31,2)),"V9 ","")))))) | BK31: CC
A32: 29 | B32: =IF(INDEX(Korpus!$A:$A,$A32)="","",INDEX(Korpus!$A:$A,$A32)) -> UU 27 Thn 2022 (PDP) | C32: =TRIM(INDEX(Korpus!$D:$D,$A32)&" "&INDEX(Korpus!$E:$E,$A32)) -> Pasal 2 | D32: =IF(INDEX(Korpus!$B:$B,$A32)="","",INDEX(Korpus!$B:$B,$A32)) -> BAB I KETENTUAN UMUM | E32: =IF(INDEX(Korpus!$C:$C,$A32)="","",INDEX(Korpus!$C:$C,$A32)) | F32: =IF(INDEX(Korpus!$F:$F,$A32)="","",INDEX(Korpus!$F:$F,$A32)) -> (1) Undang-Undang ini berlaku untuk Setiap Orang, Badan Publik, dan Organisasi Internasional yang melakukan perbuatan hukum sebagaimana diatur dalam Undang-Undang ini: a. yang berada di wilayah hukum Negara Republik Indonesia; dan b. di luar wilayah hukum Negara Republik Indonesia, yang memiliki akibat hukum: 1. di wilayah hukum Negara Republik Indonesia; dan/atau 2. bagi Subjek Data Pribadi warga negara Indonesia di luar wilayah hukum Negara Republik Indonesia.(2) Undang-Undang ini tidak berlaku untuk pemrosesan Data Pribadi oleh orang perseorangan dalam kegiatan pribadi atau rumah tangga. | AK32: =IF(Hitung!B32<$E$1,"",IF(Hitung!C32>0,"Beda","Sama")) | AL32: =IF(Hitung!D32<$E$1,"",IF(Hitung!E32>0,"Beda","Sama")) | AM32: =IF(Hitung!F32<$E$1,"",IF(Hitung!G32>0,"Beda","Sama")) | AN32: =IF(Hitung!H32<$E$1,"",IF(Hitung!I32>0,"Beda","Sama")) | AO32: =IF(Hitung!J32<$E$1,"",IF(Hitung!K32>0,"Beda","Sama")) | AP32: =IF(Hitung!L32<$E$1,"",IF(Hitung!M32>0,"Beda","Sama")) | AQ32: =COUNTIF(AK32:AP32,"Beda") -> 0 | AX32: =IF(AR32<>"",AR32,IF(AND(Hitung!B32=$E$1,Hitung!C32=0),M32,"")) | AY32: =IF(AS32<>"",AS32,IF(AND(Hitung!D32=$E$1,Hitung!E32=0),N32,"")) | AZ32: =IF(AT32<>"",AT32,IF(AND(Hitung!F32=$E$1,Hitung!G32=0),O32,"")) | BA32: =IF(AU32<>"",AU32,IF(AND(Hitung!H32=$E$1,Hitung!I32=0),P32,"")) | BB32: =IF(AV32<>"",AV32,IF(AND(Hitung!J32=$E$1,Hitung!K32=0),Q32,"")) | BC32: =IF(AW32<>"",AW32,IF(AND(Hitung!L32=$E$1,Hitung!M32=0),R32,"")) | BE32: =IF(COUNTA(M32:R32)+COUNTA(S32:X32)+($E$1>=3)*COUNTA(Y32:AD32)+($E$1>=4)*COUNTA(AE32:AJ32)<6*$E$1,"Menunggu coder",IF(AQ32=0,"Sepakat",IF(SUMPRODUCT((AK32:AP32="Beda")*(AR32:AW32=""))=0,"Selesai adjudikasi","Perlu adjudikasi"))) -> Menunggu coder | BF32: =IF(COUNTIF(AX32:BC32,"?*")<6,"",IF(IF(AND(LEFT(AY32,2)="R0",LEFT(BC32,2)<>"K5"),"R0 harus K5; ","")&IF(AND(LEFT(AY32,2)="R1",LEFT(BC32,2)="K3"),"R1 tidak boleh K3 (fungsional); ","")&IF(AND(LEFT(AY32,2)="R2",LEFT(BC32,2)="K5"),"R2 tidak boleh K5; ","")&IF(AND(LEFT(AY32,2)="R2",OR(LEFT(AX32,2)="S6",LEFT(AX32,2)="S7",LEFT(AX32,2)="S8")),"R2 tidak boleh S6/S7/S8; ","")&IF(AND(LEFT(AY32,2)="R2",OR(LEFT(AZ32,3)="T02",LEFT(BA32,2)="P8")),"T02 atau P8 tidak boleh R2; ","")&IF(AND(LEFT(AZ32,3)="T01",LEFT(BA32,2)<>"P6"),"T01 biasanya P6 (periksa); ","")&IF(AND(LEFT(BA32,2)="P1",LEFT(BC32,2)<>"K4"),"P1 biasanya K4 (periksa); ","")="","OK",IF(AND(LEFT(AY32,2)="R0",LEFT(BC32,2)<>"K5"),"R0 harus K5; ","")&IF(AND(LEFT(AY32,2)="R1",LEFT(BC32,2)="K3"),"R1 tidak boleh K3 (fungsional); ","")&IF(AND(LEFT(AY32,2)="R2",LEFT(BC32,2)="K5"),"R2 tidak boleh K5; ","")&IF(AND(LEFT(AY32,2)="R2",OR(LEFT(AX32,2)="S6",LEFT(AX32,2)="S7",LEFT(AX32,2)="S8")),"R2 tidak boleh S6/S7/S8; ","")&IF(AND(LEFT(AY32,2)="R2",OR(LEFT(AZ32,3)="T02",LEFT(BA32,2)="P8")),"T02 atau P8 tidak boleh R2; ","")&IF(AND(LEFT(AZ32,3)="T01",LEFT(BA32,2)<>"P6"),"T01 biasanya P6 (periksa); ","")&IF(AND(LEFT(BA32,2)="P1",LEFT(BC32,2)<>"K4"),"P1 biasanya K4 (periksa); ",""))) | BG32: =IF(COUNTA($G32:$L32)<6,"",IF(COUNTA(M32:R32)<6,"Belum lengkap",IF((LEFT(M32,2)=LEFT(G32,2))+(LEFT(N32,2)=LEFT(H32,2))+(LEFT(O32,3)=LEFT(I32,3))+(LEFT(P32,2)=LEFT(J32,2))+(LEFT(Q32,2)=LEFT(K32,2))+(LEFT(R32,2)=LEFT(L32,2))=6,"Ya (6/6)","Tidak ("&(LEFT(M32,2)=LEFT(G32,2))+(LEFT(N32,2)=LEFT(H32,2))+(LEFT(O32,3)=LEFT(I32,3))+(LEFT(P32,2)=LEFT(J32,2))+(LEFT(Q32,2)=LEFT(K32,2))+(LEFT(R32,2)=LEFT(L32,2))&"/6): "&TRIM(IF(NOT(LEFT(M32,2)=LEFT(G32,2)),"V4 ","")&IF(NOT(LEFT(N32,2)=LEFT(H32,2)),"V5 ","")&IF(NOT(LEFT(O32,3)=LEFT(I32,3)),"V6 ","")&IF(NOT(LEFT(P32,2)=LEFT(J32,2)),"V7 ","")&IF(NOT(LEFT(Q32,2)=LEFT(K32,2)),"V8 ","")&IF(NOT(LEFT(R32,2)=LEFT(L32,2)),"V9 ",""))))) | BH32: =IF(COUNTA($G32:$L32)<6,"",IF(COUNTA(S32:X32)<6,"Belum lengkap",IF((LEFT(S32,2)=LEFT(G32,2))+(LEFT(T32,2)=LEFT(H32,2))+(LEFT(U32,3)=LEFT(I32,3))+(LEFT(V32,2)=LEFT(J32,2))+(LEFT(W32,2)=LEFT(K32,2))+(LEFT(X32,2)=LEFT(L32,2))=6,"Ya (6/6)","Tidak ("&(LEFT(S32,2)=LEFT(G32,2))+(LEFT(T32,2)=LEFT(H32,2))+(LEFT(U32,3)=LEFT(I32,3))+(LEFT(V32,2)=LEFT(J32,2))+(LEFT(W32,2)=LEFT(K32,2))+(LEFT(X32,2)=LEFT(L32,2))&"/6): "&TRIM(IF(NOT(LEFT(S32,2)=LEFT(G32,2)),"V4 ","")&IF(NOT(LEFT(T32,2)=LEFT(H32,2)),"V5 ","")&IF(NOT(LEFT(U32,3)=LEFT(I32,3)),"V6 ","")&IF(NOT(LEFT(V32,2)=LEFT(J32,2)),"V7 ","")&IF(NOT(LEFT(W32,2)=LEFT(K32,2)),"V8 ","")&IF(NOT(LEFT(X32,2)=LEFT(L32,2)),"V9 ",""))))) | BI32: =IF(COUNTA($G32:$L32)<6,"",IF($E$1<3,"",IF(COUNTA(Y32:AD32)<6,"Belum lengkap",IF((LEFT(Y32,2)=LEFT(G32,2))+(LEFT(Z32,2)=LEFT(H32,2))+(LEFT(AA32,3)=LEFT(I32,3))+(LEFT(AB32,2)=LEFT(J32,2))+(LEFT(AC32,2)=LEFT(K32,2))+(LEFT(AD32,2)=LEFT(L32,2))=6,"Ya (6/6)","Tidak ("&(LEFT(Y32,2)=LEFT(G32,2))+(LEFT(Z32,2)=LEFT(H32,2))+(LEFT(AA32,3)=LEFT(I32,3))+(LEFT(AB32,2)=LEFT(J32,2))+(LEFT(AC32,2)=LEFT(K32,2))+(LEFT(AD32,2)=LEFT(L32,2))&"/6): "&TRIM(IF(NOT(LEFT(Y32,2)=LEFT(G32,2)),"V4 ","")&IF(NOT(LEFT(Z32,2)=LEFT(H32,2)),"V5 ","")&IF(NOT(LEFT(AA32,3)=LEFT(I32,3)),"V6 ","")&IF(NOT(LEFT(AB32,2)=LEFT(J32,2)),"V7 ","")&IF(NOT(LEFT(AC32,2)=LEFT(K32,2)),"V8 ","")&IF(NOT(LEFT(AD32,2)=LEFT(L32,2)),"V9 ","")))))) | BJ32: =IF(COUNTA($G32:$L32)<6,"",IF($E$1<4,"",IF(COUNTA(AE32:AJ32)<6,"Belum lengkap",IF((LEFT(AE32,2)=LEFT(G32,2))+(LEFT(AF32,2)=LEFT(H32,2))+(LEFT(AG32,3)=LEFT(I32,3))+(LEFT(AH32,2)=LEFT(J32,2))+(LEFT(AI32,2)=LEFT(K32,2))+(LEFT(AJ32,2)=LEFT(L32,2))=6,"Ya (6/6)","Tidak ("&(LEFT(AE32,2)=LEFT(G32,2))+(LEFT(AF32,2)=LEFT(H32,2))+(LEFT(AG32,3)=LEFT(I32,3))+(LEFT(AH32,2)=LEFT(J32,2))+(LEFT(AI32,2)=LEFT(K32,2))+(LEFT(AJ32,2)=LEFT(L32,2))&"/6): "&TRIM(IF(NOT(LEFT(AE32,2)=LEFT(G32,2)),"V4 ","")&IF(NOT(LEFT(AF32,2)=LEFT(H32,2)),"V5 ","")&IF(NOT(LEFT(AG32,3)=LEFT(I32,3)),"V6 ","")&IF(NOT(LEFT(AH32,2)=LEFT(J32,2)),"V7 ","")&IF(NOT(LEFT(AI32,2)=LEFT(K32,2)),"V8 ","")&IF(NOT(LEFT(AJ32,2)=LEFT(L32,2)),"V9 ",""))))))
A33: 30 | B33: =IF(INDEX(Korpus!$A:$A,$A33)="","",INDEX(Korpus!$A:$A,$A33)) -> UU 27 Thn 2022 (PDP) | C33: =TRIM(INDEX(Korpus!$D:$D,$A33)&" "&INDEX(Korpus!$E:$E,$A33)) -> Pasal 3 | D33: =IF(INDEX(Korpus!$B:$B,$A33)="","",INDEX(Korpus!$B:$B,$A33)) -> BAB II ASAS | E33: =IF(INDEX(Korpus!$C:$C,$A33)="","",INDEX(Korpus!$C:$C,$A33)) | F33: =IF(INDEX(Korpus!$F:$F,$A33)="","",INDEX(Korpus!$F:$F,$A33)) -> a. perlindungan; b. kepastian hukum; c. kepentingan umum; d. Kemanfaatan; e. Kehati-hatian; f. Keseimbangan; g. Pertanggungjawaban; dan h. kerahasiaan. | M33: S2 - Pengendali Data Pribadi | N33: R2 - Relevan langsung | O33: T07 - Hak Subjek Data Pribadi | P33: P6 - Definisi, klasifikasi, atau ruang lingkup | Q33: F7 - Tata kelola dan hak subjek | R33: K1 - Non-fungsional: keamanan dan kerahasiaan. Apakah inti teks melindungi data dari akses atau gangguan tidak sah? | AK33: =IF(Hitung!B33<$E$1,"",IF(Hitung!C33>0,"Beda","Sama")) | AL33: =IF(Hitung!D33<$E$1,"",IF(Hitung!E33>0,"Beda","Sama")) | AM33: =IF(Hitung!F33<$E$1,"",IF(Hitung!G33>0,"Beda","Sama")) | AN33: =IF(Hitung!H33<$E$1,"",IF(Hitung!I33>0,"Beda","Sama")) | AO33: =IF(Hitung!J33<$E$1,"",IF(Hitung!K33>0,"Beda","Sama")) | AP33: =IF(Hitung!L33<$E$1,"",IF(Hitung!M33>0,"Beda","Sama")) | AQ33: =COUNTIF(AK33:AP33,"Beda") -> 0 | AX33: =IF(AR33<>"",AR33,IF(AND(Hitung!B33=$E$1,Hitung!C33=0),M33,"")) | AY33: =IF(AS33<>"",AS33,IF(AND(Hitung!D33=$E$1,Hitung!E33=0),N33,"")) | AZ33: =IF(AT33<>"",AT33,IF(AND(Hitung!F33=$E$1,Hitung!G33=0),O33,"")) | BA33: =IF(AU33<>"",AU33,IF(AND(Hitung!H33=$E$1,Hitung!I33=0),P33,"")) | BB33: =IF(AV33<>"",AV33,IF(AND(Hitung!J33=$E$1,Hitung!K33=0),Q33,"")) | BC33: =IF(AW33<>"",AW33,IF(AND(Hitung!L33=$E$1,Hitung!M33=0),R33,"")) | BE33: =IF(COUNTA(M33:R33)+COUNTA(S33:X33)+($E$1>=3)*COUNTA(Y33:AD33)+($E$1>=4)*COUNTA(AE33:AJ33)<6*$E$1,"Menunggu coder",IF(AQ33=0,"Sepakat",IF(SUMPRODUCT((AK33:AP33="Beda")*(AR33:AW33=""))=0,"Selesai adjudikasi","Perlu adjudikasi"))) -> Menunggu coder | BF33: =IF(COUNTIF(AX33:BC33,"?*")<6,"",IF(IF(AND(LEFT(AY33,2)="R0",LEFT(BC33,2)<>"K5"),"R0 harus K5; ","")&IF(AND(LEFT(AY33,2)="R1",LEFT(BC33,2)="K3"),"R1 tidak boleh K3 (fungsional); ","")&IF(AND(LEFT(AY33,2)="R2",LEFT(BC33,2)="K5"),"R2 tidak boleh K5; ","")&IF(AND(LEFT(AY33,2)="R2",OR(LEFT(AX33,2)="S6",LEFT(AX33,2)="S7",LEFT(AX33,2)="S8")),"R2 tidak boleh S6/S7/S8; ","")&IF(AND(LEFT(AY33,2)="R2",OR(LEFT(AZ33,3)="T02",LEFT(BA33,2)="P8")),"T02 atau P8 tidak boleh R2; ","")&IF(AND(LEFT(AZ33,3)="T01",LEFT(BA33,2)<>"P6"),"T01 biasanya P6 (periksa); ","")&IF(AND(LEFT(BA33,2)="P1",LEFT(BC33,2)<>"K4"),"P1 biasanya K4 (periksa); ","")="","OK",IF(AND(LEFT(AY33,2)="R0",LEFT(BC33,2)<>"K5"),"R0 harus K5; ","")&IF(AND(LEFT(AY33,2)="R1",LEFT(BC33,2)="K3"),"R1 tidak boleh K3 (fungsional); ","")&IF(AND(LEFT(AY33,2)="R2",LEFT(BC33,2)="K5"),"R2 tidak boleh K5; ","")&IF(AND(LEFT(AY33,2)="R2",OR(LEFT(AX33,2)="S6",LEFT(AX33,2)="S7",LEFT(AX33,2)="S8")),"R2 tidak boleh S6/S7/S8; ","")&IF(AND(LEFT(AY33,2)="R2",OR(LEFT(AZ33,3)="T02",LEFT(BA33,2)="P8")),"T02 atau P8 tidak boleh R2; ","")&IF(AND(LEFT(AZ33,3)="T01",LEFT(BA33,2)<>"P6"),"T01 biasanya P6 (periksa); ","")&IF(AND(LEFT(BA33,2)="P1",LEFT(BC33,2)<>"K4"),"P1 biasanya K4 (periksa); ",""))) | BG33: =IF(COUNTA($G33:$L33)<6,"",IF(COUNTA(M33:R33)<6,"Belum lengkap",IF((LEFT(M33,2)=LEFT(G33,2))+(LEFT(N33,2)=LEFT(H33,2))+(LEFT(O33,3)=LEFT(I33,3))+(LEFT(P33,2)=LEFT(J33,2))+(LEFT(Q33,2)=LEFT(K33,2))+(LEFT(R33,2)=LEFT(L33,2))=6,"Ya (6/6)","Tidak ("&(LEFT(M33,2)=LEFT(G33,2))+(LEFT(N33,2)=LEFT(H33,2))+(LEFT(O33,3)=LEFT(I33,3))+(LEFT(P33,2)=LEFT(J33,2))+(LEFT(Q33,2)=LEFT(K33,2))+(LEFT(R33,2)=LEFT(L33,2))&"/6): "&TRIM(IF(NOT(LEFT(M33,2)=LEFT(G33,2)),"V4 ","")&IF(NOT(LEFT(N33,2)=LEFT(H33,2)),"V5 ","")&IF(NOT(LEFT(O33,3)=LEFT(I33,3)),"V6 ","")&IF(NOT(LEFT(P33,2)=LEFT(J33,2)),"V7 ","")&IF(NOT(LEFT(Q33,2)=LEFT(K33,2)),"V8 ","")&IF(NOT(LEFT(R33,2)=LEFT(L33,2)),"V9 ",""))))) | BH33: =IF(COUNTA($G33:$L33)<6,"",IF(COUNTA(S33:X33)<6,"Belum lengkap",IF((LEFT(S33,2)=LEFT(G33,2))+(LEFT(T33,2)=LEFT(H33,2))+(LEFT(U33,3)=LEFT(I33,3))+(LEFT(V33,2)=LEFT(J33,2))+(LEFT(W33,2)=LEFT(K33,2))+(LEFT(X33,2)=LEFT(L33,2))=6,"Ya (6/6)","Tidak ("&(LEFT(S33,2)=LEFT(G33,2))+(LEFT(T33,2)=LEFT(H33,2))+(LEFT(U33,3)=LEFT(I33,3))+(LEFT(V33,2)=LEFT(J33,2))+(LEFT(W33,2)=LEFT(K33,2))+(LEFT(X33,2)=LEFT(L33,2))&"/6): "&TRIM(IF(NOT(LEFT(S33,2)=LEFT(G33,2)),"V4 ","")&IF(NOT(LEFT(T33,2)=LEFT(H33,2)),"V5 ","")&IF(NOT(LEFT(U33,3)=LEFT(I33,3)),"V6 ","")&IF(NOT(LEFT(V33,2)=LEFT(J33,2)),"V7 ","")&IF(NOT(LEFT(W33,2)=LEFT(K33,2)),"V8 ","")&IF(NOT(LEFT(X33,2)=LEFT(L33,2)),"V9 ",""))))) | BI33: =IF(COUNTA($G33:$L33)<6,"",IF($E$1<3,"",IF(COUNTA(Y33:AD33)<6,"Belum lengkap",IF((LEFT(Y33,2)=LEFT(G33,2))+(LEFT(Z33,2)=LEFT(H33,2))+(LEFT(AA33,3)=LEFT(I33,3))+(LEFT(AB33,2)=LEFT(J33,2))+(LEFT(AC33,2)=LEFT(K33,2))+(LEFT(AD33,2)=LEFT(L33,2))=6,"Ya (6/6)","Tidak ("&(LEFT(Y33,2)=LEFT(G33,2))+(LEFT(Z33,2)=LEFT(H33,2))+(LEFT(AA33,3)=LEFT(I33,3))+(LEFT(AB33,2)=LEFT(J33,2))+(LEFT(AC33,2)=LEFT(K33,2))+(LEFT(AD33,2)=LEFT(L33,2))&"/6): "&TRIM(IF(NOT(LEFT(Y33,2)=LEFT(G33,2)),"V4 ","")&IF(NOT(LEFT(Z33,2)=LEFT(H33,2)),"V5 ","")&IF(NOT(LEFT(AA33,3)=LEFT(I33,3)),"V6 ","")&IF(NOT(LEFT(AB33,2)=LEFT(J33,2)),"V7 ","")&IF(NOT(LEFT(AC33,2)=LEFT(K33,2)),"V8 ","")&IF(NOT(LEFT(AD33,2)=LEFT(L33,2)),"V9 ","")))))) | BJ33: =IF(COUNTA($G33:$L33)<6,"",IF($E$1<4,"",IF(COUNTA(AE33:AJ33)<6,"Belum lengkap",IF((LEFT(AE33,2)=LEFT(G33,2))+(LEFT(AF33,2)=LEFT(H33,2))+(LEFT(AG33,3)=LEFT(I33,3))+(LEFT(AH33,2)=LEFT(J33,2))+(LEFT(AI33,2)=LEFT(K33,2))+(LEFT(AJ33,2)=LEFT(L33,2))=6,"Ya (6/6)","Tidak ("&(LEFT(AE33,2)=LEFT(G33,2))+(LEFT(AF33,2)=LEFT(H33,2))+(LEFT(AG33,3)=LEFT(I33,3))+(LEFT(AH33,2)=LEFT(J33,2))+(LEFT(AI33,2)=LEFT(K33,2))+(LEFT(AJ33,2)=LEFT(L33,2))&"/6): "&TRIM(IF(NOT(LEFT(AE33,2)=LEFT(G33,2)),"V4 ","")&IF(NOT(LEFT(AF33,2)=LEFT(H33,2)),"V5 ","")&IF(NOT(LEFT(AG33,3)=LEFT(I33,3)),"V6 ","")&IF(NOT(LEFT(AH33,2)=LEFT(J33,2)),"V7 ","")&IF(NOT(LEFT(AI33,2)=LEFT(K33,2)),"V8 ","")&IF(NOT(LEFT(AJ33,2)=LEFT(L33,2)),"V9 ","")))))) | BK33: Ya
A34: 31 | B34: =IF(INDEX(Korpus!$A:$A,$A34)="","",INDEX(Korpus!$A:$A,$A34)) -> UU 27 Thn 2022 (PDP) | C34: =TRIM(INDEX(Korpus!$D:$D,$A34)&" "&INDEX(Korpus!$E:$E,$A34)) -> Pasal 4 | D34: =IF(INDEX(Korpus!$B:$B,$A34)="","",INDEX(Korpus!$B:$B,$A34)) -> BAB III JENIS DATA PRIBADI | E34: =IF(INDEX(Korpus!$C:$C,$A34)="","",INDEX(Korpus!$C:$C,$A34)) | F34: =IF(INDEX(Korpus!$F:$F,$A34)="","",INDEX(Korpus!$F:$F,$A34)) -> (1) Data Pribadi terdiri atas: a. Data Pribadi yang bersifat spesifik; danb. Data Pribadi yang bersifat umum.(2) Data Pribadi yang bersifat spesifik sebagaimana dimaksud pada ayat (l) huruf a meliputi: a. Data dan informasi kesehatan; b. Data biometrik; c. Data genetika; d. Catatan kejahatan; e. Data anak; f. Data keterangan pribadi; dan/ atau g. Data lainnya sesuai dengan ketentuan peraturan perundang-undangan.(3) Data Pribadi yang bersifat umum sebagaimana dimaksud pada ayat (l) huruf b meliputi: a. Nama lengkap; b. Jenis kelamin; c. Kewarganegaraan; d. Agama; e. Status perkawinan; dan/ atau f. Data Pribadi yang dikombinasikan untuk mengidentifikasi seseorang. | AK34: =IF(Hitung!B34<$E$1,"",IF(Hitung!C34>0,"Beda","Sama")) | AL34: =IF(Hitung!D34<$E$1,"",IF(Hitung!E34>0,"Beda","Sama")) | AM34: =IF(Hitung!F34<$E$1,"",IF(Hitung!G34>0,"Beda","Sama")) | AN34: =IF(Hitung!H34<$E$1,"",IF(Hitung!I34>0,"Beda","Sama")) | AO34: =IF(Hitung!J34<$E$1,"",IF(Hitung!K34>0,"Beda","Sama")) | AP34: =IF(Hitung!L34<$E$1,"",IF(Hitung!M34>0,"Beda","Sama")) | AQ34: =COUNTIF(AK34:AP34,"Beda") -> 0 | AX34: =IF(AR34<>"",AR34,IF(AND(Hitung!B34=$E$1,Hitung!C34=0),M34,"")) | AY34: =IF(AS34<>"",AS34,IF(AND(Hitung!D34=$E$1,Hitung!E34=0),N34,"")) | AZ34: =IF(AT34<>"",AT34,IF(AND(Hitung!F34=$E$1,Hitung!G34=0),O34,"")) | BA34: =IF(AU34<>"",AU34,IF(AND(Hitung!H34=$E$1,Hitung!I34=0),P34,"")) | BB34: =IF(AV34<>"",AV34,IF(AND(Hitung!J34=$E$1,Hitung!K34=0),Q34,"")) | BC34: =IF(AW34<>"",AW34,IF(AND(Hitung!L34=$E$1,Hitung!M34=0),R34,"")) | BE34: =IF(COUNTA(M34:R34)+COUNTA(S34:X34)+($E$1>=3)*COUNTA(Y34:AD34)+($E$1>=4)*COUNTA(AE34:AJ34)<6*$E$1,"Menunggu coder",IF(AQ34=0,"Sepakat",IF(SUMPRODUCT((AK34:AP34="Beda")*(AR34:AW34=""))=0,"Selesai adjudikasi","Perlu adjudikasi"))) -> Menunggu coder | BF34: =IF(COUNTIF(AX34:BC34,"?*")<6,"",IF(IF(AND(LEFT(AY34,2)="R0",LEFT(BC34,2)<>"K5"),"R0 harus K5; ","")&IF(AND(LEFT(AY34,2)="R1",LEFT(BC34,2)="K3"),"R1 tidak boleh K3 (fungsional); ","")&IF(AND(LEFT(AY34,2)="R2",LEFT(BC34,2)="K5"),"R2 tidak boleh K5; ","")&IF(AND(LEFT(AY34,2)="R2",OR(LEFT(AX34,2)="S6",LEFT(AX34,2)="S7",LEFT(AX34,2)="S8")),"R2 tidak boleh S6/S7/S8; ","")&IF(AND(LEFT(AY34,2)="R2",OR(LEFT(AZ34,3)="T02",LEFT(BA34,2)="P8")),"T02 atau P8 tidak boleh R2; ","")&IF(AND(LEFT(AZ34,3)="T01",LEFT(BA34,2)<>"P6"),"T01 biasanya P6 (periksa); ","")&IF(AND(LEFT(BA34,2)="P1",LEFT(BC34,2)<>"K4"),"P1 biasanya K4 (periksa); ","")="","OK",IF(AND(LEFT(AY34,2)="R0",LEFT(BC34,2)<>"K5"),"R0 harus K5; ","")&IF(AND(LEFT(AY34,2)="R1",LEFT(BC34,2)="K3"),"R1 tidak boleh K3 (fungsional); ","")&IF(AND(LEFT(AY34,2)="R2",LEFT(BC34,2)="K5"),"R2 tidak boleh K5; ","")&IF(AND(LEFT(AY34,2)="R2",OR(LEFT(AX34,2)="S6",LEFT(AX34,2)="S7",LEFT(AX34,2)="S8")),"R2 tidak boleh S6/S7/S8; ","")&IF(AND(LEFT(AY34,2)="R2",OR(LEFT(AZ34,3)="T02",LEFT(BA34,2)="P8")),"T02 atau P8 tidak boleh R2; ","")&IF(AND(LEFT(AZ34,3)="T01",LEFT(BA34,2)<>"P6"),"T01 biasanya P6 (periksa); ","")&IF(AND(LEFT(BA34,2)="P1",LEFT(BC34,2)<>"K4"),"P1 biasanya K4 (periksa); ",""))) | BG34: =IF(COUNTA($G34:$L34)<6,"",IF(COUNTA(M34:R34)<6,"Belum lengkap",IF((LEFT(M34,2)=LEFT(G34,2))+(LEFT(N34,2)=LEFT(H34,2))+(LEFT(O34,3)=LEFT(I34,3))+(LEFT(P34,2)=LEFT(J34,2))+(LEFT(Q34,2)=LEFT(K34,2))+(LEFT(R34,2)=LEFT(L34,2))=6,"Ya (6/6)","Tidak ("&(LEFT(M34,2)=LEFT(G34,2))+(LEFT(N34,2)=LEFT(H34,2))+(LEFT(O34,3)=LEFT(I34,3))+(LEFT(P34,2)=LEFT(J34,2))+(LEFT(Q34,2)=LEFT(K34,2))+(LEFT(R34,2)=LEFT(L34,2))&"/6): "&TRIM(IF(NOT(LEFT(M34,2)=LEFT(G34,2)),"V4 ","")&IF(NOT(LEFT(N34,2)=LEFT(H34,2)),"V5 ","")&IF(NOT(LEFT(O34,3)=LEFT(I34,3)),"V6 ","")&IF(NOT(LEFT(P34,2)=LEFT(J34,2)),"V7 ","")&IF(NOT(LEFT(Q34,2)=LEFT(K34,2)),"V8 ","")&IF(NOT(LEFT(R34,2)=LEFT(L34,2)),"V9 ",""))))) | BH34: =IF(COUNTA($G34:$L34)<6,"",IF(COUNTA(S34:X34)<6,"Belum lengkap",IF((LEFT(S34,2)=LEFT(G34,2))+(LEFT(T34,2)=LEFT(H34,2))+(LEFT(U34,3)=LEFT(I34,3))+(LEFT(V34,2)=LEFT(J34,2))+(LEFT(W34,2)=LEFT(K34,2))+(LEFT(X34,2)=LEFT(L34,2))=6,"Ya (6/6)","Tidak ("&(LEFT(S34,2)=LEFT(G34,2))+(LEFT(T34,2)=LEFT(H34,2))+(LEFT(U34,3)=LEFT(I34,3))+(LEFT(V34,2)=LEFT(J34,2))+(LEFT(W34,2)=LEFT(K34,2))+(LEFT(X34,2)=LEFT(L34,2))&"/6): "&TRIM(IF(NOT(LEFT(S34,2)=LEFT(G34,2)),"V4 ","")&IF(NOT(LEFT(T34,2)=LEFT(H34,2)),"V5 ","")&IF(NOT(LEFT(U34,3)=LEFT(I34,3)),"V6 ","")&IF(NOT(LEFT(V34,2)=LEFT(J34,2)),"V7 ","")&IF(NOT(LEFT(W34,2)=LEFT(K34,2)),"V8 ","")&IF(NOT(LEFT(X34,2)=LEFT(L34,2)),"V9 ",""))))) | BI34: =IF(COUNTA($G34:$L34)<6,"",IF($E$1<3,"",IF(COUNTA(Y34:AD34)<6,"Belum lengkap",IF((LEFT(Y34,2)=LEFT(G34,2))+(LEFT(Z34,2)=LEFT(H34,2))+(LEFT(AA34,3)=LEFT(I34,3))+(LEFT(AB34,2)=LEFT(J34,2))+(LEFT(AC34,2)=LEFT(K34,2))+(LEFT(AD34,2)=LEFT(L34,2))=6,"Ya (6/6)","Tidak ("&(LEFT(Y34,2)=LEFT(G34,2))+(LEFT(Z34,2)=LEFT(H34,2))+(LEFT(AA34,3)=LEFT(I34,3))+(LEFT(AB34,2)=LEFT(J34,2))+(LEFT(AC34,2)=LEFT(K34,2))+(LEFT(AD34,2)=LEFT(L34,2))&"/6): "&TRIM(IF(NOT(LEFT(Y34,2)=LEFT(G34,2)),"V4 ","")&IF(NOT(LEFT(Z34,2)=LEFT(H34,2)),"V5 ","")&IF(NOT(LEFT(AA34,3)=LEFT(I34,3)),"V6 ","")&IF(NOT(LEFT(AB34,2)=LEFT(J34,2)),"V7 ","")&IF(NOT(LEFT(AC34,2)=LEFT(K34,2)),"V8 ","")&IF(NOT(LEFT(AD34,2)=LEFT(L34,2)),"V9 ","")))))) | BJ34: =IF(COUNTA($G34:$L34)<6,"",IF($E$1<4,"",IF(COUNTA(AE34:AJ34)<6,"Belum lengkap",IF((LEFT(AE34,2)=LEFT(G34,2))+(LEFT(AF34,2)=LEFT(H34,2))+(LEFT(AG34,3)=LEFT(I34,3))+(LEFT(AH34,2)=LEFT(J34,2))+(LEFT(AI34,2)=LEFT(K34,2))+(LEFT(AJ34,2)=LEFT(L34,2))=6,"Ya (6/6)","Tidak ("&(LEFT(AE34,2)=LEFT(G34,2))+(LEFT(AF34,2)=LEFT(H34,2))+(LEFT(AG34,3)=LEFT(I34,3))+(LEFT(AH34,2)=LEFT(J34,2))+(LEFT(AI34,2)=LEFT(K34,2))+(LEFT(AJ34,2)=LEFT(L34,2))&"/6): "&TRIM(IF(NOT(LEFT(AE34,2)=LEFT(G34,2)),"V4 ","")&IF(NOT(LEFT(AF34,2)=LEFT(H34,2)),"V5 ","")&IF(NOT(LEFT(AG34,3)=LEFT(I34,3)),"V6 ","")&IF(NOT(LEFT(AH34,2)=LEFT(J34,2)),"V7 ","")&IF(NOT(LEFT(AI34,2)=LEFT(K34,2)),"V8 ","")&IF(NOT(LEFT(AJ34,2)=LEFT(L34,2)),"V9 ",""))))))
A35: 32 | B35: =IF(INDEX(Korpus!$A:$A,$A35)="","",INDEX(Korpus!$A:$A,$A35)) -> UU 27 Thn 2022 (PDP) | C35: =TRIM(INDEX(Korpus!$D:$D,$A35)&" "&INDEX(Korpus!$E:$E,$A35)) -> Pasal 5 | D35: =IF(INDEX(Korpus!$B:$B,$A35)="","",INDEX(Korpus!$B:$B,$A35)) -> BAB IV HAK SUBJEK DATA PRIBADI | E35: =IF(INDEX(Korpus!$C:$C,$A35)="","",INDEX(Korpus!$C:$C,$A35)) | F35: =IF(INDEX(Korpus!$F:$F,$A35)="","",INDEX(Korpus!$F:$F,$A35)) -> Subjek Data Pribadi berhak mendapatkan Informasi tentang kejelasan identitas, dasar kepentingan hukum, tujuan permintaan dan penggunaan Data Pribadi, dan akuntabilitas pihak yang meminta Data Pribadi. | G35: S4 - Subjek Data Pribadi | H35: R2 - Relevan langsung | I35: T07 - Hak Subjek Data Pribadi | J35: P3 - Hak | K35: F7 - Tata kelola dan hak subjek | L35: K3 - Fungsional. Dapatkah ditulis "Sistem harus [melakukan X]" dengan hasil hanya lulus atau gagal? | M35: S3 - Prosesor Data Pribadi | N35: R2 - Relevan langsung | O35: T07 - Hak Subjek Data Pribadi | P35: P3 - Hak | Q35: F7 - Tata kelola dan hak subjek | R35: K1 - Non-fungsional: keamanan dan kerahasiaan. Apakah inti teks melindungi data dari akses atau gangguan tidak sah? | AK35: =IF(Hitung!B35<$E$1,"",IF(Hitung!C35>0,"Beda","Sama")) | AL35: =IF(Hitung!D35<$E$1,"",IF(Hitung!E35>0,"Beda","Sama")) | AM35: =IF(Hitung!F35<$E$1,"",IF(Hitung!G35>0,"Beda","Sama")) | AN35: =IF(Hitung!H35<$E$1,"",IF(Hitung!I35>0,"Beda","Sama")) | AO35: =IF(Hitung!J35<$E$1,"",IF(Hitung!K35>0,"Beda","Sama")) | AP35: =IF(Hitung!L35<$E$1,"",IF(Hitung!M35>0,"Beda","Sama")) | AQ35: =COUNTIF(AK35:AP35,"Beda") -> 0 | AX35: =IF(AR35<>"",AR35,IF(AND(Hitung!B35=$E$1,Hitung!C35=0),M35,"")) | AY35: =IF(AS35<>"",AS35,IF(AND(Hitung!D35=$E$1,Hitung!E35=0),N35,"")) | AZ35: =IF(AT35<>"",AT35,IF(AND(Hitung!F35=$E$1,Hitung!G35=0),O35,"")) | BA35: =IF(AU35<>"",AU35,IF(AND(Hitung!H35=$E$1,Hitung!I35=0),P35,"")) | BB35: =IF(AV35<>"",AV35,IF(AND(Hitung!J35=$E$1,Hitung!K35=0),Q35,"")) | BC35: =IF(AW35<>"",AW35,IF(AND(Hitung!L35=$E$1,Hitung!M35=0),R35,"")) | BE35: =IF(COUNTA(M35:R35)+COUNTA(S35:X35)+($E$1>=3)*COUNTA(Y35:AD35)+($E$1>=4)*COUNTA(AE35:AJ35)<6*$E$1,"Menunggu coder",IF(AQ35=0,"Sepakat",IF(SUMPRODUCT((AK35:AP35="Beda")*(AR35:AW35=""))=0,"Selesai adjudikasi","Perlu adjudikasi"))) -> Menunggu coder | BF35: =IF(COUNTIF(AX35:BC35,"?*")<6,"",IF(IF(AND(LEFT(AY35,2)="R0",LEFT(BC35,2)<>"K5"),"R0 harus K5; ","")&IF(AND(LEFT(AY35,2)="R1",LEFT(BC35,2)="K3"),"R1 tidak boleh K3 (fungsional); ","")&IF(AND(LEFT(AY35,2)="R2",LEFT(BC35,2)="K5"),"R2 tidak boleh K5; ","")&IF(AND(LEFT(AY35,2)="R2",OR(LEFT(AX35,2)="S6",LEFT(AX35,2)="S7",LEFT(AX35,2)="S8")),"R2 tidak boleh S6/S7/S8; ","")&IF(AND(LEFT(AY35,2)="R2",OR(LEFT(AZ35,3)="T02",LEFT(BA35,2)="P8")),"T02 atau P8 tidak boleh R2; ","")&IF(AND(LEFT(AZ35,3)="T01",LEFT(BA35,2)<>"P6"),"T01 biasanya P6 (periksa); ","")&IF(AND(LEFT(BA35,2)="P1",LEFT(BC35,2)<>"K4"),"P1 biasanya K4 (periksa); ","")="","OK",IF(AND(LEFT(AY35,2)="R0",LEFT(BC35,2)<>"K5"),"R0 harus K5; ","")&IF(AND(LEFT(AY35,2)="R1",LEFT(BC35,2)="K3"),"R1 tidak boleh K3 (fungsional); ","")&IF(AND(LEFT(AY35,2)="R2",LEFT(BC35,2)="K5"),"R2 tidak boleh K5; ","")&IF(AND(LEFT(AY35,2)="R2",OR(LEFT(AX35,2)="S6",LEFT(AX35,2)="S7",LEFT(AX35,2)="S8")),"R2 tidak boleh S6/S7/S8; ","")&IF(AND(LEFT(AY35,2)="R2",OR(LEFT(AZ35,3)="T02",LEFT(BA35,2)="P8")),"T02 atau P8 tidak boleh R2; ","")&IF(AND(LEFT(AZ35,3)="T01",LEFT(BA35,2)<>"P6"),"T01 biasanya P6 (periksa); ","")&IF(AND(LEFT(BA35,2)="P1",LEFT(BC35,2)<>"K4"),"P1 biasanya K4 (periksa); ",""))) | BG35: =IF(COUNTA($G35:$L35)<6,"",IF(COUNTA(M35:R35)<6,"Belum lengkap",IF((LEFT(M35,2)=LEFT(G35,2))+(LEFT(N35,2)=LEFT(H35,2))+(LEFT(O35,3)=LEFT(I35,3))+(LEFT(P35,2)=LEFT(J35,2))+(LEFT(Q35,2)=LEFT(K35,2))+(LEFT(R35,2)=LEFT(L35,2))=6,"Ya (6/6)","Tidak ("&(LEFT(M35,2)=LEFT(G35,2))+(LEFT(N35,2)=LEFT(H35,2))+(LEFT(O35,3)=LEFT(I35,3))+(LEFT(P35,2)=LEFT(J35,2))+(LEFT(Q35,2)=LEFT(K35,2))+(LEFT(R35,2)=LEFT(L35,2))&"/6): "&TRIM(IF(NOT(LEFT(M35,2)=LEFT(G35,2)),"V4 ","")&IF(NOT(LEFT(N35,2)=LEFT(H35,2)),"V5 ","")&IF(NOT(LEFT(O35,3)=LEFT(I35,3)),"V6 ","")&IF(NOT(LEFT(P35,2)=LEFT(J35,2)),"V7 ","")&IF(NOT(LEFT(Q35,2)=LEFT(K35,2)),"V8 ","")&IF(NOT(LEFT(R35,2)=LEFT(L35,2)),"V9 ",""))))) -> Tidak (4/6): V4 V9 | BH35: =IF(COUNTA($G35:$L35)<6,"",IF(COUNTA(S35:X35)<6,"Belum lengkap",IF((LEFT(S35,2)=LEFT(G35,2))+(LEFT(T35,2)=LEFT(H35,2))+(LEFT(U35,3)=LEFT(I35,3))+(LEFT(V35,2)=LEFT(J35,2))+(LEFT(W35,2)=LEFT(K35,2))+(LEFT(X35,2)=LEFT(L35,2))=6,"Ya (6/6)","Tidak ("&(LEFT(S35,2)=LEFT(G35,2))+(LEFT(T35,2)=LEFT(H35,2))+(LEFT(U35,3)=LEFT(I35,3))+(LEFT(V35,2)=LEFT(J35,2))+(LEFT(W35,2)=LEFT(K35,2))+(LEFT(X35,2)=LEFT(L35,2))&"/6): "&TRIM(IF(NOT(LEFT(S35,2)=LEFT(G35,2)),"V4 ","")&IF(NOT(LEFT(T35,2)=LEFT(H35,2)),"V5 ","")&IF(NOT(LEFT(U35,3)=LEFT(I35,3)),"V6 ","")&IF(NOT(LEFT(V35,2)=LEFT(J35,2)),"V7 ","")&IF(NOT(LEFT(W35,2)=LEFT(K35,2)),"V8 ","")&IF(NOT(LEFT(X35,2)=LEFT(L35,2)),"V9 ",""))))) -> Belum lengkap | BI35: =IF(COUNTA($G35:$L35)<6,"",IF($E$1<3,"",IF(COUNTA(Y35:AD35)<6,"Belum lengkap",IF((LEFT(Y35,2)=LEFT(G35,2))+(LEFT(Z35,2)=LEFT(H35,2))+(LEFT(AA35,3)=LEFT(I35,3))+(LEFT(AB35,2)=LEFT(J35,2))+(LEFT(AC35,2)=LEFT(K35,2))+(LEFT(AD35,2)=LEFT(L35,2))=6,"Ya (6/6)","Tidak ("&(LEFT(Y35,2)=LEFT(G35,2))+(LEFT(Z35,2)=LEFT(H35,2))+(LEFT(AA35,3)=LEFT(I35,3))+(LEFT(AB35,2)=LEFT(J35,2))+(LEFT(AC35,2)=LEFT(K35,2))+(LEFT(AD35,2)=LEFT(L35,2))&"/6): "&TRIM(IF(NOT(LEFT(Y35,2)=LEFT(G35,2)),"V4 ","")&IF(NOT(LEFT(Z35,2)=LEFT(H35,2)),"V5 ","")&IF(NOT(LEFT(AA35,3)=LEFT(I35,3)),"V6 ","")&IF(NOT(LEFT(AB35,2)=LEFT(J35,2)),"V7 ","")&IF(NOT(LEFT(AC35,2)=LEFT(K35,2)),"V8 ","")&IF(NOT(LEFT(AD35,2)=LEFT(L35,2)),"V9 ","")))))) | BJ35: =IF(COUNTA($G35:$L35)<6,"",IF($E$1<4,"",IF(COUNTA(AE35:AJ35)<6,"Belum lengkap",IF((LEFT(AE35,2)=LEFT(G35,2))+(LEFT(AF35,2)=LEFT(H35,2))+(LEFT(AG35,3)=LEFT(I35,3))+(LEFT(AH35,2)=LEFT(J35,2))+(LEFT(AI35,2)=LEFT(K35,2))+(LEFT(AJ35,2)=LEFT(L35,2))=6,"Ya (6/6)","Tidak ("&(LEFT(AE35,2)=LEFT(G35,2))+(LEFT(AF35,2)=LEFT(H35,2))+(LEFT(AG35,3)=LEFT(I35,3))+(LEFT(AH35,2)=LEFT(J35,2))+(LEFT(AI35,2)=LEFT(K35,2))+(LEFT(AJ35,2)=LEFT(L35,2))&"/6): "&TRIM(IF(NOT(LEFT(AE35,2)=LEFT(G35,2)),"V4 ","")&IF(NOT(LEFT(AF35,2)=LEFT(H35,2)),"V5 ","")&IF(NOT(LEFT(AG35,3)=LEFT(I35,3)),"V6 ","")&IF(NOT(LEFT(AH35,2)=LEFT(J35,2)),"V7 ","")&IF(NOT(LEFT(AI35,2)=LEFT(K35,2)),"V8 ","")&IF(NOT(LEFT(AJ35,2)=LEFT(L35,2)),"V9 ","")))))) | BK35: CC
A36: 33 | B36: =IF(INDEX(Korpus!$A:$A,$A36)="","",INDEX(Korpus!$A:$A,$A36)) -> UU 27 Thn 2022 (PDP) | C36: =TRIM(INDEX(Korpus!$D:$D,$A36)&" "&INDEX(Korpus!$E:$E,$A36)) -> Pasal 6 | D36: =IF(INDEX(Korpus!$B:$B,$A36)="","",INDEX(Korpus!$B:$B,$A36)) -> BAB IV HAK SUBJEK DATA PRIBADI | E36: =IF(INDEX(Korpus!$C:$C,$A36)="","",INDEX(Korpus!$C:$C,$A36)) | F36: =IF(INDEX(Korpus!$F:$F,$A36)="","",INDEX(Korpus!$F:$F,$A36)) -> Subjek Data Pribadi berhak melengkapi, memperbarui, dan/atau memperbaiki kesalahan dan/atau ketidakakuratan Data Pribadi tentang dirinya sesuai dengan tujuan pemrosesan Data Pribadi. | AK36: =IF(Hitung!B36<$E$1,"",IF(Hitung!C36>0,"Beda","Sama")) | AL36: =IF(Hitung!D36<$E$1,"",IF(Hitung!E36>0,"Beda","Sama")) | AM36: =IF(Hitung!F36<$E$1,"",IF(Hitung!G36>0,"Beda","Sama")) | AN36: =IF(Hitung!H36<$E$1,"",IF(Hitung!I36>0,"Beda","Sama")) | AO36: =IF(Hitung!J36<$E$1,"",IF(Hitung!K36>0,"Beda","Sama")) | AP36: =IF(Hitung!L36<$E$1,"",IF(Hitung!M36>0,"Beda","Sama")) | AQ36: =COUNTIF(AK36:AP36,"Beda") -> 0 | AX36: =IF(AR36<>"",AR36,IF(AND(Hitung!B36=$E$1,Hitung!C36=0),M36,"")) | AY36: =IF(AS36<>"",AS36,IF(AND(Hitung!D36=$E$1,Hitung!E36=0),N36,"")) | AZ36: =IF(AT36<>"",AT36,IF(AND(Hitung!F36=$E$1,Hitung!G36=0),O36,"")) | BA36: =IF(AU36<>"",AU36,IF(AND(Hitung!H36=$E$1,Hitung!I36=0),P36,"")) | BB36: =IF(AV36<>"",AV36,IF(AND(Hitung!J36=$E$1,Hitung!K36=0),Q36,"")) | BC36: =IF(AW36<>"",AW36,IF(AND(Hitung!L36=$E$1,Hitung!M36=0),R36,"")) | BE36: =IF(COUNTA(M36:R36)+COUNTA(S36:X36)+($E$1>=3)*COUNTA(Y36:AD36)+($E$1>=4)*COUNTA(AE36:AJ36)<6*$E$1,"Menunggu coder",IF(AQ36=0,"Sepakat",IF(SUMPRODUCT((AK36:AP36="Beda")*(AR36:AW36=""))=0,"Selesai adjudikasi","Perlu adjudikasi"))) -> Menunggu coder | BF36: =IF(COUNTIF(AX36:BC36,"?*")<6,"",IF(IF(AND(LEFT(AY36,2)="R0",LEFT(BC36,2)<>"K5"),"R0 harus K5; ","")&IF(AND(LEFT(AY36,2)="R1",LEFT(BC36,2)="K3"),"R1 tidak boleh K3 (fungsional); ","")&IF(AND(LEFT(AY36,2)="R2",LEFT(BC36,2)="K5"),"R2 tidak boleh K5; ","")&IF(AND(LEFT(AY36,2)="R2",OR(LEFT(AX36,2)="S6",LEFT(AX36,2)="S7",LEFT(AX36,2)="S8")),"R2 tidak boleh S6/S7/S8; ","")&IF(AND(LEFT(AY36,2)="R2",OR(LEFT(AZ36,3)="T02",LEFT(BA36,2)="P8")),"T02 atau P8 tidak boleh R2; ","")&IF(AND(LEFT(AZ36,3)="T01",LEFT(BA36,2)<>"P6"),"T01 biasanya P6 (periksa); ","")&IF(AND(LEFT(BA36,2)="P1",LEFT(BC36,2)<>"K4"),"P1 biasanya K4 (periksa); ","")="","OK",IF(AND(LEFT(AY36,2)="R0",LEFT(BC36,2)<>"K5"),"R0 harus K5; ","")&IF(AND(LEFT(AY36,2)="R1",LEFT(BC36,2)="K3"),"R1 tidak boleh K3 (fungsional); ","")&IF(AND(LEFT(AY36,2)="R2",LEFT(BC36,2)="K5"),"R2 tidak boleh K5; ","")&IF(AND(LEFT(AY36,2)="R2",OR(LEFT(AX36,2)="S6",LEFT(AX36,2)="S7",LEFT(AX36,2)="S8")),"R2 tidak boleh S6/S7/S8; ","")&IF(AND(LEFT(AY36,2)="R2",OR(LEFT(AZ36,3)="T02",LEFT(BA36,2)="P8")),"T02 atau P8 tidak boleh R2; ","")&IF(AND(LEFT(AZ36,3)="T01",LEFT(BA36,2)<>"P6"),"T01 biasanya P6 (periksa); ","")&IF(AND(LEFT(BA36,2)="P1",LEFT(BC36,2)<>"K4"),"P1 biasanya K4 (periksa); ",""))) | BG36: =IF(COUNTA($G36:$L36)<6,"",IF(COUNTA(M36:R36)<6,"Belum lengkap",IF((LEFT(M36,2)=LEFT(G36,2))+(LEFT(N36,2)=LEFT(H36,2))+(LEFT(O36,3)=LEFT(I36,3))+(LEFT(P36,2)=LEFT(J36,2))+(LEFT(Q36,2)=LEFT(K36,2))+(LEFT(R36,2)=LEFT(L36,2))=6,"Ya (6/6)","Tidak ("&(LEFT(M36,2)=LEFT(G36,2))+(LEFT(N36,2)=LEFT(H36,2))+(LEFT(O36,3)=LEFT(I36,3))+(LEFT(P36,2)=LEFT(J36,2))+(LEFT(Q36,2)=LEFT(K36,2))+(LEFT(R36,2)=LEFT(L36,2))&"/6): "&TRIM(IF(NOT(LEFT(M36,2)=LEFT(G36,2)),"V4 ","")&IF(NOT(LEFT(N36,2)=LEFT(H36,2)),"V5 ","")&IF(NOT(LEFT(O36,3)=LEFT(I36,3)),"V6 ","")&IF(NOT(LEFT(P36,2)=LEFT(J36,2)),"V7 ","")&IF(NOT(LEFT(Q36,2)=LEFT(K36,2)),"V8 ","")&IF(NOT(LEFT(R36,2)=LEFT(L36,2)),"V9 ",""))))) | BH36: =IF(COUNTA($G36:$L36)<6,"",IF(COUNTA(S36:X36)<6,"Belum lengkap",IF((LEFT(S36,2)=LEFT(G36,2))+(LEFT(T36,2)=LEFT(H36,2))+(LEFT(U36,3)=LEFT(I36,3))+(LEFT(V36,2)=LEFT(J36,2))+(LEFT(W36,2)=LEFT(K36,2))+(LEFT(X36,2)=LEFT(L36,2))=6,"Ya (6/6)","Tidak ("&(LEFT(S36,2)=LEFT(G36,2))+(LEFT(T36,2)=LEFT(H36,2))+(LEFT(U36,3)=LEFT(I36,3))+(LEFT(V36,2)=LEFT(J36,2))+(LEFT(W36,2)=LEFT(K36,2))+(LEFT(X36,2)=LEFT(L36,2))&"/6): "&TRIM(IF(NOT(LEFT(S36,2)=LEFT(G36,2)),"V4 ","")&IF(NOT(LEFT(T36,2)=LEFT(H36,2)),"V5 ","")&IF(NOT(LEFT(U36,3)=LEFT(I36,3)),"V6 ","")&IF(NOT(LEFT(V36,2)=LEFT(J36,2)),"V7 ","")&IF(NOT(LEFT(W36,2)=LEFT(K36,2)),"V8 ","")&IF(NOT(LEFT(X36,2)=LEFT(L36,2)),"V9 ",""))))) | BI36: =IF(COUNTA($G36:$L36)<6,"",IF($E$1<3,"",IF(COUNTA(Y36:AD36)<6,"Belum lengkap",IF((LEFT(Y36,2)=LEFT(G36,2))+(LEFT(Z36,2)=LEFT(H36,2))+(LEFT(AA36,3)=LEFT(I36,3))+(LEFT(AB36,2)=LEFT(J36,2))+(LEFT(AC36,2)=LEFT(K36,2))+(LEFT(AD36,2)=LEFT(L36,2))=6,"Ya (6/6)","Tidak ("&(LEFT(Y36,2)=LEFT(G36,2))+(LEFT(Z36,2)=LEFT(H36,2))+(LEFT(AA36,3)=LEFT(I36,3))+(LEFT(AB36,2)=LEFT(J36,2))+(LEFT(AC36,2)=LEFT(K36,2))+(LEFT(AD36,2)=LEFT(L36,2))&"/6): "&TRIM(IF(NOT(LEFT(Y36,2)=LEFT(G36,2)),"V4 ","")&IF(NOT(LEFT(Z36,2)=LEFT(H36,2)),"V5 ","")&IF(NOT(LEFT(AA36,3)=LEFT(I36,3)),"V6 ","")&IF(NOT(LEFT(AB36,2)=LEFT(J36,2)),"V7 ","")&IF(NOT(LEFT(AC36,2)=LEFT(K36,2)),"V8 ","")&IF(NOT(LEFT(AD36,2)=LEFT(L36,2)),"V9 ","")))))) | BJ36: =IF(COUNTA($G36:$L36)<6,"",IF($E$1<4,"",IF(COUNTA(AE36:AJ36)<6,"Belum lengkap",IF((LEFT(AE36,2)=LEFT(G36,2))+(LEFT(AF36,2)=LEFT(H36,2))+(LEFT(AG36,3)=LEFT(I36,3))+(LEFT(AH36,2)=LEFT(J36,2))+(LEFT(AI36,2)=LEFT(K36,2))+(LEFT(AJ36,2)=LEFT(L36,2))=6,"Ya (6/6)","Tidak ("&(LEFT(AE36,2)=LEFT(G36,2))+(LEFT(AF36,2)=LEFT(H36,2))+(LEFT(AG36,3)=LEFT(I36,3))+(LEFT(AH36,2)=LEFT(J36,2))+(LEFT(AI36,2)=LEFT(K36,2))+(LEFT(AJ36,2)=LEFT(L36,2))&"/6): "&TRIM(IF(NOT(LEFT(AE36,2)=LEFT(G36,2)),"V4 ","")&IF(NOT(LEFT(AF36,2)=LEFT(H36,2)),"V5 ","")&IF(NOT(LEFT(AG36,3)=LEFT(I36,3)),"V6 ","")&IF(NOT(LEFT(AH36,2)=LEFT(J36,2)),"V7 ","")&IF(NOT(LEFT(AI36,2)=LEFT(K36,2)),"V8 ","")&IF(NOT(LEFT(AJ36,2)=LEFT(L36,2)),"V9 ",""))))))
A37: 34 | B37: =IF(INDEX(Korpus!$A:$A,$A37)="","",INDEX(Korpus!$A:$A,$A37)) -> UU 27 Thn 2022 (PDP) | C37: =TRIM(INDEX(Korpus!$D:$D,$A37)&" "&INDEX(Korpus!$E:$E,$A37)) -> Pasal 7 | D37: =IF(INDEX(Korpus!$B:$B,$A37)="","",INDEX(Korpus!$B:$B,$A37)) -> BAB IV HAK SUBJEK DATA PRIBADI | E37: =IF(INDEX(Korpus!$C:$C,$A37)="","",INDEX(Korpus!$C:$C,$A37)) | F37: =IF(INDEX(Korpus!$F:$F,$A37)="","",INDEX(Korpus!$F:$F,$A37)) -> Subjek Data Pribadi berhak mendapatkan akses dan memperoleh salinan Data Pribadi tentang dirinya sesuai dengan ketentuan peraturan perundang-undangan. | AK37: =IF(Hitung!B37<$E$1,"",IF(Hitung!C37>0,"Beda","Sama")) | AL37: =IF(Hitung!D37<$E$1,"",IF(Hitung!E37>0,"Beda","Sama")) | AM37: =IF(Hitung!F37<$E$1,"",IF(Hitung!G37>0,"Beda","Sama")) | AN37: =IF(Hitung!H37<$E$1,"",IF(Hitung!I37>0,"Beda","Sama")) | AO37: =IF(Hitung!J37<$E$1,"",IF(Hitung!K37>0,"Beda","Sama")) | AP37: =IF(Hitung!L37<$E$1,"",IF(Hitung!M37>0,"Beda","Sama")) | AQ37: =COUNTIF(AK37:AP37,"Beda") -> 0 | AX37: =IF(AR37<>"",AR37,IF(AND(Hitung!B37=$E$1,Hitung!C37=0),M37,"")) | AY37: =IF(AS37<>"",AS37,IF(AND(Hitung!D37=$E$1,Hitung!E37=0),N37,"")) | AZ37: =IF(AT37<>"",AT37,IF(AND(Hitung!F37=$E$1,Hitung!G37=0),O37,"")) | BA37: =IF(AU37<>"",AU37,IF(AND(Hitung!H37=$E$1,Hitung!I37=0),P37,"")) | BB37: =IF(AV37<>"",AV37,IF(AND(Hitung!J37=$E$1,Hitung!K37=0),Q37,"")) | BC37: =IF(AW37<>"",AW37,IF(AND(Hitung!L37=$E$1,Hitung!M37=0),R37,"")) | BE37: =IF(COUNTA(M37:R37)+COUNTA(S37:X37)+($E$1>=3)*COUNTA(Y37:AD37)+($E$1>=4)*COUNTA(AE37:AJ37)<6*$E$1,"Menunggu coder",IF(AQ37=0,"Sepakat",IF(SUMPRODUCT((AK37:AP37="Beda")*(AR37:AW37=""))=0,"Selesai adjudikasi","Perlu adjudikasi"))) -> Menunggu coder | BF37: =IF(COUNTIF(AX37:BC37,"?*")<6,"",IF(IF(AND(LEFT(AY37,2)="R0",LEFT(BC37,2)<>"K5"),"R0 harus K5; ","")&IF(AND(LEFT(AY37,2)="R1",LEFT(BC37,2)="K3"),"R1 tidak boleh K3 (fungsional); ","")&IF(AND(LEFT(AY37,2)="R2",LEFT(BC37,2)="K5"),"R2 tidak boleh K5; ","")&IF(AND(LEFT(AY37,2)="R2",OR(LEFT(AX37,2)="S6",LEFT(AX37,2)="S7",LEFT(AX37,2)="S8")),"R2 tidak boleh S6/S7/S8; ","")&IF(AND(LEFT(AY37,2)="R2",OR(LEFT(AZ37,3)="T02",LEFT(BA37,2)="P8")),"T02 atau P8 tidak boleh R2; ","")&IF(AND(LEFT(AZ37,3)="T01",LEFT(BA37,2)<>"P6"),"T01 biasanya P6 (periksa); ","")&IF(AND(LEFT(BA37,2)="P1",LEFT(BC37,2)<>"K4"),"P1 biasanya K4 (periksa); ","")="","OK",IF(AND(LEFT(AY37,2)="R0",LEFT(BC37,2)<>"K5"),"R0 harus K5; ","")&IF(AND(LEFT(AY37,2)="R1",LEFT(BC37,2)="K3"),"R1 tidak boleh K3 (fungsional); ","")&IF(AND(LEFT(AY37,2)="R2",LEFT(BC37,2)="K5"),"R2 tidak boleh K5; ","")&IF(AND(LEFT(AY37,2)="R2",OR(LEFT(AX37,2)="S6",LEFT(AX37,2)="S7",LEFT(AX37,2)="S8")),"R2 tidak boleh S6/S7/S8; ","")&IF(AND(LEFT(AY37,2)="R2",OR(LEFT(AZ37,3)="T02",LEFT(BA37,2)="P8")),"T02 atau P8 tidak boleh R2; ","")&IF(AND(LEFT(AZ37,3)="T01",LEFT(BA37,2)<>"P6"),"T01 biasanya P6 (periksa); ","")&IF(AND(LEFT(BA37,2)="P1",LEFT(BC37,2)<>"K4"),"P1 biasanya K4 (periksa); ",""))) | BG37: =IF(COUNTA($G37:$L37)<6,"",IF(COUNTA(M37:R37)<6,"Belum lengkap",IF((LEFT(M37,2)=LEFT(G37,2))+(LEFT(N37,2)=LEFT(H37,2))+(LEFT(O37,3)=LEFT(I37,3))+(LEFT(P37,2)=LEFT(J37,2))+(LEFT(Q37,2)=LEFT(K37,2))+(LEFT(R37,2)=LEFT(L37,2))=6,"Ya (6/6)","Tidak ("&(LEFT(M37,2)=LEFT(G37,2))+(LEFT(N37,2)=LEFT(H37,2))+(LEFT(O37,3)=LEFT(I37,3))+(LEFT(P37,2)=LEFT(J37,2))+(LEFT(Q37,2)=LEFT(K37,2))+(LEFT(R37,2)=LEFT(L37,2))&"/6): "&TRIM(IF(NOT(LEFT(M37,2)=LEFT(G37,2)),"V4 ","")&IF(NOT(LEFT(N37,2)=LEFT(H37,2)),"V5 ","")&IF(NOT(LEFT(O37,3)=LEFT(I37,3)),"V6 ","")&IF(NOT(LEFT(P37,2)=LEFT(J37,2)),"V7 ","")&IF(NOT(LEFT(Q37,2)=LEFT(K37,2)),"V8 ","")&IF(NOT(LEFT(R37,2)=LEFT(L37,2)),"V9 ",""))))) | BH37: =IF(COUNTA($G37:$L37)<6,"",IF(COUNTA(S37:X37)<6,"Belum lengkap",IF((LEFT(S37,2)=LEFT(G37,2))+(LEFT(T37,2)=LEFT(H37,2))+(LEFT(U37,3)=LEFT(I37,3))+(LEFT(V37,2)=LEFT(J37,2))+(LEFT(W37,2)=LEFT(K37,2))+(LEFT(X37,2)=LEFT(L37,2))=6,"Ya (6/6)","Tidak ("&(LEFT(S37,2)=LEFT(G37,2))+(LEFT(T37,2)=LEFT(H37,2))+(LEFT(U37,3)=LEFT(I37,3))+(LEFT(V37,2)=LEFT(J37,2))+(LEFT(W37,2)=LEFT(K37,2))+(LEFT(X37,2)=LEFT(L37,2))&"/6): "&TRIM(IF(NOT(LEFT(S37,2)=LEFT(G37,2)),"V4 ","")&IF(NOT(LEFT(T37,2)=LEFT(H37,2)),"V5 ","")&IF(NOT(LEFT(U37,3)=LEFT(I37,3)),"V6 ","")&IF(NOT(LEFT(V37,2)=LEFT(J37,2)),"V7 ","")&IF(NOT(LEFT(W37,2)=LEFT(K37,2)),"V8 ","")&IF(NOT(LEFT(X37,2)=LEFT(L37,2)),"V9 ",""))))) | BI37: =IF(COUNTA($G37:$L37)<6,"",IF($E$1<3,"",IF(COUNTA(Y37:AD37)<6,"Belum lengkap",IF((LEFT(Y37,2)=LEFT(G37,2))+(LEFT(Z37,2)=LEFT(H37,2))+(LEFT(AA37,3)=LEFT(I37,3))+(LEFT(AB37,2)=LEFT(J37,2))+(LEFT(AC37,2)=LEFT(K37,2))+(LEFT(AD37,2)=LEFT(L37,2))=6,"Ya (6/6)","Tidak ("&(LEFT(Y37,2)=LEFT(G37,2))+(LEFT(Z37,2)=LEFT(H37,2))+(LEFT(AA37,3)=LEFT(I37,3))+(LEFT(AB37,2)=LEFT(J37,2))+(LEFT(AC37,2)=LEFT(K37,2))+(LEFT(AD37,2)=LEFT(L37,2))&"/6): "&TRIM(IF(NOT(LEFT(Y37,2)=LEFT(G37,2)),"V4 ","")&IF(NOT(LEFT(Z37,2)=LEFT(H37,2)),"V5 ","")&IF(NOT(LEFT(AA37,3)=LEFT(I37,3)),"V6 ","")&IF(NOT(LEFT(AB37,2)=LEFT(J37,2)),"V7 ","")&IF(NOT(LEFT(AC37,2)=LEFT(K37,2)),"V8 ","")&IF(NOT(LEFT(AD37,2)=LEFT(L37,2)),"V9 ","")))))) | BJ37: =IF(COUNTA($G37:$L37)<6,"",IF($E$1<4,"",IF(COUNTA(AE37:AJ37)<6,"Belum lengkap",IF((LEFT(AE37,2)=LEFT(G37,2))+(LEFT(AF37,2)=LEFT(H37,2))+(LEFT(AG37,3)=LEFT(I37,3))+(LEFT(AH37,2)=LEFT(J37,2))+(LEFT(AI37,2)=LEFT(K37,2))+(LEFT(AJ37,2)=LEFT(L37,2))=6,"Ya (6/6)","Tidak ("&(LEFT(AE37,2)=LEFT(G37,2))+(LEFT(AF37,2)=LEFT(H37,2))+(LEFT(AG37,3)=LEFT(I37,3))+(LEFT(AH37,2)=LEFT(J37,2))+(LEFT(AI37,2)=LEFT(K37,2))+(LEFT(AJ37,2)=LEFT(L37,2))&"/6): "&TRIM(IF(NOT(LEFT(AE37,2)=LEFT(G37,2)),"V4 ","")&IF(NOT(LEFT(AF37,2)=LEFT(H37,2)),"V5 ","")&IF(NOT(LEFT(AG37,3)=LEFT(I37,3)),"V6 ","")&IF(NOT(LEFT(AH37,2)=LEFT(J37,2)),"V7 ","")&IF(NOT(LEFT(AI37,2)=LEFT(K37,2)),"V8 ","")&IF(NOT(LEFT(AJ37,2)=LEFT(L37,2)),"V9 ",""))))))
