Workbook

Sheet Petunjuk
A1: File Kunci Adjudikasi: Analisis Isi Krippendorff
A2: Codebook versi 1.0.2 (20 Oktober 2026). Hanya untuk peneliti utama (adjudikator). Jangan dibagikan kepada coder.
B4: Alur kerja
B5: 1 | C5: Tempel korpus ke sheet Korpus (A1:F87). Kolom Dokumen, Rujukan, BAB, Bagian, dan Isi pada Kunci Adjudikasi terisi otomatis.
B6: 2 | C6: Setelah coder A dan B selesai, salin nilai V4 sampai V9 dari kolom F sampai K lembar coding masing-masing (baris 2 sampai 86) ke blok Coder A (M sampai R) dan Coder B (S sampai X) mulai baris 5. Tempel sebagai nilai (Paste Values). Urutan baris sama, ID_Unit 2 sampai 86.
B7: 3 | C7: Kolom Y sampai AD menandai Sama atau Beda per variabel. Sheet Reliabilitas menghitung Krippendorff alpha dari data sebelum rekonsiliasi.
B8: 4 | C8: Setelah α dilaporkan, selesaikan setiap perbedaan melalui diskusi, isi Keputusan Adjudikator (AF sampai AK) hanya pada variabel yang berbeda, dan tulis alasannya di AR.
B9: 5 | C9: Kode Final (AL sampai AQ) = keputusan adjudikator bila ada, selain itu kode yang disepakati kedua coder. Kolom AT memeriksa aturan konsistensi (Bagian 9) pada kode final.
B10: 6 | C10: Kode Acuan Peneliti (G sampai L) terisi untuk 11 contoh pada Bagian 12 codebook (baris 2, 15, 22, 28, 30, 32, 49, 62, 67, 83, 86). Isi baris lain bila peneliti ingin menyimpan kunci sendiri; kolom ini tidak dihitung dalam α.
B11: Catatan metode
B12: α | C12: Dihitung langsung dari data pasangan coder yang lengkap: V4, V6, V7, V8, V9 nominal dan V5 ordinal (Bagian 13). Hanya unit yang diisi kedua coder yang dihitung.
B13: Selang kepercayaan | C13: Selang kepercayaan bootstrap belum dihitung di Excel. Hitung dengan paket krippendorff (Python) atau kripp.alpha pada paket irr (R) dari data yang sama.
B14: Kriteria | C14: α ≥ 0,800 dapat diterima; 0,667 ≤ α < 0,800 hanya untuk kesimpulan tentatif; α < 0,667 revisi variabel dan kodekan ulang.
B15: Warna | C15: Kuning: sel input. Biru muda: Coder A. Oranye muda: Coder B. Hijau muda: kunci peneliti dan kode final.

Sheet Kunci Adjudikasi
A1: Kunci Adjudikasi
A2: Isi V4 sampai V9 coder A dan B (tempel nilai), lalu isi keputusan adjudikator hanya untuk variabel yang berbeda.
A3: Identitas dan teks (dari Korpus) | G3: Kode Acuan Peneliti (Bagian 12) | M3: Coder A | S3: Coder B | Y3: Sama / Beda | AE3: Beda | AF3: Keputusan Adjudikator | AL3: Kode Final | AR3: Catatan | AS3: Status | AT3: Cek
A4: V1 ID_Unit | B4: Dokumen | C4: Rujukan | D4: BAB | E4: Bagian | F4: Isi | G4: V4 Acuan | H4: V5 Acuan | I4: V6 Acuan | J4: V7 Acuan | K4: V8 Acuan | L4: V9 Acuan | M4: V4 A | N4: V5 A | O4: V6 A | P4: V7 A | Q4: V8 A | R4: V9 A | S4: V4 B | T4: V5 B | U4: V6 B | V4: V7 B | W4: V8 B | X4: V9 B | Y4: V4 | Z4: V5 | AA4: V6 | AB4: V7 | AC4: V8 | AD4: V9 | AE4: Jumlah Beda | AF4: V4 Keputusan | AG4: V5 Keputusan | AH4: V6 Keputusan | AI4: V7 Keputusan | AJ4: V8 Keputusan | AK4: V9 Keputusan | AL4: V4 Final | AM4: V5 Final | AN4: V6 Final | AO4: V7 Final | AP4: V8 Final | AQ4: V9 Final | AR4: Alasan Adjudikasi | AS4: Status | AT4: Cek Konsistensi Final
A5: 2 | B5: =IF(INDEX(Korpus!$A:$A,$A5)="","",INDEX(Korpus!$A:$A,$A5)) | C5: =TRIM(INDEX(Korpus!$D:$D,$A5)&" "&INDEX(Korpus!$E:$E,$A5)) | D5: =IF(INDEX(Korpus!$B:$B,$A5)="","",INDEX(Korpus!$B:$B,$A5)) | E5: =IF(INDEX(Korpus!$C:$C,$A5)="","",INDEX(Korpus!$C:$C,$A5)) | F5: =IF(INDEX(Korpus!$F:$F,$A5)="","",INDEX(Korpus!$F:$F,$A5)) | G5: S9 | H5: R1 | I5: T16 | J5: P8 | K5: F8 | L5: K5 | Y5: =IF(OR(M5="",S5=""),"",IF(M5=S5,"Sama","Beda")) | Z5: =IF(OR(N5="",T5=""),"",IF(N5=T5,"Sama","Beda")) | AA5: =IF(OR(O5="",U5=""),"",IF(O5=U5,"Sama","Beda")) | AB5: =IF(OR(P5="",V5=""),"",IF(P5=V5,"Sama","Beda")) | AC5: =IF(OR(Q5="",W5=""),"",IF(Q5=W5,"Sama","Beda")) | AD5: =IF(OR(R5="",X5=""),"",IF(R5=X5,"Sama","Beda")) | AE5: =COUNTIF(Y5:AD5,"Beda") -> 0 | AL5: =IF(AF5<>"",AF5,IF(AND(M5<>"",M5=S5),M5,"")) | AM5: =IF(AG5<>"",AG5,IF(AND(N5<>"",N5=T5),N5,"")) | AN5: =IF(AH5<>"",AH5,IF(AND(O5<>"",O5=U5),O5,"")) | AO5: =IF(AI5<>"",AI5,IF(AND(P5<>"",P5=V5),P5,"")) | AP5: =IF(AJ5<>"",AJ5,IF(AND(Q5<>"",Q5=W5),Q5,"")) | AQ5: =IF(AK5<>"",AK5,IF(AND(R5<>"",R5=X5),R5,"")) | AS5: =IF(COUNTA(M5:R5)+COUNTA(S5:X5)<12,"Menunggu coder",IF(AE5=0,"Sepakat",IF(SUMPRODUCT((Y5:AD5="Beda")*(AF5:AK5=""))=0,"Selesai adjudikasi","Perlu adjudikasi"))) -> Menunggu coder | AT5: =IF(COUNTIF(AL5:AQ5,"?*")<6,"",IF(IF(AND(AM5="R0",AQ5<>"K5"),"R0 harus K5; ","")&IF(AND(AM5="R1",AQ5="K3"),"R1 tidak boleh K3 (fungsional); ","")&IF(AND(AM5="R2",AQ5="K5"),"R2 tidak boleh K5; ","")&IF(AND(AM5="R2",OR(AL5="S6",AL5="S7",AL5="S8")),"R2 tidak boleh S6/S7/S8; ","")&IF(AND(AO5="P9",AN5<>"T17"),"P9 hanya dengan T17; ","")&IF(AND(OR(AN5="T17",AO5="P9"),AM5<>"R0"),"T17/P9 harus R0; ","")&IF(AND(AN5="T01",AO5<>"P6"),"T01 biasanya P6 (periksa); ","")&IF(AND(AO5="P1",AQ5<>"K4"),"P1 biasanya K4 (periksa); ","")="","OK",IF(AND(AM5="R0",AQ5<>"K5"),"R0 harus K5; ","")&IF(AND(AM5="R1",AQ5="K3"),"R1 tidak boleh K3 (fungsional); ","")&IF(AND(AM5="R2",AQ5="K5"),"R2 tidak boleh K5; ","")&IF(AND(AM5="R2",OR(AL5="S6",AL5="S7",AL5="S8")),"R2 tidak boleh S6/S7/S8; ","")&IF(AND(AO5="P9",AN5<>"T17"),"P9 hanya dengan T17; ","")&IF(AND(OR(AN5="T17",AO5="P9"),AM5<>"R0"),"T17/P9 harus R0; ","")&IF(AND(AN5="T01",AO5<>"P6"),"T01 biasanya P6 (periksa); ","")&IF(AND(AO5="P1",AQ5<>"K4"),"P1 biasanya K4 (periksa); ","")))
A6: 3 | B6: =IF(INDEX(Korpus!$A:$A,$A6)="","",INDEX(Korpus!$A:$A,$A6)) | C6: =TRIM(INDEX(Korpus!$D:$D,$A6)&" "&INDEX(Korpus!$E:$E,$A6)) | D6: =IF(INDEX(Korpus!$B:$B,$A6)="","",INDEX(Korpus!$B:$B,$A6)) | E6: =IF(INDEX(Korpus!$C:$C,$A6)="","",INDEX(Korpus!$C:$C,$A6)) | F6: =IF(INDEX(Korpus!$F:$F,$A6)="","",INDEX(Korpus!$F:$F,$A6)) | Y6: =IF(OR(M6="",S6=""),"",IF(M6=S6,"Sama","Beda")) | Z6: =IF(OR(N6="",T6=""),"",IF(N6=T6,"Sama","Beda")) | AA6: =IF(OR(O6="",U6=""),"",IF(O6=U6,"Sama","Beda")) | AB6: =IF(OR(P6="",V6=""),"",IF(P6=V6,"Sama","Beda")) | AC6: =IF(OR(Q6="",W6=""),"",IF(Q6=W6,"Sama","Beda")) | AD6: =IF(OR(R6="",X6=""),"",IF(R6=X6,"Sama","Beda")) | AE6: =COUNTIF(Y6:AD6,"Beda") -> 0 | AL6: =IF(AF6<>"",AF6,IF(AND(M6<>"",M6=S6),M6,"")) | AM6: =IF(AG6<>"",AG6,IF(AND(N6<>"",N6=T6),N6,"")) | AN6: =IF(AH6<>"",AH6,IF(AND(O6<>"",O6=U6),O6,"")) | AO6: =IF(AI6<>"",AI6,IF(AND(P6<>"",P6=V6),P6,"")) | AP6: =IF(AJ6<>"",AJ6,IF(AND(Q6<>"",Q6=W6),Q6,"")) | AQ6: =IF(AK6<>"",AK6,IF(AND(R6<>"",R6=X6),R6,"")) | AS6: =IF(COUNTA(M6:R6)+COUNTA(S6:X6)<12,"Menunggu coder",IF(AE6=0,"Sepakat",IF(SUMPRODUCT((Y6:AD6="Beda")*(AF6:AK6=""))=0,"Selesai adjudikasi","Perlu adjudikasi"))) -> Menunggu coder | AT6: =IF(COUNTIF(AL6:AQ6,"?*")<6,"",IF(IF(AND(AM6="R0",AQ6<>"K5"),"R0 harus K5; ","")&IF(AND(AM6="R1",AQ6="K3"),"R1 tidak boleh K3 (fungsional); ","")&IF(AND(AM6="R2",AQ6="K5"),"R2 tidak boleh K5; ","")&IF(AND(AM6="R2",OR(AL6="S6",AL6="S7",AL6="S8")),"R2 tidak boleh S6/S7/S8; ","")&IF(AND(AO6="P9",AN6<>"T17"),"P9 hanya dengan T17; ","")&IF(AND(OR(AN6="T17",AO6="P9"),AM6<>"R0"),"T17/P9 harus R0; ","")&IF(AND(AN6="T01",AO6<>"P6"),"T01 biasanya P6 (periksa); ","")&IF(AND(AO6="P1",AQ6<>"K4"),"P1 biasanya K4 (periksa); ","")="","OK",IF(AND(AM6="R0",AQ6<>"K5"),"R0 harus K5; ","")&IF(AND(AM6="R1",AQ6="K3"),"R1 tidak boleh K3 (fungsional); ","")&IF(AND(AM6="R2",AQ6="K5"),"R2 tidak boleh K5; ","")&IF(AND(AM6="R2",OR(AL6="S6",AL6="S7",AL6="S8")),"R2 tidak boleh S6/S7/S8; ","")&IF(AND(AO6="P9",AN6<>"T17"),"P9 hanya dengan T17; ","")&IF(AND(OR(AN6="T17",AO6="P9"),AM6<>"R0"),"T17/P9 harus R0; ","")&IF(AND(AN6="T01",AO6<>"P6"),"T01 biasanya P6 (periksa); ","")&IF(AND(AO6="P1",AQ6<>"K4"),"P1 biasanya K4 (periksa); ","")))
A7: 4 | B7: =IF(INDEX(Korpus!$A:$A,$A7)="","",INDEX(Korpus!$A:$A,$A7)) | C7: =TRIM(INDEX(Korpus!$D:$D,$A7)&" "&INDEX(Korpus!$E:$E,$A7)) | D7: =IF(INDEX(Korpus!$B:$B,$A7)="","",INDEX(Korpus!$B:$B,$A7)) | E7: =IF(INDEX(Korpus!$C:$C,$A7)="","",INDEX(Korpus!$C:$C,$A7)) | F7: =IF(INDEX(Korpus!$F:$F,$A7)="","",INDEX(Korpus!$F:$F,$A7)) | Y7: =IF(OR(M7="",S7=""),"",IF(M7=S7,"Sama","Beda")) | Z7: =IF(OR(N7="",T7=""),"",IF(N7=T7,"Sama","Beda")) | AA7: =IF(OR(O7="",U7=""),"",IF(O7=U7,"Sama","Beda")) | AB7: =IF(OR(P7="",V7=""),"",IF(P7=V7,"Sama","Beda")) | AC7: =IF(OR(Q7="",W7=""),"",IF(Q7=W7,"Sama","Beda")) | AD7: =IF(OR(R7="",X7=""),"",IF(R7=X7,"Sama","Beda")) | AE7: =COUNTIF(Y7:AD7,"Beda") -> 0 | AL7: =IF(AF7<>"",AF7,IF(AND(M7<>"",M7=S7),M7,"")) | AM7: =IF(AG7<>"",AG7,IF(AND(N7<>"",N7=T7),N7,"")) | AN7: =IF(AH7<>"",AH7,IF(AND(O7<>"",O7=U7),O7,"")) | AO7: =IF(AI7<>"",AI7,IF(AND(P7<>"",P7=V7),P7,"")) | AP7: =IF(AJ7<>"",AJ7,IF(AND(Q7<>"",Q7=W7),Q7,"")) | AQ7: =IF(AK7<>"",AK7,IF(AND(R7<>"",R7=X7),R7,"")) | AS7: =IF(COUNTA(M7:R7)+COUNTA(S7:X7)<12,"Menunggu coder",IF(AE7=0,"Sepakat",IF(SUMPRODUCT((Y7:AD7="Beda")*(AF7:AK7=""))=0,"Selesai adjudikasi","Perlu adjudikasi"))) -> Menunggu coder | AT7: =IF(COUNTIF(AL7:AQ7,"?*")<6,"",IF(IF(AND(AM7="R0",AQ7<>"K5"),"R0 harus K5; ","")&IF(AND(AM7="R1",AQ7="K3"),"R1 tidak boleh K3 (fungsional); ","")&IF(AND(AM7="R2",AQ7="K5"),"R2 tidak boleh K5; ","")&IF(AND(AM7="R2",OR(AL7="S6",AL7="S7",AL7="S8")),"R2 tidak boleh S6/S7/S8; ","")&IF(AND(AO7="P9",AN7<>"T17"),"P9 hanya dengan T17; ","")&IF(AND(OR(AN7="T17",AO7="P9"),AM7<>"R0"),"T17/P9 harus R0; ","")&IF(AND(AN7="T01",AO7<>"P6"),"T01 biasanya P6 (periksa); ","")&IF(AND(AO7="P1",AQ7<>"K4"),"P1 biasanya K4 (periksa); ","")="","OK",IF(AND(AM7="R0",AQ7<>"K5"),"R0 harus K5; ","")&IF(AND(AM7="R1",AQ7="K3"),"R1 tidak boleh K3 (fungsional); ","")&IF(AND(AM7="R2",AQ7="K5"),"R2 tidak boleh K5; ","")&IF(AND(AM7="R2",OR(AL7="S6",AL7="S7",AL7="S8")),"R2 tidak boleh S6/S7/S8; ","")&IF(AND(AO7="P9",AN7<>"T17"),"P9 hanya dengan T17; ","")&IF(AND(OR(AN7="T17",AO7="P9"),AM7<>"R0"),"T17/P9 harus R0; ","")&IF(AND(AN7="T01",AO7<>"P6"),"T01 biasanya P6 (periksa); ","")&IF(AND(AO7="P1",AQ7<>"K4"),"P1 biasanya K4 (periksa); ","")))
A8: 5 | B8: =IF(INDEX(Korpus!$A:$A,$A8)="","",INDEX(Korpus!$A:$A,$A8)) | C8: =TRIM(INDEX(Korpus!$D:$D,$A8)&" "&INDEX(Korpus!$E:$E,$A8)) | D8: =IF(INDEX(Korpus!$B:$B,$A8)="","",INDEX(Korpus!$B:$B,$A8)) | E8: =IF(INDEX(Korpus!$C:$C,$A8)="","",INDEX(Korpus!$C:$C,$A8)) | F8: =IF(INDEX(Korpus!$F:$F,$A8)="","",INDEX(Korpus!$F:$F,$A8)) | Y8: =IF(OR(M8="",S8=""),"",IF(M8=S8,"Sama","Beda")) | Z8: =IF(OR(N8="",T8=""),"",IF(N8=T8,"Sama","Beda")) | AA8: =IF(OR(O8="",U8=""),"",IF(O8=U8,"Sama","Beda")) | AB8: =IF(OR(P8="",V8=""),"",IF(P8=V8,"Sama","Beda")) | AC8: =IF(OR(Q8="",W8=""),"",IF(Q8=W8,"Sama","Beda")) | AD8: =IF(OR(R8="",X8=""),"",IF(R8=X8,"Sama","Beda")) | AE8: =COUNTIF(Y8:AD8,"Beda") -> 0 | AL8: =IF(AF8<>"",AF8,IF(AND(M8<>"",M8=S8),M8,"")) | AM8: =IF(AG8<>"",AG8,IF(AND(N8<>"",N8=T8),N8,"")) | AN8: =IF(AH8<>"",AH8,IF(AND(O8<>"",O8=U8),O8,"")) | AO8: =IF(AI8<>"",AI8,IF(AND(P8<>"",P8=V8),P8,"")) | AP8: =IF(AJ8<>"",AJ8,IF(AND(Q8<>"",Q8=W8),Q8,"")) | AQ8: =IF(AK8<>"",AK8,IF(AND(R8<>"",R8=X8),R8,"")) | AS8: =IF(COUNTA(M8:R8)+COUNTA(S8:X8)<12,"Menunggu coder",IF(AE8=0,"Sepakat",IF(SUMPRODUCT((Y8:AD8="Beda")*(AF8:AK8=""))=0,"Selesai adjudikasi","Perlu adjudikasi"))) -> Menunggu coder | AT8: =IF(COUNTIF(AL8:AQ8,"?*")<6,"",IF(IF(AND(AM8="R0",AQ8<>"K5"),"R0 harus K5; ","")&IF(AND(AM8="R1",AQ8="K3"),"R1 tidak boleh K3 (fungsional); ","")&IF(AND(AM8="R2",AQ8="K5"),"R2 tidak boleh K5; ","")&IF(AND(AM8="R2",OR(AL8="S6",AL8="S7",AL8="S8")),"R2 tidak boleh S6/S7/S8; ","")&IF(AND(AO8="P9",AN8<>"T17"),"P9 hanya dengan T17; ","")&IF(AND(OR(AN8="T17",AO8="P9"),AM8<>"R0"),"T17/P9 harus R0; ","")&IF(AND(AN8="T01",AO8<>"P6"),"T01 biasanya P6 (periksa); ","")&IF(AND(AO8="P1",AQ8<>"K4"),"P1 biasanya K4 (periksa); ","")="","OK",IF(AND(AM8="R0",AQ8<>"K5"),"R0 harus K5; ","")&IF(AND(AM8="R1",AQ8="K3"),"R1 tidak boleh K3 (fungsional); ","")&IF(AND(AM8="R2",AQ8="K5"),"R2 tidak boleh K5; ","")&IF(AND(AM8="R2",OR(AL8="S6",AL8="S7",AL8="S8")),"R2 tidak boleh S6/S7/S8; ","")&IF(AND(AO8="P9",AN8<>"T17"),"P9 hanya dengan T17; ","")&IF(AND(OR(AN8="T17",AO8="P9"),AM8<>"R0"),"T17/P9 harus R0; ","")&IF(AND(AN8="T01",AO8<>"P6"),"T01 biasanya P6 (periksa); ","")&IF(AND(AO8="P1",AQ8<>"K4"),"P1 biasanya K4 (periksa); ","")))
A9: 6 | B9: =IF(INDEX(Korpus!$A:$A,$A9)="","",INDEX(Korpus!$A:$A,$A9)) | C9: =TRIM(INDEX(Korpus!$D:$D,$A9)&" "&INDEX(Korpus!$E:$E,$A9)) | D9: =IF(INDEX(Korpus!$B:$B,$A9)="","",INDEX(Korpus!$B:$B,$A9)) | E9: =IF(INDEX(Korpus!$C:$C,$A9)="","",INDEX(Korpus!$C:$C,$A9)) | F9: =IF(INDEX(Korpus!$F:$F,$A9)="","",INDEX(Korpus!$F:$F,$A9)) | Y9: =IF(OR(M9="",S9=""),"",IF(M9=S9,"Sama","Beda")) | Z9: =IF(OR(N9="",T9=""),"",IF(N9=T9,"Sama","Beda")) | AA9: =IF(OR(O9="",U9=""),"",IF(O9=U9,"Sama","Beda")) | AB9: =IF(OR(P9="",V9=""),"",IF(P9=V9,"Sama","Beda")) | AC9: =IF(OR(Q9="",W9=""),"",IF(Q9=W9,"Sama","Beda")) | AD9: =IF(OR(R9="",X9=""),"",IF(R9=X9,"Sama","Beda")) | AE9: =COUNTIF(Y9:AD9,"Beda") -> 0 | AL9: =IF(AF9<>"",AF9,IF(AND(M9<>"",M9=S9),M9,"")) | AM9: =IF(AG9<>"",AG9,IF(AND(N9<>"",N9=T9),N9,"")) | AN9: =IF(AH9<>"",AH9,IF(AND(O9<>"",O9=U9),O9,"")) | AO9: =IF(AI9<>"",AI9,IF(AND(P9<>"",P9=V9),P9,"")) | AP9: =IF(AJ9<>"",AJ9,IF(AND(Q9<>"",Q9=W9),Q9,"")) | AQ9: =IF(AK9<>"",AK9,IF(AND(R9<>"",R9=X9),R9,"")) | AS9: =IF(COUNTA(M9:R9)+COUNTA(S9:X9)<12,"Menunggu coder",IF(AE9=0,"Sepakat",IF(SUMPRODUCT((Y9:AD9="Beda")*(AF9:AK9=""))=0,"Selesai adjudikasi","Perlu adjudikasi"))) -> Menunggu coder | AT9: =IF(COUNTIF(AL9:AQ9,"?*")<6,"",IF(IF(AND(AM9="R0",AQ9<>"K5"),"R0 harus K5; ","")&IF(AND(AM9="R1",AQ9="K3"),"R1 tidak boleh K3 (fungsional); ","")&IF(AND(AM9="R2",AQ9="K5"),"R2 tidak boleh K5; ","")&IF(AND(AM9="R2",OR(AL9="S6",AL9="S7",AL9="S8")),"R2 tidak boleh S6/S7/S8; ","")&IF(AND(AO9="P9",AN9<>"T17"),"P9 hanya dengan T17; ","")&IF(AND(OR(AN9="T17",AO9="P9"),AM9<>"R0"),"T17/P9 harus R0; ","")&IF(AND(AN9="T01",AO9<>"P6"),"T01 biasanya P6 (periksa); ","")&IF(AND(AO9="P1",AQ9<>"K4"),"P1 biasanya K4 (periksa); ","")="","OK",IF(AND(AM9="R0",AQ9<>"K5"),"R0 harus K5; ","")&IF(AND(AM9="R1",AQ9="K3"),"R1 tidak boleh K3 (fungsional); ","")&IF(AND(AM9="R2",AQ9="K5"),"R2 tidak boleh K5; ","")&IF(AND(AM9="R2",OR(AL9="S6",AL9="S7",AL9="S8")),"R2 tidak boleh S6/S7/S8; ","")&IF(AND(AO9="P9",AN9<>"T17"),"P9 hanya dengan T17; ","")&IF(AND(OR(AN9="T17",AO9="P9"),AM9<>"R0"),"T17/P9 harus R0; ","")&IF(AND(AN9="T01",AO9<>"P6"),"T01 biasanya P6 (periksa); ","")&IF(AND(AO9="P1",AQ9<>"K4"),"P1 biasanya K4 (periksa); ","")))
A10: 7 | B10: =IF(INDEX(Korpus!$A:$A,$A10)="","",INDEX(Korpus!$A:$A,$A10)) | C10: =TRIM(INDEX(Korpus!$D:$D,$A10)&" "&INDEX(Korpus!$E:$E,$A10)) | D10: =IF(INDEX(Korpus!$B:$B,$A10)="","",INDEX(Korpus!$B:$B,$A10)) | E10: =IF(INDEX(Korpus!$C:$C,$A10)="","",INDEX(Korpus!$C:$C,$A10)) | F10: =IF(INDEX(Korpus!$F:$F,$A10)="","",INDEX(Korpus!$F:$F,$A10)) | Y10: =IF(OR(M10="",S10=""),"",IF(M10=S10,"Sama","Beda")) | Z10: =IF(OR(N10="",T10=""),"",IF(N10=T10,"Sama","Beda")) | AA10: =IF(OR(O10="",U10=""),"",IF(O10=U10,"Sama","Beda")) | AB10: =IF(OR(P10="",V10=""),"",IF(P10=V10,"Sama","Beda")) | AC10: =IF(OR(Q10="",W10=""),"",IF(Q10=W10,"Sama","Beda")) | AD10: =IF(OR(R10="",X10=""),"",IF(R10=X10,"Sama","Beda")) | AE10: =COUNTIF(Y10:AD10,"Beda") -> 0 | AL10: =IF(AF10<>"",AF10,IF(AND(M10<>"",M10=S10),M10,"")) | AM10: =IF(AG10<>"",AG10,IF(AND(N10<>"",N10=T10),N10,"")) | AN10: =IF(AH10<>"",AH10,IF(AND(O10<>"",O10=U10),O10,"")) | AO10: =IF(AI10<>"",AI10,IF(AND(P10<>"",P10=V10),P10,"")) | AP10: =IF(AJ10<>"",AJ10,IF(AND(Q10<>"",Q10=W10),Q10,"")) | AQ10: =IF(AK10<>"",AK10,IF(AND(R10<>"",R10=X10),R10,"")) | AS10: =IF(COUNTA(M10:R10)+COUNTA(S10:X10)<12,"Menunggu coder",IF(AE10=0,"Sepakat",IF(SUMPRODUCT((Y10:AD10="Beda")*(AF10:AK10=""))=0,"Selesai adjudikasi","Perlu adjudikasi"))) -> Menunggu coder | AT10: =IF(COUNTIF(AL10:AQ10,"?*")<6,"",IF(IF(AND(AM10="R0",AQ10<>"K5"),"R0 harus K5; ","")&IF(AND(AM10="R1",AQ10="K3"),"R1 tidak boleh K3 (fungsional); ","")&IF(AND(AM10="R2",AQ10="K5"),"R2 tidak boleh K5; ","")&IF(AND(AM10="R2",OR(AL10="S6",AL10="S7",AL10="S8")),"R2 tidak boleh S6/S7/S8; ","")&IF(AND(AO10="P9",AN10<>"T17"),"P9 hanya dengan T17; ","")&IF(AND(OR(AN10="T17",AO10="P9"),AM10<>"R0"),"T17/P9 harus R0; ","")&IF(AND(AN10="T01",AO10<>"P6"),"T01 biasanya P6 (periksa); ","")&IF(AND(AO10="P1",AQ10<>"K4"),"P1 biasanya K4 (periksa); ","")="","OK",IF(AND(AM10="R0",AQ10<>"K5"),"R0 harus K5; ","")&IF(AND(AM10="R1",AQ10="K3"),"R1 tidak boleh K3 (fungsional); ","")&IF(AND(AM10="R2",AQ10="K5"),"R2 tidak boleh K5; ","")&IF(AND(AM10="R2",OR(AL10="S6",AL10="S7",AL10="S8")),"R2 tidak boleh S6/S7/S8; ","")&IF(AND(AO10="P9",AN10<>"T17"),"P9 hanya dengan T17; ","")&IF(AND(OR(AN10="T17",AO10="P9"),AM10<>"R0"),"T17/P9 harus R0; ","")&IF(AND(AN10="T01",AO10<>"P6"),"T01 biasanya P6 (periksa); ","")&IF(AND(AO10="P1",AQ10<>"K4"),"P1 biasanya K4 (periksa); ","")))
A11: 8 | B11: =IF(INDEX(Korpus!$A:$A,$A11)="","",INDEX(Korpus!$A:$A,$A11)) | C11: =TRIM(INDEX(Korpus!$D:$D,$A11)&" "&INDEX(Korpus!$E:$E,$A11)) | D11: =IF(INDEX(Korpus!$B:$B,$A11)="","",INDEX(Korpus!$B:$B,$A11)) | E11: =IF(INDEX(Korpus!$C:$C,$A11)="","",INDEX(Korpus!$C:$C,$A11)) | F11: =IF(INDEX(Korpus!$F:$F,$A11)="","",INDEX(Korpus!$F:$F,$A11)) | Y11: =IF(OR(M11="",S11=""),"",IF(M11=S11,"Sama","Beda")) | Z11: =IF(OR(N11="",T11=""),"",IF(N11=T11,"Sama","Beda")) | AA11: =IF(OR(O11="",U11=""),"",IF(O11=U11,"Sama","Beda")) | AB11: =IF(OR(P11="",V11=""),"",IF(P11=V11,"Sama","Beda")) | AC11: =IF(OR(Q11="",W11=""),"",IF(Q11=W11,"Sama","Beda")) | AD11: =IF(OR(R11="",X11=""),"",IF(R11=X11,"Sama","Beda")) | AE11: =COUNTIF(Y11:AD11,"Beda") -> 0 | AL11: =IF(AF11<>"",AF11,IF(AND(M11<>"",M11=S11),M11,"")) | AM11: =IF(AG11<>"",AG11,IF(AND(N11<>"",N11=T11),N11,"")) | AN11: =IF(AH11<>"",AH11,IF(AND(O11<>"",O11=U11),O11,"")) | AO11: =IF(AI11<>"",AI11,IF(AND(P11<>"",P11=V11),P11,"")) | AP11: =IF(AJ11<>"",AJ11,IF(AND(Q11<>"",Q11=W11),Q11,"")) | AQ11: =IF(AK11<>"",AK11,IF(AND(R11<>"",R11=X11),R11,"")) | AS11: =IF(COUNTA(M11:R11)+COUNTA(S11:X11)<12,"Menunggu coder",IF(AE11=0,"Sepakat",IF(SUMPRODUCT((Y11:AD11="Beda")*(AF11:AK11=""))=0,"Selesai adjudikasi","Perlu adjudikasi"))) -> Menunggu coder | AT11: =IF(COUNTIF(AL11:AQ11,"?*")<6,"",IF(IF(AND(AM11="R0",AQ11<>"K5"),"R0 harus K5; ","")&IF(AND(AM11="R1",AQ11="K3"),"R1 tidak boleh K3 (fungsional); ","")&IF(AND(AM11="R2",AQ11="K5"),"R2 tidak boleh K5; ","")&IF(AND(AM11="R2",OR(AL11="S6",AL11="S7",AL11="S8")),"R2 tidak boleh S6/S7/S8; ","")&IF(AND(AO11="P9",AN11<>"T17"),"P9 hanya dengan T17; ","")&IF(AND(OR(AN11="T17",AO11="P9"),AM11<>"R0"),"T17/P9 harus R0; ","")&IF(AND(AN11="T01",AO11<>"P6"),"T01 biasanya P6 (periksa); ","")&IF(AND(AO11="P1",AQ11<>"K4"),"P1 biasanya K4 (periksa); ","")="","OK",IF(AND(AM11="R0",AQ11<>"K5"),"R0 harus K5; ","")&IF(AND(AM11="R1",AQ11="K3"),"R1 tidak boleh K3 (fungsional); ","")&IF(AND(AM11="R2",AQ11="K5"),"R2 tidak boleh K5; ","")&IF(AND(AM11="R2",OR(AL11="S6",AL11="S7",AL11="S8")),"R2 tidak boleh S6/S7/S8; ","")&IF(AND(AO11="P9",AN11<>"T17"),"P9 hanya dengan T17; ","")&IF(AND(OR(AN11="T17",AO11="P9"),AM11<>"R0"),"T17/P9 harus R0; ","")&IF(AND(AN11="T01",AO11<>"P6"),"T01 biasanya P6 (periksa); ","")&IF(AND(AO11="P1",AQ11<>"K4"),"P1 biasanya K4 (periksa); ","")))
A12: 9 | B12: =IF(INDEX(Korpus!$A:$A,$A12)="","",INDEX(Korpus!$A:$A,$A12)) | C12: =TRIM(INDEX(Korpus!$D:$D,$A12)&" "&INDEX(Korpus!$E:$E,$A12)) | D12: =IF(INDEX(Korpus!$B:$B,$A12)="","",INDEX(Korpus!$B:$B,$A12)) | E12: =IF(INDEX(Korpus!$C:$C,$A12)="","",INDEX(Korpus!$C:$C,$A12)) | F12: =IF(INDEX(Korpus!$F:$F,$A12)="","",INDEX(Korpus!$F:$F,$A12)) | Y12: =IF(OR(M12="",S12=""),"",IF(M12=S12,"Sama","Beda")) | Z12: =IF(OR(N12="",T12=""),"",IF(N12=T12,"Sama","Beda")) | AA12: =IF(OR(O12="",U12=""),"",IF(O12=U12,"Sama","Beda")) | AB12: =IF(OR(P12="",V12=""),"",IF(P12=V12,"Sama","Beda")) | AC12: =IF(OR(Q12="",W12=""),"",IF(Q12=W12,"Sama","Beda")) | AD12: =IF(OR(R12="",X12=""),"",IF(R12=X12,"Sama","Beda")) | AE12: =COUNTIF(Y12:AD12,"Beda") -> 0 | AL12: =IF(AF12<>"",AF12,IF(AND(M12<>"",M12=S12),M12,"")) | AM12: =IF(AG12<>"",AG12,IF(AND(N12<>"",N12=T12),N12,"")) | AN12: =IF(AH12<>"",AH12,IF(AND(O12<>"",O12=U12),O12,"")) | AO12: =IF(AI12<>"",AI12,IF(AND(P12<>"",P12=V12),P12,"")) | AP12: =IF(AJ12<>"",AJ12,IF(AND(Q12<>"",Q12=W12),Q12,"")) | AQ12: =IF(AK12<>"",AK12,IF(AND(R12<>"",R12=X12),R12,"")) | AS12: =IF(COUNTA(M12:R12)+COUNTA(S12:X12)<12,"Menunggu coder",IF(AE12=0,"Sepakat",IF(SUMPRODUCT((Y12:AD12="Beda")*(AF12:AK12=""))=0,"Selesai adjudikasi","Perlu adjudikasi"))) -> Menunggu coder | AT12: =IF(COUNTIF(AL12:AQ12,"?*")<6,"",IF(IF(AND(AM12="R0",AQ12<>"K5"),"R0 harus K5; ","")&IF(AND(AM12="R1",AQ12="K3"),"R1 tidak boleh K3 (fungsional); ","")&IF(AND(AM12="R2",AQ12="K5"),"R2 tidak boleh K5; ","")&IF(AND(AM12="R2",OR(AL12="S6",AL12="S7",AL12="S8")),"R2 tidak boleh S6/S7/S8; ","")&IF(AND(AO12="P9",AN12<>"T17"),"P9 hanya dengan T17; ","")&IF(AND(OR(AN12="T17",AO12="P9"),AM12<>"R0"),"T17/P9 harus R0; ","")&IF(AND(AN12="T01",AO12<>"P6"),"T01 biasanya P6 (periksa); ","")&IF(AND(AO12="P1",AQ12<>"K4"),"P1 biasanya K4 (periksa); ","")="","OK",IF(AND(AM12="R0",AQ12<>"K5"),"R0 harus K5; ","")&IF(AND(AM12="R1",AQ12="K3"),"R1 tidak boleh K3 (fungsional); ","")&IF(AND(AM12="R2",AQ12="K5"),"R2 tidak boleh K5; ","")&IF(AND(AM12="R2",OR(AL12="S6",AL12="S7",AL12="S8")),"R2 tidak boleh S6/S7/S8; ","")&IF(AND(AO12="P9",AN12<>"T17"),"P9 hanya dengan T17; ","")&IF(AND(OR(AN12="T17",AO12="P9"),AM12<>"R0"),"T17/P9 harus R0; ","")&IF(AND(AN12="T01",AO12<>"P6"),"T01 biasanya P6 (periksa); ","")&IF(AND(AO12="P1",AQ12<>"K4"),"P1 biasanya K4 (periksa); ","")))
A13: 10 | B13: =IF(INDEX(Korpus!$A:$A,$A13)="","",INDEX(Korpus!$A:$A,$A13)) | C13: =TRIM(INDEX(Korpus!$D:$D,$A13)&" "&INDEX(Korpus!$E:$E,$A13)) | D13: =IF(INDEX(Korpus!$B:$B,$A13)="","",INDEX(Korpus!$B:$B,$A13)) | E13: =IF(INDEX(Korpus!$C:$C,$A13)="","",INDEX(Korpus!$C:$C,$A13)) | F13: =IF(INDEX(Korpus!$F:$F,$A13)="","",INDEX(Korpus!$F:$F,$A13)) | Y13: =IF(OR(M13="",S13=""),"",IF(M13=S13,"Sama","Beda")) | Z13: =IF(OR(N13="",T13=""),"",IF(N13=T13,"Sama","Beda")) | AA13: =IF(OR(O13="",U13=""),"",IF(O13=U13,"Sama","Beda")) | AB13: =IF(OR(P13="",V13=""),"",IF(P13=V13,"Sama","Beda")) | AC13: =IF(OR(Q13="",W13=""),"",IF(Q13=W13,"Sama","Beda")) | AD13: =IF(OR(R13="",X13=""),"",IF(R13=X13,"Sama","Beda")) | AE13: =COUNTIF(Y13:AD13,"Beda") -> 0 | AL13: =IF(AF13<>"",AF13,IF(AND(M13<>"",M13=S13),M13,"")) | AM13: =IF(AG13<>"",AG13,IF(AND(N13<>"",N13=T13),N13,"")) | AN13: =IF(AH13<>"",AH13,IF(AND(O13<>"",O13=U13),O13,"")) | AO13: =IF(AI13<>"",AI13,IF(AND(P13<>"",P13=V13),P13,"")) | AP13: =IF(AJ13<>"",AJ13,IF(AND(Q13<>"",Q13=W13),Q13,"")) | AQ13: =IF(AK13<>"",AK13,IF(AND(R13<>"",R13=X13),R13,"")) | AS13: =IF(COUNTA(M13:R13)+COUNTA(S13:X13)<12,"Menunggu coder",IF(AE13=0,"Sepakat",IF(SUMPRODUCT((Y13:AD13="Beda")*(AF13:AK13=""))=0,"Selesai adjudikasi","Perlu adjudikasi"))) -> Menunggu coder | AT13: =IF(COUNTIF(AL13:AQ13,"?*")<6,"",IF(IF(AND(AM13="R0",AQ13<>"K5"),"R0 harus K5; ","")&IF(AND(AM13="R1",AQ13="K3"),"R1 tidak boleh K3 (fungsional); ","")&IF(AND(AM13="R2",AQ13="K5"),"R2 tidak boleh K5; ","")&IF(AND(AM13="R2",OR(AL13="S6",AL13="S7",AL13="S8")),"R2 tidak boleh S6/S7/S8; ","")&IF(AND(AO13="P9",AN13<>"T17"),"P9 hanya dengan T17; ","")&IF(AND(OR(AN13="T17",AO13="P9"),AM13<>"R0"),"T17/P9 harus R0; ","")&IF(AND(AN13="T01",AO13<>"P6"),"T01 biasanya P6 (periksa); ","")&IF(AND(AO13="P1",AQ13<>"K4"),"P1 biasanya K4 (periksa); ","")="","OK",IF(AND(AM13="R0",AQ13<>"K5"),"R0 harus K5; ","")&IF(AND(AM13="R1",AQ13="K3"),"R1 tidak boleh K3 (fungsional); ","")&IF(AND(AM13="R2",AQ13="K5"),"R2 tidak boleh K5; ","")&IF(AND(AM13="R2",OR(AL13="S6",AL13="S7",AL13="S8")),"R2 tidak boleh S6/S7/S8; ","")&IF(AND(AO13="P9",AN13<>"T17"),"P9 hanya dengan T17; ","")&IF(AND(OR(AN13="T17",AO13="P9"),AM13<>"R0"),"T17/P9 harus R0; ","")&IF(AND(AN13="T01",AO13<>"P6"),"T01 biasanya P6 (periksa); ","")&IF(AND(AO13="P1",AQ13<>"K4"),"P1 biasanya K4 (periksa); ","")))
A14: 11 | B14: =IF(INDEX(Korpus!$A:$A,$A14)="","",INDEX(Korpus!$A:$A,$A14)) | C14: =TRIM(INDEX(Korpus!$D:$D,$A14)&" "&INDEX(Korpus!$E:$E,$A14)) | D14: =IF(INDEX(Korpus!$B:$B,$A14)="","",INDEX(Korpus!$B:$B,$A14)) | E14: =IF(INDEX(Korpus!$C:$C,$A14)="","",INDEX(Korpus!$C:$C,$A14)) | F14: =IF(INDEX(Korpus!$F:$F,$A14)="","",INDEX(Korpus!$F:$F,$A14)) | Y14: =IF(OR(M14="",S14=""),"",IF(M14=S14,"Sama","Beda")) | Z14: =IF(OR(N14="",T14=""),"",IF(N14=T14,"Sama","Beda")) | AA14: =IF(OR(O14="",U14=""),"",IF(O14=U14,"Sama","Beda")) | AB14: =IF(OR(P14="",V14=""),"",IF(P14=V14,"Sama","Beda")) | AC14: =IF(OR(Q14="",W14=""),"",IF(Q14=W14,"Sama","Beda")) | AD14: =IF(OR(R14="",X14=""),"",IF(R14=X14,"Sama","Beda")) | AE14: =COUNTIF(Y14:AD14,"Beda") -> 0 | AL14: =IF(AF14<>"",AF14,IF(AND(M14<>"",M14=S14),M14,"")) | AM14: =IF(AG14<>"",AG14,IF(AND(N14<>"",N14=T14),N14,"")) | AN14: =IF(AH14<>"",AH14,IF(AND(O14<>"",O14=U14),O14,"")) | AO14: =IF(AI14<>"",AI14,IF(AND(P14<>"",P14=V14),P14,"")) | AP14: =IF(AJ14<>"",AJ14,IF(AND(Q14<>"",Q14=W14),Q14,"")) | AQ14: =IF(AK14<>"",AK14,IF(AND(R14<>"",R14=X14),R14,"")) | AS14: =IF(COUNTA(M14:R14)+COUNTA(S14:X14)<12,"Menunggu coder",IF(AE14=0,"Sepakat",IF(SUMPRODUCT((Y14:AD14="Beda")*(AF14:AK14=""))=0,"Selesai adjudikasi","Perlu adjudikasi"))) -> Menunggu coder | AT14: =IF(COUNTIF(AL14:AQ14,"?*")<6,"",IF(IF(AND(AM14="R0",AQ14<>"K5"),"R0 harus K5; ","")&IF(AND(AM14="R1",AQ14="K3"),"R1 tidak boleh K3 (fungsional); ","")&IF(AND(AM14="R2",AQ14="K5"),"R2 tidak boleh K5; ","")&IF(AND(AM14="R2",OR(AL14="S6",AL14="S7",AL14="S8")),"R2 tidak boleh S6/S7/S8; ","")&IF(AND(AO14="P9",AN14<>"T17"),"P9 hanya dengan T17; ","")&IF(AND(OR(AN14="T17",AO14="P9"),AM14<>"R0"),"T17/P9 harus R0; ","")&IF(AND(AN14="T01",AO14<>"P6"),"T01 biasanya P6 (periksa); ","")&IF(AND(AO14="P1",AQ14<>"K4"),"P1 biasanya K4 (periksa); ","")="","OK",IF(AND(AM14="R0",AQ14<>"K5"),"R0 harus K5; ","")&IF(AND(AM14="R1",AQ14="K3"),"R1 tidak boleh K3 (fungsional); ","")&IF(AND(AM14="R2",AQ14="K5"),"R2 tidak boleh K5; ","")&IF(AND(AM14="R2",OR(AL14="S6",AL14="S7",AL14="S8")),"R2 tidak boleh S6/S7/S8; ","")&IF(AND(AO14="P9",AN14<>"T17"),"P9 hanya dengan T17; ","")&IF(AND(OR(AN14="T17",AO14="P9"),AM14<>"R0"),"T17/P9 harus R0; ","")&IF(AND(AN14="T01",AO14<>"P6"),"T01 biasanya P6 (periksa); ","")&IF(AND(AO14="P1",AQ14<>"K4"),"P1 biasanya K4 (periksa); ","")))
A15: 12 | B15: =IF(INDEX(Korpus!$A:$A,$A15)="","",INDEX(Korpus!$A:$A,$A15)) | C15: =TRIM(INDEX(Korpus!$D:$D,$A15)&" "&INDEX(Korpus!$E:$E,$A15)) | D15: =IF(INDEX(Korpus!$B:$B,$A15)="","",INDEX(Korpus!$B:$B,$A15)) | E15: =IF(INDEX(Korpus!$C:$C,$A15)="","",INDEX(Korpus!$C:$C,$A15)) | F15: =IF(INDEX(Korpus!$F:$F,$A15)="","",INDEX(Korpus!$F:$F,$A15)) | Y15: =IF(OR(M15="",S15=""),"",IF(M15=S15,"Sama","Beda")) | Z15: =IF(OR(N15="",T15=""),"",IF(N15=T15,"Sama","Beda")) | AA15: =IF(OR(O15="",U15=""),"",IF(O15=U15,"Sama","Beda")) | AB15: =IF(OR(P15="",V15=""),"",IF(P15=V15,"Sama","Beda")) | AC15: =IF(OR(Q15="",W15=""),"",IF(Q15=W15,"Sama","Beda")) | AD15: =IF(OR(R15="",X15=""),"",IF(R15=X15,"Sama","Beda")) | AE15: =COUNTIF(Y15:AD15,"Beda") -> 0 | AL15: =IF(AF15<>"",AF15,IF(AND(M15<>"",M15=S15),M15,"")) | AM15: =IF(AG15<>"",AG15,IF(AND(N15<>"",N15=T15),N15,"")) | AN15: =IF(AH15<>"",AH15,IF(AND(O15<>"",O15=U15),O15,"")) | AO15: =IF(AI15<>"",AI15,IF(AND(P15<>"",P15=V15),P15,"")) | AP15: =IF(AJ15<>"",AJ15,IF(AND(Q15<>"",Q15=W15),Q15,"")) | AQ15: =IF(AK15<>"",AK15,IF(AND(R15<>"",R15=X15),R15,"")) | AS15: =IF(COUNTA(M15:R15)+COUNTA(S15:X15)<12,"Menunggu coder",IF(AE15=0,"Sepakat",IF(SUMPRODUCT((Y15:AD15="Beda")*(AF15:AK15=""))=0,"Selesai adjudikasi","Perlu adjudikasi"))) -> Menunggu coder | AT15: =IF(COUNTIF(AL15:AQ15,"?*")<6,"",IF(IF(AND(AM15="R0",AQ15<>"K5"),"R0 harus K5; ","")&IF(AND(AM15="R1",AQ15="K3"),"R1 tidak boleh K3 (fungsional); ","")&IF(AND(AM15="R2",AQ15="K5"),"R2 tidak boleh K5; ","")&IF(AND(AM15="R2",OR(AL15="S6",AL15="S7",AL15="S8")),"R2 tidak boleh S6/S7/S8; ","")&IF(AND(AO15="P9",AN15<>"T17"),"P9 hanya dengan T17; ","")&IF(AND(OR(AN15="T17",AO15="P9"),AM15<>"R0"),"T17/P9 harus R0; ","")&IF(AND(AN15="T01",AO15<>"P6"),"T01 biasanya P6 (periksa); ","")&IF(AND(AO15="P1",AQ15<>"K4"),"P1 biasanya K4 (periksa); ","")="","OK",IF(AND(AM15="R0",AQ15<>"K5"),"R0 harus K5; ","")&IF(AND(AM15="R1",AQ15="K3"),"R1 tidak boleh K3 (fungsional); ","")&IF(AND(AM15="R2",AQ15="K5"),"R2 tidak boleh K5; ","")&IF(AND(AM15="R2",OR(AL15="S6",AL15="S7",AL15="S8")),"R2 tidak boleh S6/S7/S8; ","")&IF(AND(AO15="P9",AN15<>"T17"),"P9 hanya dengan T17; ","")&IF(AND(OR(AN15="T17",AO15="P9"),AM15<>"R0"),"T17/P9 harus R0; ","")&IF(AND(AN15="T01",AO15<>"P6"),"T01 biasanya P6 (periksa); ","")&IF(AND(AO15="P1",AQ15<>"K4"),"P1 biasanya K4 (periksa); ","")))
A16: 13 | B16: =IF(INDEX(Korpus!$A:$A,$A16)="","",INDEX(Korpus!$A:$A,$A16)) | C16: =TRIM(INDEX(Korpus!$D:$D,$A16)&" "&INDEX(Korpus!$E:$E,$A16)) | D16: =IF(INDEX(Korpus!$B:$B,$A16)="","",INDEX(Korpus!$B:$B,$A16)) | E16: =IF(INDEX(Korpus!$C:$C,$A16)="","",INDEX(Korpus!$C:$C,$A16)) | F16: =IF(INDEX(Korpus!$F:$F,$A16)="","",INDEX(Korpus!$F:$F,$A16)) | Y16: =IF(OR(M16="",S16=""),"",IF(M16=S16,"Sama","Beda")) | Z16: =IF(OR(N16="",T16=""),"",IF(N16=T16,"Sama","Beda")) | AA16: =IF(OR(O16="",U16=""),"",IF(O16=U16,"Sama","Beda")) | AB16: =IF(OR(P16="",V16=""),"",IF(P16=V16,"Sama","Beda")) | AC16: =IF(OR(Q16="",W16=""),"",IF(Q16=W16,"Sama","Beda")) | AD16: =IF(OR(R16="",X16=""),"",IF(R16=X16,"Sama","Beda")) | AE16: =COUNTIF(Y16:AD16,"Beda") -> 0 | AL16: =IF(AF16<>"",AF16,IF(AND(M16<>"",M16=S16),M16,"")) | AM16: =IF(AG16<>"",AG16,IF(AND(N16<>"",N16=T16),N16,"")) | AN16: =IF(AH16<>"",AH16,IF(AND(O16<>"",O16=U16),O16,"")) | AO16: =IF(AI16<>"",AI16,IF(AND(P16<>"",P16=V16),P16,"")) | AP16: =IF(AJ16<>"",AJ16,IF(AND(Q16<>"",Q16=W16),Q16,"")) | AQ16: =IF(AK16<>"",AK16,IF(AND(R16<>"",R16=X16),R16,"")) | AS16: =IF(COUNTA(M16:R16)+COUNTA(S16:X16)<12,"Menunggu coder",IF(AE16=0,"Sepakat",IF(SUMPRODUCT((Y16:AD16="Beda")*(AF16:AK16=""))=0,"Selesai adjudikasi","Perlu adjudikasi"))) -> Menunggu coder | AT16: =IF(COUNTIF(AL16:AQ16,"?*")<6,"",IF(IF(AND(AM16="R0",AQ16<>"K5"),"R0 harus K5; ","")&IF(AND(AM16="R1",AQ16="K3"),"R1 tidak boleh K3 (fungsional); ","")&IF(AND(AM16="R2",AQ16="K5"),"R2 tidak boleh K5; ","")&IF(AND(AM16="R2",OR(AL16="S6",AL16="S7",AL16="S8")),"R2 tidak boleh S6/S7/S8; ","")&IF(AND(AO16="P9",AN16<>"T17"),"P9 hanya dengan T17; ","")&IF(AND(OR(AN16="T17",AO16="P9"),AM16<>"R0"),"T17/P9 harus R0; ","")&IF(AND(AN16="T01",AO16<>"P6"),"T01 biasanya P6 (periksa); ","")&IF(AND(AO16="P1",AQ16<>"K4"),"P1 biasanya K4 (periksa); ","")="","OK",IF(AND(AM16="R0",AQ16<>"K5"),"R0 harus K5; ","")&IF(AND(AM16="R1",AQ16="K3"),"R1 tidak boleh K3 (fungsional); ","")&IF(AND(AM16="R2",AQ16="K5"),"R2 tidak boleh K5; ","")&IF(AND(AM16="R2",OR(AL16="S6",AL16="S7",AL16="S8")),"R2 tidak boleh S6/S7/S8; ","")&IF(AND(AO16="P9",AN16<>"T17"),"P9 hanya dengan T17; ","")&IF(AND(OR(AN16="T17",AO16="P9"),AM16<>"R0"),"T17/P9 harus R0; ","")&IF(AND(AN16="T01",AO16<>"P6"),"T01 biasanya P6 (periksa); ","")&IF(AND(AO16="P1",AQ16<>"K4"),"P1 biasanya K4 (periksa); ","")))
A17: 14 | B17: =IF(INDEX(Korpus!$A:$A,$A17)="","",INDEX(Korpus!$A:$A,$A17)) | C17: =TRIM(INDEX(Korpus!$D:$D,$A17)&" "&INDEX(Korpus!$E:$E,$A17)) | D17: =IF(INDEX(Korpus!$B:$B,$A17)="","",INDEX(Korpus!$B:$B,$A17)) | E17: =IF(INDEX(Korpus!$C:$C,$A17)="","",INDEX(Korpus!$C:$C,$A17)) | F17: =IF(INDEX(Korpus!$F:$F,$A17)="","",INDEX(Korpus!$F:$F,$A17)) | Y17: =IF(OR(M17="",S17=""),"",IF(M17=S17,"Sama","Beda")) | Z17: =IF(OR(N17="",T17=""),"",IF(N17=T17,"Sama","Beda")) | AA17: =IF(OR(O17="",U17=""),"",IF(O17=U17,"Sama","Beda")) | AB17: =IF(OR(P17="",V17=""),"",IF(P17=V17,"Sama","Beda")) | AC17: =IF(OR(Q17="",W17=""),"",IF(Q17=W17,"Sama","Beda")) | AD17: =IF(OR(R17="",X17=""),"",IF(R17=X17,"Sama","Beda")) | AE17: =COUNTIF(Y17:AD17,"Beda") -> 0 | AL17: =IF(AF17<>"",AF17,IF(AND(M17<>"",M17=S17),M17,"")) | AM17: =IF(AG17<>"",AG17,IF(AND(N17<>"",N17=T17),N17,"")) | AN17: =IF(AH17<>"",AH17,IF(AND(O17<>"",O17=U17),O17,"")) | AO17: =IF(AI17<>"",AI17,IF(AND(P17<>"",P17=V17),P17,"")) | AP17: =IF(AJ17<>"",AJ17,IF(AND(Q17<>"",Q17=W17),Q17,"")) | AQ17: =IF(AK17<>"",AK17,IF(AND(R17<>"",R17=X17),R17,"")) | AS17: =IF(COUNTA(M17:R17)+COUNTA(S17:X17)<12,"Menunggu coder",IF(AE17=0,"Sepakat",IF(SUMPRODUCT((Y17:AD17="Beda")*(AF17:AK17=""))=0,"Selesai adjudikasi","Perlu adjudikasi"))) -> Menunggu coder | AT17: =IF(COUNTIF(AL17:AQ17,"?*")<6,"",IF(IF(AND(AM17="R0",AQ17<>"K5"),"R0 harus K5; ","")&IF(AND(AM17="R1",AQ17="K3"),"R1 tidak boleh K3 (fungsional); ","")&IF(AND(AM17="R2",AQ17="K5"),"R2 tidak boleh K5; ","")&IF(AND(AM17="R2",OR(AL17="S6",AL17="S7",AL17="S8")),"R2 tidak boleh S6/S7/S8; ","")&IF(AND(AO17="P9",AN17<>"T17"),"P9 hanya dengan T17; ","")&IF(AND(OR(AN17="T17",AO17="P9"),AM17<>"R0"),"T17/P9 harus R0; ","")&IF(AND(AN17="T01",AO17<>"P6"),"T01 biasanya P6 (periksa); ","")&IF(AND(AO17="P1",AQ17<>"K4"),"P1 biasanya K4 (periksa); ","")="","OK",IF(AND(AM17="R0",AQ17<>"K5"),"R0 harus K5; ","")&IF(AND(AM17="R1",AQ17="K3"),"R1 tidak boleh K3 (fungsional); ","")&IF(AND(AM17="R2",AQ17="K5"),"R2 tidak boleh K5; ","")&IF(AND(AM17="R2",OR(AL17="S6",AL17="S7",AL17="S8")),"R2 tidak boleh S6/S7/S8; ","")&IF(AND(AO17="P9",AN17<>"T17"),"P9 hanya dengan T17; ","")&IF(AND(OR(AN17="T17",AO17="P9"),AM17<>"R0"),"T17/P9 harus R0; ","")&IF(AND(AN17="T01",AO17<>"P6"),"T01 biasanya P6 (periksa); ","")&IF(AND(AO17="P1",AQ17<>"K4"),"P1 biasanya K4 (periksa); ","")))
A18: 15 | B18: =IF(INDEX(Korpus!$A:$A,$A18)="","",INDEX(Korpus!$A:$A,$A18)) | C18: =TRIM(INDEX(Korpus!$D:$D,$A18)&" "&INDEX(Korpus!$E:$E,$A18)) | D18: =IF(INDEX(Korpus!$B:$B,$A18)="","",INDEX(Korpus!$B:$B,$A18)) | E18: =IF(INDEX(Korpus!$C:$C,$A18)="","",INDEX(Korpus!$C:$C,$A18)) | F18: =IF(INDEX(Korpus!$F:$F,$A18)="","",INDEX(Korpus!$F:$F,$A18)) | G18: S9 | H18: R0 | I18: T17 | J18: P9 | K18: F8 | L18: K5 | Y18: =IF(OR(M18="",S18=""),"",IF(M18=S18,"Sama","Beda")) | Z18: =IF(OR(N18="",T18=""),"",IF(N18=T18,"Sama","Beda")) | AA18: =IF(OR(O18="",U18=""),"",IF(O18=U18,"Sama","Beda")) | AB18: =IF(OR(P18="",V18=""),"",IF(P18=V18,"Sama","Beda")) | AC18: =IF(OR(Q18="",W18=""),"",IF(Q18=W18,"Sama","Beda")) | AD18: =IF(OR(R18="",X18=""),"",IF(R18=X18,"Sama","Beda")) | AE18: =COUNTIF(Y18:AD18,"Beda") -> 0 | AL18: =IF(AF18<>"",AF18,IF(AND(M18<>"",M18=S18),M18,"")) | AM18: =IF(AG18<>"",AG18,IF(AND(N18<>"",N18=T18),N18,"")) | AN18: =IF(AH18<>"",AH18,IF(AND(O18<>"",O18=U18),O18,"")) | AO18: =IF(AI18<>"",AI18,IF(AND(P18<>"",P18=V18),P18,"")) | AP18: =IF(AJ18<>"",AJ18,IF(AND(Q18<>"",Q18=W18),Q18,"")) | AQ18: =IF(AK18<>"",AK18,IF(AND(R18<>"",R18=X18),R18,"")) | AS18: =IF(COUNTA(M18:R18)+COUNTA(S18:X18)<12,"Menunggu coder",IF(AE18=0,"Sepakat",IF(SUMPRODUCT((Y18:AD18="Beda")*(AF18:AK18=""))=0,"Selesai adjudikasi","Perlu adjudikasi"))) -> Menunggu coder | AT18: =IF(COUNTIF(AL18:AQ18,"?*")<6,"",IF(IF(AND(AM18="R0",AQ18<>"K5"),"R0 harus K5; ","")&IF(AND(AM18="R1",AQ18="K3"),"R1 tidak boleh K3 (fungsional); ","")&IF(AND(AM18="R2",AQ18="K5"),"R2 tidak boleh K5; ","")&IF(AND(AM18="R2",OR(AL18="S6",AL18="S7",AL18="S8")),"R2 tidak boleh S6/S7/S8; ","")&IF(AND(AO18="P9",AN18<>"T17"),"P9 hanya dengan T17; ","")&IF(AND(OR(AN18="T17",AO18="P9"),AM18<>"R0"),"T17/P9 harus R0; ","")&IF(AND(AN18="T01",AO18<>"P6"),"T01 biasanya P6 (periksa); ","")&IF(AND(AO18="P1",AQ18<>"K4"),"P1 biasanya K4 (periksa); ","")="","OK",IF(AND(AM18="R0",AQ18<>"K5"),"R0 harus K5; ","")&IF(AND(AM18="R1",AQ18="K3"),"R1 tidak boleh K3 (fungsional); ","")&IF(AND(AM18="R2",AQ18="K5"),"R2 tidak boleh K5; ","")&IF(AND(AM18="R2",OR(AL18="S6",AL18="S7",AL18="S8")),"R2 tidak boleh S6/S7/S8; ","")&IF(AND(AO18="P9",AN18<>"T17"),"P9 hanya dengan T17; ","")&IF(AND(OR(AN18="T17",AO18="P9"),AM18<>"R0"),"T17/P9 harus R0; ","")&IF(AND(AN18="T01",AO18<>"P6"),"T01 biasanya P6 (periksa); ","")&IF(AND(AO18="P1",AQ18<>"K4"),"P1 biasanya K4 (periksa); ","")))
A19: 16 | B19: =IF(INDEX(Korpus!$A:$A,$A19)="","",INDEX(Korpus!$A:$A,$A19)) | C19: =TRIM(INDEX(Korpus!$D:$D,$A19)&" "&INDEX(Korpus!$E:$E,$A19)) | D19: =IF(INDEX(Korpus!$B:$B,$A19)="","",INDEX(Korpus!$B:$B,$A19)) | E19: =IF(INDEX(Korpus!$C:$C,$A19)="","",INDEX(Korpus!$C:$C,$A19)) | F19: =IF(INDEX(Korpus!$F:$F,$A19)="","",INDEX(Korpus!$F:$F,$A19)) | Y19: =IF(OR(M19="",S19=""),"",IF(M19=S19,"Sama","Beda")) | Z19: =IF(OR(N19="",T19=""),"",IF(N19=T19,"Sama","Beda")) | AA19: =IF(OR(O19="",U19=""),"",IF(O19=U19,"Sama","Beda")) | AB19: =IF(OR(P19="",V19=""),"",IF(P19=V19,"Sama","Beda")) | AC19: =IF(OR(Q19="",W19=""),"",IF(Q19=W19,"Sama","Beda")) | AD19: =IF(OR(R19="",X19=""),"",IF(R19=X19,"Sama","Beda")) | AE19: =COUNTIF(Y19:AD19,"Beda") -> 0 | AL19: =IF(AF19<>"",AF19,IF(AND(M19<>"",M19=S19),M19,"")) | AM19: =IF(AG19<>"",AG19,IF(AND(N19<>"",N19=T19),N19,"")) | AN19: =IF(AH19<>"",AH19,IF(AND(O19<>"",O19=U19),O19,"")) | AO19: =IF(AI19<>"",AI19,IF(AND(P19<>"",P19=V19),P19,"")) | AP19: =IF(AJ19<>"",AJ19,IF(AND(Q19<>"",Q19=W19),Q19,"")) | AQ19: =IF(AK19<>"",AK19,IF(AND(R19<>"",R19=X19),R19,"")) | AS19: =IF(COUNTA(M19:R19)+COUNTA(S19:X19)<12,"Menunggu coder",IF(AE19=0,"Sepakat",IF(SUMPRODUCT((Y19:AD19="Beda")*(AF19:AK19=""))=0,"Selesai adjudikasi","Perlu adjudikasi"))) -> Menunggu coder | AT19: =IF(COUNTIF(AL19:AQ19,"?*")<6,"",IF(IF(AND(AM19="R0",AQ19<>"K5"),"R0 harus K5; ","")&IF(AND(AM19="R1",AQ19="K3"),"R1 tidak boleh K3 (fungsional); ","")&IF(AND(AM19="R2",AQ19="K5"),"R2 tidak boleh K5; ","")&IF(AND(AM19="R2",OR(AL19="S6",AL19="S7",AL19="S8")),"R2 tidak boleh S6/S7/S8; ","")&IF(AND(AO19="P9",AN19<>"T17"),"P9 hanya dengan T17; ","")&IF(AND(OR(AN19="T17",AO19="P9"),AM19<>"R0"),"T17/P9 harus R0; ","")&IF(AND(AN19="T01",AO19<>"P6"),"T01 biasanya P6 (periksa); ","")&IF(AND(AO19="P1",AQ19<>"K4"),"P1 biasanya K4 (periksa); ","")="","OK",IF(AND(AM19="R0",AQ19<>"K5"),"R0 harus K5; ","")&IF(AND(AM19="R1",AQ19="K3"),"R1 tidak boleh K3 (fungsional); ","")&IF(AND(AM19="R2",AQ19="K5"),"R2 tidak boleh K5; ","")&IF(AND(AM19="R2",OR(AL19="S6",AL19="S7",AL19="S8")),"R2 tidak boleh S6/S7/S8; ","")&IF(AND(AO19="P9",AN19<>"T17"),"P9 hanya dengan T17; ","")&IF(AND(OR(AN19="T17",AO19="P9"),AM19<>"R0"),"T17/P9 harus R0; ","")&IF(AND(AN19="T01",AO19<>"P6"),"T01 biasanya P6 (periksa); ","")&IF(AND(AO19="P1",AQ19<>"K4"),"P1 biasanya K4 (periksa); ","")))
A20: 17 | B20: =IF(INDEX(Korpus!$A:$A,$A20)="","",INDEX(Korpus!$A:$A,$A20)) | C20: =TRIM(INDEX(Korpus!$D:$D,$A20)&" "&INDEX(Korpus!$E:$E,$A20)) | D20: =IF(INDEX(Korpus!$B:$B,$A20)="","",INDEX(Korpus!$B:$B,$A20)) | E20: =IF(INDEX(Korpus!$C:$C,$A20)="","",INDEX(Korpus!$C:$C,$A20)) | F20: =IF(INDEX(Korpus!$F:$F,$A20)="","",INDEX(Korpus!$F:$F,$A20)) | Y20: =IF(OR(M20="",S20=""),"",IF(M20=S20,"Sama","Beda")) | Z20: =IF(OR(N20="",T20=""),"",IF(N20=T20,"Sama","Beda")) | AA20: =IF(OR(O20="",U20=""),"",IF(O20=U20,"Sama","Beda")) | AB20: =IF(OR(P20="",V20=""),"",IF(P20=V20,"Sama","Beda")) | AC20: =IF(OR(Q20="",W20=""),"",IF(Q20=W20,"Sama","Beda")) | AD20: =IF(OR(R20="",X20=""),"",IF(R20=X20,"Sama","Beda")) | AE20: =COUNTIF(Y20:AD20,"Beda") -> 0 | AL20: =IF(AF20<>"",AF20,IF(AND(M20<>"",M20=S20),M20,"")) | AM20: =IF(AG20<>"",AG20,IF(AND(N20<>"",N20=T20),N20,"")) | AN20: =IF(AH20<>"",AH20,IF(AND(O20<>"",O20=U20),O20,"")) | AO20: =IF(AI20<>"",AI20,IF(AND(P20<>"",P20=V20),P20,"")) | AP20: =IF(AJ20<>"",AJ20,IF(AND(Q20<>"",Q20=W20),Q20,"")) | AQ20: =IF(AK20<>"",AK20,IF(AND(R20<>"",R20=X20),R20,"")) | AS20: =IF(COUNTA(M20:R20)+COUNTA(S20:X20)<12,"Menunggu coder",IF(AE20=0,"Sepakat",IF(SUMPRODUCT((Y20:AD20="Beda")*(AF20:AK20=""))=0,"Selesai adjudikasi","Perlu adjudikasi"))) -> Menunggu coder | AT20: =IF(COUNTIF(AL20:AQ20,"?*")<6,"",IF(IF(AND(AM20="R0",AQ20<>"K5"),"R0 harus K5; ","")&IF(AND(AM20="R1",AQ20="K3"),"R1 tidak boleh K3 (fungsional); ","")&IF(AND(AM20="R2",AQ20="K5"),"R2 tidak boleh K5; ","")&IF(AND(AM20="R2",OR(AL20="S6",AL20="S7",AL20="S8")),"R2 tidak boleh S6/S7/S8; ","")&IF(AND(AO20="P9",AN20<>"T17"),"P9 hanya dengan T17; ","")&IF(AND(OR(AN20="T17",AO20="P9"),AM20<>"R0"),"T17/P9 harus R0; ","")&IF(AND(AN20="T01",AO20<>"P6"),"T01 biasanya P6 (periksa); ","")&IF(AND(AO20="P1",AQ20<>"K4"),"P1 biasanya K4 (periksa); ","")="","OK",IF(AND(AM20="R0",AQ20<>"K5"),"R0 harus K5; ","")&IF(AND(AM20="R1",AQ20="K3"),"R1 tidak boleh K3 (fungsional); ","")&IF(AND(AM20="R2",AQ20="K5"),"R2 tidak boleh K5; ","")&IF(AND(AM20="R2",OR(AL20="S6",AL20="S7",AL20="S8")),"R2 tidak boleh S6/S7/S8; ","")&IF(AND(AO20="P9",AN20<>"T17"),"P9 hanya dengan T17; ","")&IF(AND(OR(AN20="T17",AO20="P9"),AM20<>"R0"),"T17/P9 harus R0; ","")&IF(AND(AN20="T01",AO20<>"P6"),"T01 biasanya P6 (periksa); ","")&IF(AND(AO20="P1",AQ20<>"K4"),"P1 biasanya K4 (periksa); ","")))
A21: 18 | B21: =IF(INDEX(Korpus!$A:$A,$A21)="","",INDEX(Korpus!$A:$A,$A21)) | C21: =TRIM(INDEX(Korpus!$D:$D,$A21)&" "&INDEX(Korpus!$E:$E,$A21)) | D21: =IF(INDEX(Korpus!$B:$B,$A21)="","",INDEX(Korpus!$B:$B,$A21)) | E21: =IF(INDEX(Korpus!$C:$C,$A21)="","",INDEX(Korpus!$C:$C,$A21)) | F21: =IF(INDEX(Korpus!$F:$F,$A21)="","",INDEX(Korpus!$F:$F,$A21)) | Y21: =IF(OR(M21="",S21=""),"",IF(M21=S21,"Sama","Beda")) | Z21: =IF(OR(N21="",T21=""),"",IF(N21=T21,"Sama","Beda")) | AA21: =IF(OR(O21="",U21=""),"",IF(O21=U21,"Sama","Beda")) | AB21: =IF(OR(P21="",V21=""),"",IF(P21=V21,"Sama","Beda")) | AC21: =IF(OR(Q21="",W21=""),"",IF(Q21=W21,"Sama","Beda")) | AD21: =IF(OR(R21="",X21=""),"",IF(R21=X21,"Sama","Beda")) | AE21: =COUNTIF(Y21:AD21,"Beda") -> 0 | AL21: =IF(AF21<>"",AF21,IF(AND(M21<>"",M21=S21),M21,"")) | AM21: =IF(AG21<>"",AG21,IF(AND(N21<>"",N21=T21),N21,"")) | AN21: =IF(AH21<>"",AH21,IF(AND(O21<>"",O21=U21),O21,"")) | AO21: =IF(AI21<>"",AI21,IF(AND(P21<>"",P21=V21),P21,"")) | AP21: =IF(AJ21<>"",AJ21,IF(AND(Q21<>"",Q21=W21),Q21,"")) | AQ21: =IF(AK21<>"",AK21,IF(AND(R21<>"",R21=X21),R21,"")) | AS21: =IF(COUNTA(M21:R21)+COUNTA(S21:X21)<12,"Menunggu coder",IF(AE21=0,"Sepakat",IF(SUMPRODUCT((Y21:AD21="Beda")*(AF21:AK21=""))=0,"Selesai adjudikasi","Perlu adjudikasi"))) -> Menunggu coder | AT21: =IF(COUNTIF(AL21:AQ21,"?*")<6,"",IF(IF(AND(AM21="R0",AQ21<>"K5"),"R0 harus K5; ","")&IF(AND(AM21="R1",AQ21="K3"),"R1 tidak boleh K3 (fungsional); ","")&IF(AND(AM21="R2",AQ21="K5"),"R2 tidak boleh K5; ","")&IF(AND(AM21="R2",OR(AL21="S6",AL21="S7",AL21="S8")),"R2 tidak boleh S6/S7/S8; ","")&IF(AND(AO21="P9",AN21<>"T17"),"P9 hanya dengan T17; ","")&IF(AND(OR(AN21="T17",AO21="P9"),AM21<>"R0"),"T17/P9 harus R0; ","")&IF(AND(AN21="T01",AO21<>"P6"),"T01 biasanya P6 (periksa); ","")&IF(AND(AO21="P1",AQ21<>"K4"),"P1 biasanya K4 (periksa); ","")="","OK",IF(AND(AM21="R0",AQ21<>"K5"),"R0 harus K5; ","")&IF(AND(AM21="R1",AQ21="K3"),"R1 tidak boleh K3 (fungsional); ","")&IF(AND(AM21="R2",AQ21="K5"),"R2 tidak boleh K5; ","")&IF(AND(AM21="R2",OR(AL21="S6",AL21="S7",AL21="S8")),"R2 tidak boleh S6/S7/S8; ","")&IF(AND(AO21="P9",AN21<>"T17"),"P9 hanya dengan T17; ","")&IF(AND(OR(AN21="T17",AO21="P9"),AM21<>"R0"),"T17/P9 harus R0; ","")&IF(AND(AN21="T01",AO21<>"P6"),"T01 biasanya P6 (periksa); ","")&IF(AND(AO21="P1",AQ21<>"K4"),"P1 biasanya K4 (periksa); ","")))
A22: 19 | B22: =IF(INDEX(Korpus!$A:$A,$A22)="","",INDEX(Korpus!$A:$A,$A22)) | C22: =TRIM(INDEX(Korpus!$D:$D,$A22)&" "&INDEX(Korpus!$E:$E,$A22)) | D22: =IF(INDEX(Korpus!$B:$B,$A22)="","",INDEX(Korpus!$B:$B,$A22)) | E22: =IF(INDEX(Korpus!$C:$C,$A22)="","",INDEX(Korpus!$C:$C,$A22)) | F22: =IF(INDEX(Korpus!$F:$F,$A22)="","",INDEX(Korpus!$F:$F,$A22)) | Y22: =IF(OR(M22="",S22=""),"",IF(M22=S22,"Sama","Beda")) | Z22: =IF(OR(N22="",T22=""),"",IF(N22=T22,"Sama","Beda")) | AA22: =IF(OR(O22="",U22=""),"",IF(O22=U22,"Sama","Beda")) | AB22: =IF(OR(P22="",V22=""),"",IF(P22=V22,"Sama","Beda")) | AC22: =IF(OR(Q22="",W22=""),"",IF(Q22=W22,"Sama","Beda")) | AD22: =IF(OR(R22="",X22=""),"",IF(R22=X22,"Sama","Beda")) | AE22: =COUNTIF(Y22:AD22,"Beda") -> 0 | AL22: =IF(AF22<>"",AF22,IF(AND(M22<>"",M22=S22),M22,"")) | AM22: =IF(AG22<>"",AG22,IF(AND(N22<>"",N22=T22),N22,"")) | AN22: =IF(AH22<>"",AH22,IF(AND(O22<>"",O22=U22),O22,"")) | AO22: =IF(AI22<>"",AI22,IF(AND(P22<>"",P22=V22),P22,"")) | AP22: =IF(AJ22<>"",AJ22,IF(AND(Q22<>"",Q22=W22),Q22,"")) | AQ22: =IF(AK22<>"",AK22,IF(AND(R22<>"",R22=X22),R22,"")) | AS22: =IF(COUNTA(M22:R22)+COUNTA(S22:X22)<12,"Menunggu coder",IF(AE22=0,"Sepakat",IF(SUMPRODUCT((Y22:AD22="Beda")*(AF22:AK22=""))=0,"Selesai adjudikasi","Perlu adjudikasi"))) -> Menunggu coder | AT22: =IF(COUNTIF(AL22:AQ22,"?*")<6,"",IF(IF(AND(AM22="R0",AQ22<>"K5"),"R0 harus K5; ","")&IF(AND(AM22="R1",AQ22="K3"),"R1 tidak boleh K3 (fungsional); ","")&IF(AND(AM22="R2",AQ22="K5"),"R2 tidak boleh K5; ","")&IF(AND(AM22="R2",OR(AL22="S6",AL22="S7",AL22="S8")),"R2 tidak boleh S6/S7/S8; ","")&IF(AND(AO22="P9",AN22<>"T17"),"P9 hanya dengan T17; ","")&IF(AND(OR(AN22="T17",AO22="P9"),AM22<>"R0"),"T17/P9 harus R0; ","")&IF(AND(AN22="T01",AO22<>"P6"),"T01 biasanya P6 (periksa); ","")&IF(AND(AO22="P1",AQ22<>"K4"),"P1 biasanya K4 (periksa); ","")="","OK",IF(AND(AM22="R0",AQ22<>"K5"),"R0 harus K5; ","")&IF(AND(AM22="R1",AQ22="K3"),"R1 tidak boleh K3 (fungsional); ","")&IF(AND(AM22="R2",AQ22="K5"),"R2 tidak boleh K5; ","")&IF(AND(AM22="R2",OR(AL22="S6",AL22="S7",AL22="S8")),"R2 tidak boleh S6/S7/S8; ","")&IF(AND(AO22="P9",AN22<>"T17"),"P9 hanya dengan T17; ","")&IF(AND(OR(AN22="T17",AO22="P9"),AM22<>"R0"),"T17/P9 harus R0; ","")&IF(AND(AN22="T01",AO22<>"P6"),"T01 biasanya P6 (periksa); ","")&IF(AND(AO22="P1",AQ22<>"K4"),"P1 biasanya K4 (periksa); ","")))
A23: 20 | B23: =IF(INDEX(Korpus!$A:$A,$A23)="","",INDEX(Korpus!$A:$A,$A23)) | C23: =TRIM(INDEX(Korpus!$D:$D,$A23)&" "&INDEX(Korpus!$E:$E,$A23)) | D23: =IF(INDEX(Korpus!$B:$B,$A23)="","",INDEX(Korpus!$B:$B,$A23)) | E23: =IF(INDEX(Korpus!$C:$C,$A23)="","",INDEX(Korpus!$C:$C,$A23)) | F23: =IF(INDEX(Korpus!$F:$F,$A23)="","",INDEX(Korpus!$F:$F,$A23)) | Y23: =IF(OR(M23="",S23=""),"",IF(M23=S23,"Sama","Beda")) | Z23: =IF(OR(N23="",T23=""),"",IF(N23=T23,"Sama","Beda")) | AA23: =IF(OR(O23="",U23=""),"",IF(O23=U23,"Sama","Beda")) | AB23: =IF(OR(P23="",V23=""),"",IF(P23=V23,"Sama","Beda")) | AC23: =IF(OR(Q23="",W23=""),"",IF(Q23=W23,"Sama","Beda")) | AD23: =IF(OR(R23="",X23=""),"",IF(R23=X23,"Sama","Beda")) | AE23: =COUNTIF(Y23:AD23,"Beda") -> 0 | AL23: =IF(AF23<>"",AF23,IF(AND(M23<>"",M23=S23),M23,"")) | AM23: =IF(AG23<>"",AG23,IF(AND(N23<>"",N23=T23),N23,"")) | AN23: =IF(AH23<>"",AH23,IF(AND(O23<>"",O23=U23),O23,"")) | AO23: =IF(AI23<>"",AI23,IF(AND(P23<>"",P23=V23),P23,"")) | AP23: =IF(AJ23<>"",AJ23,IF(AND(Q23<>"",Q23=W23),Q23,"")) | AQ23: =IF(AK23<>"",AK23,IF(AND(R23<>"",R23=X23),R23,"")) | AS23: =IF(COUNTA(M23:R23)+COUNTA(S23:X23)<12,"Menunggu coder",IF(AE23=0,"Sepakat",IF(SUMPRODUCT((Y23:AD23="Beda")*(AF23:AK23=""))=0,"Selesai adjudikasi","Perlu adjudikasi"))) -> Menunggu coder | AT23: =IF(COUNTIF(AL23:AQ23,"?*")<6,"",IF(IF(AND(AM23="R0",AQ23<>"K5"),"R0 harus K5; ","")&IF(AND(AM23="R1",AQ23="K3"),"R1 tidak boleh K3 (fungsional); ","")&IF(AND(AM23="R2",AQ23="K5"),"R2 tidak boleh K5; ","")&IF(AND(AM23="R2",OR(AL23="S6",AL23="S7",AL23="S8")),"R2 tidak boleh S6/S7/S8; ","")&IF(AND(AO23="P9",AN23<>"T17"),"P9 hanya dengan T17; ","")&IF(AND(OR(AN23="T17",AO23="P9"),AM23<>"R0"),"T17/P9 harus R0; ","")&IF(AND(AN23="T01",AO23<>"P6"),"T01 biasanya P6 (periksa); ","")&IF(AND(AO23="P1",AQ23<>"K4"),"P1 biasanya K4 (periksa); ","")="","OK",IF(AND(AM23="R0",AQ23<>"K5"),"R0 harus K5; ","")&IF(AND(AM23="R1",AQ23="K3"),"R1 tidak boleh K3 (fungsional); ","")&IF(AND(AM23="R2",AQ23="K5"),"R2 tidak boleh K5; ","")&IF(AND(AM23="R2",OR(AL23="S6",AL23="S7",AL23="S8")),"R2 tidak boleh S6/S7/S8; ","")&IF(AND(AO23="P9",AN23<>"T17"),"P9 hanya dengan T17; ","")&IF(AND(OR(AN23="T17",AO23="P9"),AM23<>"R0"),"T17/P9 harus R0; ","")&IF(AND(AN23="T01",AO23<>"P6"),"T01 biasanya P6 (periksa); ","")&IF(AND(AO23="P1",AQ23<>"K4"),"P1 biasanya K4 (periksa); ","")))
A24: 21 | B24: =IF(INDEX(Korpus!$A:$A,$A24)="","",INDEX(Korpus!$A:$A,$A24)) | C24: =TRIM(INDEX(Korpus!$D:$D,$A24)&" "&INDEX(Korpus!$E:$E,$A24)) | D24: =IF(INDEX(Korpus!$B:$B,$A24)="","",INDEX(Korpus!$B:$B,$A24)) | E24: =IF(INDEX(Korpus!$C:$C,$A24)="","",INDEX(Korpus!$C:$C,$A24)) | F24: =IF(INDEX(Korpus!$F:$F,$A24)="","",INDEX(Korpus!$F:$F,$A24)) | Y24: =IF(OR(M24="",S24=""),"",IF(M24=S24,"Sama","Beda")) | Z24: =IF(OR(N24="",T24=""),"",IF(N24=T24,"Sama","Beda")) | AA24: =IF(OR(O24="",U24=""),"",IF(O24=U24,"Sama","Beda")) | AB24: =IF(OR(P24="",V24=""),"",IF(P24=V24,"Sama","Beda")) | AC24: =IF(OR(Q24="",W24=""),"",IF(Q24=W24,"Sama","Beda")) | AD24: =IF(OR(R24="",X24=""),"",IF(R24=X24,"Sama","Beda")) | AE24: =COUNTIF(Y24:AD24,"Beda") -> 0 | AL24: =IF(AF24<>"",AF24,IF(AND(M24<>"",M24=S24),M24,"")) | AM24: =IF(AG24<>"",AG24,IF(AND(N24<>"",N24=T24),N24,"")) | AN24: =IF(AH24<>"",AH24,IF(AND(O24<>"",O24=U24),O24,"")) | AO24: =IF(AI24<>"",AI24,IF(AND(P24<>"",P24=V24),P24,"")) | AP24: =IF(AJ24<>"",AJ24,IF(AND(Q24<>"",Q24=W24),Q24,"")) | AQ24: =IF(AK24<>"",AK24,IF(AND(R24<>"",R24=X24),R24,"")) | AS24: =IF(COUNTA(M24:R24)+COUNTA(S24:X24)<12,"Menunggu coder",IF(AE24=0,"Sepakat",IF(SUMPRODUCT((Y24:AD24="Beda")*(AF24:AK24=""))=0,"Selesai adjudikasi","Perlu adjudikasi"))) -> Menunggu coder | AT24: =IF(COUNTIF(AL24:AQ24,"?*")<6,"",IF(IF(AND(AM24="R0",AQ24<>"K5"),"R0 harus K5; ","")&IF(AND(AM24="R1",AQ24="K3"),"R1 tidak boleh K3 (fungsional); ","")&IF(AND(AM24="R2",AQ24="K5"),"R2 tidak boleh K5; ","")&IF(AND(AM24="R2",OR(AL24="S6",AL24="S7",AL24="S8")),"R2 tidak boleh S6/S7/S8; ","")&IF(AND(AO24="P9",AN24<>"T17"),"P9 hanya dengan T17; ","")&IF(AND(OR(AN24="T17",AO24="P9"),AM24<>"R0"),"T17/P9 harus R0; ","")&IF(AND(AN24="T01",AO24<>"P6"),"T01 biasanya P6 (periksa); ","")&IF(AND(AO24="P1",AQ24<>"K4"),"P1 biasanya K4 (periksa); ","")="","OK",IF(AND(AM24="R0",AQ24<>"K5"),"R0 harus K5; ","")&IF(AND(AM24="R1",AQ24="K3"),"R1 tidak boleh K3 (fungsional); ","")&IF(AND(AM24="R2",AQ24="K5"),"R2 tidak boleh K5; ","")&IF(AND(AM24="R2",OR(AL24="S6",AL24="S7",AL24="S8")),"R2 tidak boleh S6/S7/S8; ","")&IF(AND(AO24="P9",AN24<>"T17"),"P9 hanya dengan T17; ","")&IF(AND(OR(AN24="T17",AO24="P9"),AM24<>"R0"),"T17/P9 harus R0; ","")&IF(AND(AN24="T01",AO24<>"P6"),"T01 biasanya P6 (periksa); ","")&IF(AND(AO24="P1",AQ24<>"K4"),"P1 biasanya K4 (periksa); ","")))
A25: 22 | B25: =IF(INDEX(Korpus!$A:$A,$A25)="","",INDEX(Korpus!$A:$A,$A25)) | C25: =TRIM(INDEX(Korpus!$D:$D,$A25)&" "&INDEX(Korpus!$E:$E,$A25)) | D25: =IF(INDEX(Korpus!$B:$B,$A25)="","",INDEX(Korpus!$B:$B,$A25)) | E25: =IF(INDEX(Korpus!$C:$C,$A25)="","",INDEX(Korpus!$C:$C,$A25)) | F25: =IF(INDEX(Korpus!$F:$F,$A25)="","",INDEX(Korpus!$F:$F,$A25)) | G25: S8 | H25: R1 | I25: T10 | J25: P2 | K25: F8 | L25: K1 | Y25: =IF(OR(M25="",S25=""),"",IF(M25=S25,"Sama","Beda")) | Z25: =IF(OR(N25="",T25=""),"",IF(N25=T25,"Sama","Beda")) | AA25: =IF(OR(O25="",U25=""),"",IF(O25=U25,"Sama","Beda")) | AB25: =IF(OR(P25="",V25=""),"",IF(P25=V25,"Sama","Beda")) | AC25: =IF(OR(Q25="",W25=""),"",IF(Q25=W25,"Sama","Beda")) | AD25: =IF(OR(R25="",X25=""),"",IF(R25=X25,"Sama","Beda")) | AE25: =COUNTIF(Y25:AD25,"Beda") -> 0 | AL25: =IF(AF25<>"",AF25,IF(AND(M25<>"",M25=S25),M25,"")) | AM25: =IF(AG25<>"",AG25,IF(AND(N25<>"",N25=T25),N25,"")) | AN25: =IF(AH25<>"",AH25,IF(AND(O25<>"",O25=U25),O25,"")) | AO25: =IF(AI25<>"",AI25,IF(AND(P25<>"",P25=V25),P25,"")) | AP25: =IF(AJ25<>"",AJ25,IF(AND(Q25<>"",Q25=W25),Q25,"")) | AQ25: =IF(AK25<>"",AK25,IF(AND(R25<>"",R25=X25),R25,"")) | AS25: =IF(COUNTA(M25:R25)+COUNTA(S25:X25)<12,"Menunggu coder",IF(AE25=0,"Sepakat",IF(SUMPRODUCT((Y25:AD25="Beda")*(AF25:AK25=""))=0,"Selesai adjudikasi","Perlu adjudikasi"))) -> Menunggu coder | AT25: =IF(COUNTIF(AL25:AQ25,"?*")<6,"",IF(IF(AND(AM25="R0",AQ25<>"K5"),"R0 harus K5; ","")&IF(AND(AM25="R1",AQ25="K3"),"R1 tidak boleh K3 (fungsional); ","")&IF(AND(AM25="R2",AQ25="K5"),"R2 tidak boleh K5; ","")&IF(AND(AM25="R2",OR(AL25="S6",AL25="S7",AL25="S8")),"R2 tidak boleh S6/S7/S8; ","")&IF(AND(AO25="P9",AN25<>"T17"),"P9 hanya dengan T17; ","")&IF(AND(OR(AN25="T17",AO25="P9"),AM25<>"R0"),"T17/P9 harus R0; ","")&IF(AND(AN25="T01",AO25<>"P6"),"T01 biasanya P6 (periksa); ","")&IF(AND(AO25="P1",AQ25<>"K4"),"P1 biasanya K4 (periksa); ","")="","OK",IF(AND(AM25="R0",AQ25<>"K5"),"R0 harus K5; ","")&IF(AND(AM25="R1",AQ25="K3"),"R1 tidak boleh K3 (fungsional); ","")&IF(AND(AM25="R2",AQ25="K5"),"R2 tidak boleh K5; ","")&IF(AND(AM25="R2",OR(AL25="S6",AL25="S7",AL25="S8")),"R2 tidak boleh S6/S7/S8; ","")&IF(AND(AO25="P9",AN25<>"T17"),"P9 hanya dengan T17; ","")&IF(AND(OR(AN25="T17",AO25="P9"),AM25<>"R0"),"T17/P9 harus R0; ","")&IF(AND(AN25="T01",AO25<>"P6"),"T01 biasanya P6 (periksa); ","")&IF(AND(AO25="P1",AQ25<>"K4"),"P1 biasanya K4 (periksa); ","")))
A26: 23 | B26: =IF(INDEX(Korpus!$A:$A,$A26)="","",INDEX(Korpus!$A:$A,$A26)) | C26: =TRIM(INDEX(Korpus!$D:$D,$A26)&" "&INDEX(Korpus!$E:$E,$A26)) | D26: =IF(INDEX(Korpus!$B:$B,$A26)="","",INDEX(Korpus!$B:$B,$A26)) | E26: =IF(INDEX(Korpus!$C:$C,$A26)="","",INDEX(Korpus!$C:$C,$A26)) | F26: =IF(INDEX(Korpus!$F:$F,$A26)="","",INDEX(Korpus!$F:$F,$A26)) | Y26: =IF(OR(M26="",S26=""),"",IF(M26=S26,"Sama","Beda")) | Z26: =IF(OR(N26="",T26=""),"",IF(N26=T26,"Sama","Beda")) | AA26: =IF(OR(O26="",U26=""),"",IF(O26=U26,"Sama","Beda")) | AB26: =IF(OR(P26="",V26=""),"",IF(P26=V26,"Sama","Beda")) | AC26: =IF(OR(Q26="",W26=""),"",IF(Q26=W26,"Sama","Beda")) | AD26: =IF(OR(R26="",X26=""),"",IF(R26=X26,"Sama","Beda")) | AE26: =COUNTIF(Y26:AD26,"Beda") -> 0 | AL26: =IF(AF26<>"",AF26,IF(AND(M26<>"",M26=S26),M26,"")) | AM26: =IF(AG26<>"",AG26,IF(AND(N26<>"",N26=T26),N26,"")) | AN26: =IF(AH26<>"",AH26,IF(AND(O26<>"",O26=U26),O26,"")) | AO26: =IF(AI26<>"",AI26,IF(AND(P26<>"",P26=V26),P26,"")) | AP26: =IF(AJ26<>"",AJ26,IF(AND(Q26<>"",Q26=W26),Q26,"")) | AQ26: =IF(AK26<>"",AK26,IF(AND(R26<>"",R26=X26),R26,"")) | AS26: =IF(COUNTA(M26:R26)+COUNTA(S26:X26)<12,"Menunggu coder",IF(AE26=0,"Sepakat",IF(SUMPRODUCT((Y26:AD26="Beda")*(AF26:AK26=""))=0,"Selesai adjudikasi","Perlu adjudikasi"))) -> Menunggu coder | AT26: =IF(COUNTIF(AL26:AQ26,"?*")<6,"",IF(IF(AND(AM26="R0",AQ26<>"K5"),"R0 harus K5; ","")&IF(AND(AM26="R1",AQ26="K3"),"R1 tidak boleh K3 (fungsional); ","")&IF(AND(AM26="R2",AQ26="K5"),"R2 tidak boleh K5; ","")&IF(AND(AM26="R2",OR(AL26="S6",AL26="S7",AL26="S8")),"R2 tidak boleh S6/S7/S8; ","")&IF(AND(AO26="P9",AN26<>"T17"),"P9 hanya dengan T17; ","")&IF(AND(OR(AN26="T17",AO26="P9"),AM26<>"R0"),"T17/P9 harus R0; ","")&IF(AND(AN26="T01",AO26<>"P6"),"T01 biasanya P6 (periksa); ","")&IF(AND(AO26="P1",AQ26<>"K4"),"P1 biasanya K4 (periksa); ","")="","OK",IF(AND(AM26="R0",AQ26<>"K5"),"R0 harus K5; ","")&IF(AND(AM26="R1",AQ26="K3"),"R1 tidak boleh K3 (fungsional); ","")&IF(AND(AM26="R2",AQ26="K5"),"R2 tidak boleh K5; ","")&IF(AND(AM26="R2",OR(AL26="S6",AL26="S7",AL26="S8")),"R2 tidak boleh S6/S7/S8; ","")&IF(AND(AO26="P9",AN26<>"T17"),"P9 hanya dengan T17; ","")&IF(AND(OR(AN26="T17",AO26="P9"),AM26<>"R0"),"T17/P9 harus R0; ","")&IF(AND(AN26="T01",AO26<>"P6"),"T01 biasanya P6 (periksa); ","")&IF(AND(AO26="P1",AQ26<>"K4"),"P1 biasanya K4 (periksa); ","")))
A27: 24 | B27: =IF(INDEX(Korpus!$A:$A,$A27)="","",INDEX(Korpus!$A:$A,$A27)) | C27: =TRIM(INDEX(Korpus!$D:$D,$A27)&" "&INDEX(Korpus!$E:$E,$A27)) | D27: =IF(INDEX(Korpus!$B:$B,$A27)="","",INDEX(Korpus!$B:$B,$A27)) | E27: =IF(INDEX(Korpus!$C:$C,$A27)="","",INDEX(Korpus!$C:$C,$A27)) | F27: =IF(INDEX(Korpus!$F:$F,$A27)="","",INDEX(Korpus!$F:$F,$A27)) | Y27: =IF(OR(M27="",S27=""),"",IF(M27=S27,"Sama","Beda")) | Z27: =IF(OR(N27="",T27=""),"",IF(N27=T27,"Sama","Beda")) | AA27: =IF(OR(O27="",U27=""),"",IF(O27=U27,"Sama","Beda")) | AB27: =IF(OR(P27="",V27=""),"",IF(P27=V27,"Sama","Beda")) | AC27: =IF(OR(Q27="",W27=""),"",IF(Q27=W27,"Sama","Beda")) | AD27: =IF(OR(R27="",X27=""),"",IF(R27=X27,"Sama","Beda")) | AE27: =COUNTIF(Y27:AD27,"Beda") -> 0 | AL27: =IF(AF27<>"",AF27,IF(AND(M27<>"",M27=S27),M27,"")) | AM27: =IF(AG27<>"",AG27,IF(AND(N27<>"",N27=T27),N27,"")) | AN27: =IF(AH27<>"",AH27,IF(AND(O27<>"",O27=U27),O27,"")) | AO27: =IF(AI27<>"",AI27,IF(AND(P27<>"",P27=V27),P27,"")) | AP27: =IF(AJ27<>"",AJ27,IF(AND(Q27<>"",Q27=W27),Q27,"")) | AQ27: =IF(AK27<>"",AK27,IF(AND(R27<>"",R27=X27),R27,"")) | AS27: =IF(COUNTA(M27:R27)+COUNTA(S27:X27)<12,"Menunggu coder",IF(AE27=0,"Sepakat",IF(SUMPRODUCT((Y27:AD27="Beda")*(AF27:AK27=""))=0,"Selesai adjudikasi","Perlu adjudikasi"))) -> Menunggu coder | AT27: =IF(COUNTIF(AL27:AQ27,"?*")<6,"",IF(IF(AND(AM27="R0",AQ27<>"K5"),"R0 harus K5; ","")&IF(AND(AM27="R1",AQ27="K3"),"R1 tidak boleh K3 (fungsional); ","")&IF(AND(AM27="R2",AQ27="K5"),"R2 tidak boleh K5; ","")&IF(AND(AM27="R2",OR(AL27="S6",AL27="S7",AL27="S8")),"R2 tidak boleh S6/S7/S8; ","")&IF(AND(AO27="P9",AN27<>"T17"),"P9 hanya dengan T17; ","")&IF(AND(OR(AN27="T17",AO27="P9"),AM27<>"R0"),"T17/P9 harus R0; ","")&IF(AND(AN27="T01",AO27<>"P6"),"T01 biasanya P6 (periksa); ","")&IF(AND(AO27="P1",AQ27<>"K4"),"P1 biasanya K4 (periksa); ","")="","OK",IF(AND(AM27="R0",AQ27<>"K5"),"R0 harus K5; ","")&IF(AND(AM27="R1",AQ27="K3"),"R1 tidak boleh K3 (fungsional); ","")&IF(AND(AM27="R2",AQ27="K5"),"R2 tidak boleh K5; ","")&IF(AND(AM27="R2",OR(AL27="S6",AL27="S7",AL27="S8")),"R2 tidak boleh S6/S7/S8; ","")&IF(AND(AO27="P9",AN27<>"T17"),"P9 hanya dengan T17; ","")&IF(AND(OR(AN27="T17",AO27="P9"),AM27<>"R0"),"T17/P9 harus R0; ","")&IF(AND(AN27="T01",AO27<>"P6"),"T01 biasanya P6 (periksa); ","")&IF(AND(AO27="P1",AQ27<>"K4"),"P1 biasanya K4 (periksa); ","")))
A28: 25 | B28: =IF(INDEX(Korpus!$A:$A,$A28)="","",INDEX(Korpus!$A:$A,$A28)) | C28: =TRIM(INDEX(Korpus!$D:$D,$A28)&" "&INDEX(Korpus!$E:$E,$A28)) | D28: =IF(INDEX(Korpus!$B:$B,$A28)="","",INDEX(Korpus!$B:$B,$A28)) | E28: =IF(INDEX(Korpus!$C:$C,$A28)="","",INDEX(Korpus!$C:$C,$A28)) | F28: =IF(INDEX(Korpus!$F:$F,$A28)="","",INDEX(Korpus!$F:$F,$A28)) | Y28: =IF(OR(M28="",S28=""),"",IF(M28=S28,"Sama","Beda")) | Z28: =IF(OR(N28="",T28=""),"",IF(N28=T28,"Sama","Beda")) | AA28: =IF(OR(O28="",U28=""),"",IF(O28=U28,"Sama","Beda")) | AB28: =IF(OR(P28="",V28=""),"",IF(P28=V28,"Sama","Beda")) | AC28: =IF(OR(Q28="",W28=""),"",IF(Q28=W28,"Sama","Beda")) | AD28: =IF(OR(R28="",X28=""),"",IF(R28=X28,"Sama","Beda")) | AE28: =COUNTIF(Y28:AD28,"Beda") -> 0 | AL28: =IF(AF28<>"",AF28,IF(AND(M28<>"",M28=S28),M28,"")) | AM28: =IF(AG28<>"",AG28,IF(AND(N28<>"",N28=T28),N28,"")) | AN28: =IF(AH28<>"",AH28,IF(AND(O28<>"",O28=U28),O28,"")) | AO28: =IF(AI28<>"",AI28,IF(AND(P28<>"",P28=V28),P28,"")) | AP28: =IF(AJ28<>"",AJ28,IF(AND(Q28<>"",Q28=W28),Q28,"")) | AQ28: =IF(AK28<>"",AK28,IF(AND(R28<>"",R28=X28),R28,"")) | AS28: =IF(COUNTA(M28:R28)+COUNTA(S28:X28)<12,"Menunggu coder",IF(AE28=0,"Sepakat",IF(SUMPRODUCT((Y28:AD28="Beda")*(AF28:AK28=""))=0,"Selesai adjudikasi","Perlu adjudikasi"))) -> Menunggu coder | AT28: =IF(COUNTIF(AL28:AQ28,"?*")<6,"",IF(IF(AND(AM28="R0",AQ28<>"K5"),"R0 harus K5; ","")&IF(AND(AM28="R1",AQ28="K3"),"R1 tidak boleh K3 (fungsional); ","")&IF(AND(AM28="R2",AQ28="K5"),"R2 tidak boleh K5; ","")&IF(AND(AM28="R2",OR(AL28="S6",AL28="S7",AL28="S8")),"R2 tidak boleh S6/S7/S8; ","")&IF(AND(AO28="P9",AN28<>"T17"),"P9 hanya dengan T17; ","")&IF(AND(OR(AN28="T17",AO28="P9"),AM28<>"R0"),"T17/P9 harus R0; ","")&IF(AND(AN28="T01",AO28<>"P6"),"T01 biasanya P6 (periksa); ","")&IF(AND(AO28="P1",AQ28<>"K4"),"P1 biasanya K4 (periksa); ","")="","OK",IF(AND(AM28="R0",AQ28<>"K5"),"R0 harus K5; ","")&IF(AND(AM28="R1",AQ28="K3"),"R1 tidak boleh K3 (fungsional); ","")&IF(AND(AM28="R2",AQ28="K5"),"R2 tidak boleh K5; ","")&IF(AND(AM28="R2",OR(AL28="S6",AL28="S7",AL28="S8")),"R2 tidak boleh S6/S7/S8; ","")&IF(AND(AO28="P9",AN28<>"T17"),"P9 hanya dengan T17; ","")&IF(AND(OR(AN28="T17",AO28="P9"),AM28<>"R0"),"T17/P9 harus R0; ","")&IF(AND(AN28="T01",AO28<>"P6"),"T01 biasanya P6 (periksa); ","")&IF(AND(AO28="P1",AQ28<>"K4"),"P1 biasanya K4 (periksa); ","")))
A29: 26 | B29: =IF(INDEX(Korpus!$A:$A,$A29)="","",INDEX(Korpus!$A:$A,$A29)) | C29: =TRIM(INDEX(Korpus!$D:$D,$A29)&" "&INDEX(Korpus!$E:$E,$A29)) | D29: =IF(INDEX(Korpus!$B:$B,$A29)="","",INDEX(Korpus!$B:$B,$A29)) | E29: =IF(INDEX(Korpus!$C:$C,$A29)="","",INDEX(Korpus!$C:$C,$A29)) | F29: =IF(INDEX(Korpus!$F:$F,$A29)="","",INDEX(Korpus!$F:$F,$A29)) | Y29: =IF(OR(M29="",S29=""),"",IF(M29=S29,"Sama","Beda")) | Z29: =IF(OR(N29="",T29=""),"",IF(N29=T29,"Sama","Beda")) | AA29: =IF(OR(O29="",U29=""),"",IF(O29=U29,"Sama","Beda")) | AB29: =IF(OR(P29="",V29=""),"",IF(P29=V29,"Sama","Beda")) | AC29: =IF(OR(Q29="",W29=""),"",IF(Q29=W29,"Sama","Beda")) | AD29: =IF(OR(R29="",X29=""),"",IF(R29=X29,"Sama","Beda")) | AE29: =COUNTIF(Y29:AD29,"Beda") -> 0 | AL29: =IF(AF29<>"",AF29,IF(AND(M29<>"",M29=S29),M29,"")) | AM29: =IF(AG29<>"",AG29,IF(AND(N29<>"",N29=T29),N29,"")) | AN29: =IF(AH29<>"",AH29,IF(AND(O29<>"",O29=U29),O29,"")) | AO29: =IF(AI29<>"",AI29,IF(AND(P29<>"",P29=V29),P29,"")) | AP29: =IF(AJ29<>"",AJ29,IF(AND(Q29<>"",Q29=W29),Q29,"")) | AQ29: =IF(AK29<>"",AK29,IF(AND(R29<>"",R29=X29),R29,"")) | AS29: =IF(COUNTA(M29:R29)+COUNTA(S29:X29)<12,"Menunggu coder",IF(AE29=0,"Sepakat",IF(SUMPRODUCT((Y29:AD29="Beda")*(AF29:AK29=""))=0,"Selesai adjudikasi","Perlu adjudikasi"))) -> Menunggu coder | AT29: =IF(COUNTIF(AL29:AQ29,"?*")<6,"",IF(IF(AND(AM29="R0",AQ29<>"K5"),"R0 harus K5; ","")&IF(AND(AM29="R1",AQ29="K3"),"R1 tidak boleh K3 (fungsional); ","")&IF(AND(AM29="R2",AQ29="K5"),"R2 tidak boleh K5; ","")&IF(AND(AM29="R2",OR(AL29="S6",AL29="S7",AL29="S8")),"R2 tidak boleh S6/S7/S8; ","")&IF(AND(AO29="P9",AN29<>"T17"),"P9 hanya dengan T17; ","")&IF(AND(OR(AN29="T17",AO29="P9"),AM29<>"R0"),"T17/P9 harus R0; ","")&IF(AND(AN29="T01",AO29<>"P6"),"T01 biasanya P6 (periksa); ","")&IF(AND(AO29="P1",AQ29<>"K4"),"P1 biasanya K4 (periksa); ","")="","OK",IF(AND(AM29="R0",AQ29<>"K5"),"R0 harus K5; ","")&IF(AND(AM29="R1",AQ29="K3"),"R1 tidak boleh K3 (fungsional); ","")&IF(AND(AM29="R2",AQ29="K5"),"R2 tidak boleh K5; ","")&IF(AND(AM29="R2",OR(AL29="S6",AL29="S7",AL29="S8")),"R2 tidak boleh S6/S7/S8; ","")&IF(AND(AO29="P9",AN29<>"T17"),"P9 hanya dengan T17; ","")&IF(AND(OR(AN29="T17",AO29="P9"),AM29<>"R0"),"T17/P9 harus R0; ","")&IF(AND(AN29="T01",AO29<>"P6"),"T01 biasanya P6 (periksa); ","")&IF(AND(AO29="P1",AQ29<>"K4"),"P1 biasanya K4 (periksa); ","")))
A30: 27 | B30: =IF(INDEX(Korpus!$A:$A,$A30)="","",INDEX(Korpus!$A:$A,$A30)) | C30: =TRIM(INDEX(Korpus!$D:$D,$A30)&" "&INDEX(Korpus!$E:$E,$A30)) | D30: =IF(INDEX(Korpus!$B:$B,$A30)="","",INDEX(Korpus!$B:$B,$A30)) | E30: =IF(INDEX(Korpus!$C:$C,$A30)="","",INDEX(Korpus!$C:$C,$A30)) | F30: =IF(INDEX(Korpus!$F:$F,$A30)="","",INDEX(Korpus!$F:$F,$A30)) | Y30: =IF(OR(M30="",S30=""),"",IF(M30=S30,"Sama","Beda")) | Z30: =IF(OR(N30="",T30=""),"",IF(N30=T30,"Sama","Beda")) | AA30: =IF(OR(O30="",U30=""),"",IF(O30=U30,"Sama","Beda")) | AB30: =IF(OR(P30="",V30=""),"",IF(P30=V30,"Sama","Beda")) | AC30: =IF(OR(Q30="",W30=""),"",IF(Q30=W30,"Sama","Beda")) | AD30: =IF(OR(R30="",X30=""),"",IF(R30=X30,"Sama","Beda")) | AE30: =COUNTIF(Y30:AD30,"Beda") -> 0 | AL30: =IF(AF30<>"",AF30,IF(AND(M30<>"",M30=S30),M30,"")) | AM30: =IF(AG30<>"",AG30,IF(AND(N30<>"",N30=T30),N30,"")) | AN30: =IF(AH30<>"",AH30,IF(AND(O30<>"",O30=U30),O30,"")) | AO30: =IF(AI30<>"",AI30,IF(AND(P30<>"",P30=V30),P30,"")) | AP30: =IF(AJ30<>"",AJ30,IF(AND(Q30<>"",Q30=W30),Q30,"")) | AQ30: =IF(AK30<>"",AK30,IF(AND(R30<>"",R30=X30),R30,"")) | AS30: =IF(COUNTA(M30:R30)+COUNTA(S30:X30)<12,"Menunggu coder",IF(AE30=0,"Sepakat",IF(SUMPRODUCT((Y30:AD30="Beda")*(AF30:AK30=""))=0,"Selesai adjudikasi","Perlu adjudikasi"))) -> Menunggu coder | AT30: =IF(COUNTIF(AL30:AQ30,"?*")<6,"",IF(IF(AND(AM30="R0",AQ30<>"K5"),"R0 harus K5; ","")&IF(AND(AM30="R1",AQ30="K3"),"R1 tidak boleh K3 (fungsional); ","")&IF(AND(AM30="R2",AQ30="K5"),"R2 tidak boleh K5; ","")&IF(AND(AM30="R2",OR(AL30="S6",AL30="S7",AL30="S8")),"R2 tidak boleh S6/S7/S8; ","")&IF(AND(AO30="P9",AN30<>"T17"),"P9 hanya dengan T17; ","")&IF(AND(OR(AN30="T17",AO30="P9"),AM30<>"R0"),"T17/P9 harus R0; ","")&IF(AND(AN30="T01",AO30<>"P6"),"T01 biasanya P6 (periksa); ","")&IF(AND(AO30="P1",AQ30<>"K4"),"P1 biasanya K4 (periksa); ","")="","OK",IF(AND(AM30="R0",AQ30<>"K5"),"R0 harus K5; ","")&IF(AND(AM30="R1",AQ30="K3"),"R1 tidak boleh K3 (fungsional); ","")&IF(AND(AM30="R2",AQ30="K5"),"R2 tidak boleh K5; ","")&IF(AND(AM30="R2",OR(AL30="S6",AL30="S7",AL30="S8")),"R2 tidak boleh S6/S7/S8; ","")&IF(AND(AO30="P9",AN30<>"T17"),"P9 hanya dengan T17; ","")&IF(AND(OR(AN30="T17",AO30="P9"),AM30<>"R0"),"T17/P9 harus R0; ","")&IF(AND(AN30="T01",AO30<>"P6"),"T01 biasanya P6 (periksa); ","")&IF(AND(AO30="P1",AQ30<>"K4"),"P1 biasanya K4 (periksa); ","")))
A31: 28 | B31: =IF(INDEX(Korpus!$A:$A,$A31)="","",INDEX(Korpus!$A:$A,$A31)) | C31: =TRIM(INDEX(Korpus!$D:$D,$A31)&" "&INDEX(Korpus!$E:$E,$A31)) | D31: =IF(INDEX(Korpus!$B:$B,$A31)="","",INDEX(Korpus!$B:$B,$A31)) | E31: =IF(INDEX(Korpus!$C:$C,$A31)="","",INDEX(Korpus!$C:$C,$A31)) | F31: =IF(INDEX(Korpus!$F:$F,$A31)="","",INDEX(Korpus!$F:$F,$A31)) | G31: S9 | H31: R1 | I31: T01 | J31: P6 | K31: F8 | L31: K4 | Y31: =IF(OR(M31="",S31=""),"",IF(M31=S31,"Sama","Beda")) | Z31: =IF(OR(N31="",T31=""),"",IF(N31=T31,"Sama","Beda")) | AA31: =IF(OR(O31="",U31=""),"",IF(O31=U31,"Sama","Beda")) | AB31: =IF(OR(P31="",V31=""),"",IF(P31=V31,"Sama","Beda")) | AC31: =IF(OR(Q31="",W31=""),"",IF(Q31=W31,"Sama","Beda")) | AD31: =IF(OR(R31="",X31=""),"",IF(R31=X31,"Sama","Beda")) | AE31: =COUNTIF(Y31:AD31,"Beda") -> 0 | AL31: =IF(AF31<>"",AF31,IF(AND(M31<>"",M31=S31),M31,"")) | AM31: =IF(AG31<>"",AG31,IF(AND(N31<>"",N31=T31),N31,"")) | AN31: =IF(AH31<>"",AH31,IF(AND(O31<>"",O31=U31),O31,"")) | AO31: =IF(AI31<>"",AI31,IF(AND(P31<>"",P31=V31),P31,"")) | AP31: =IF(AJ31<>"",AJ31,IF(AND(Q31<>"",Q31=W31),Q31,"")) | AQ31: =IF(AK31<>"",AK31,IF(AND(R31<>"",R31=X31),R31,"")) | AS31: =IF(COUNTA(M31:R31)+COUNTA(S31:X31)<12,"Menunggu coder",IF(AE31=0,"Sepakat",IF(SUMPRODUCT((Y31:AD31="Beda")*(AF31:AK31=""))=0,"Selesai adjudikasi","Perlu adjudikasi"))) -> Menunggu coder | AT31: =IF(COUNTIF(AL31:AQ31,"?*")<6,"",IF(IF(AND(AM31="R0",AQ31<>"K5"),"R0 harus K5; ","")&IF(AND(AM31="R1",AQ31="K3"),"R1 tidak boleh K3 (fungsional); ","")&IF(AND(AM31="R2",AQ31="K5"),"R2 tidak boleh K5; ","")&IF(AND(AM31="R2",OR(AL31="S6",AL31="S7",AL31="S8")),"R2 tidak boleh S6/S7/S8; ","")&IF(AND(AO31="P9",AN31<>"T17"),"P9 hanya dengan T17; ","")&IF(AND(OR(AN31="T17",AO31="P9"),AM31<>"R0"),"T17/P9 harus R0; ","")&IF(AND(AN31="T01",AO31<>"P6"),"T01 biasanya P6 (periksa); ","")&IF(AND(AO31="P1",AQ31<>"K4"),"P1 biasanya K4 (periksa); ","")="","OK",IF(AND(AM31="R0",AQ31<>"K5"),"R0 harus K5; ","")&IF(AND(AM31="R1",AQ31="K3"),"R1 tidak boleh K3 (fungsional); ","")&IF(AND(AM31="R2",AQ31="K5"),"R2 tidak boleh K5; ","")&IF(AND(AM31="R2",OR(AL31="S6",AL31="S7",AL31="S8")),"R2 tidak boleh S6/S7/S8; ","")&IF(AND(AO31="P9",AN31<>"T17"),"P9 hanya dengan T17; ","")&IF(AND(OR(AN31="T17",AO31="P9"),AM31<>"R0"),"T17/P9 harus R0; ","")&IF(AND(AN31="T01",AO31<>"P6"),"T01 biasanya P6 (periksa); ","")&IF(AND(AO31="P1",AQ31<>"K4"),"P1 biasanya K4 (periksa); ","")))
A32: 29 | B32: =IF(INDEX(Korpus!$A:$A,$A32)="","",INDEX(Korpus!$A:$A,$A32)) | C32: =TRIM(INDEX(Korpus!$D:$D,$A32)&" "&INDEX(Korpus!$E:$E,$A32)) | D32: =IF(INDEX(Korpus!$B:$B,$A32)="","",INDEX(Korpus!$B:$B,$A32)) | E32: =IF(INDEX(Korpus!$C:$C,$A32)="","",INDEX(Korpus!$C:$C,$A32)) | F32: =IF(INDEX(Korpus!$F:$F,$A32)="","",INDEX(Korpus!$F:$F,$A32)) | Y32: =IF(OR(M32="",S32=""),"",IF(M32=S32,"Sama","Beda")) | Z32: =IF(OR(N32="",T32=""),"",IF(N32=T32,"Sama","Beda")) | AA32: =IF(OR(O32="",U32=""),"",IF(O32=U32,"Sama","Beda")) | AB32: =IF(OR(P32="",V32=""),"",IF(P32=V32,"Sama","Beda")) | AC32: =IF(OR(Q32="",W32=""),"",IF(Q32=W32,"Sama","Beda")) | AD32: =IF(OR(R32="",X32=""),"",IF(R32=X32,"Sama","Beda")) | AE32: =COUNTIF(Y32:AD32,"Beda") -> 0 | AL32: =IF(AF32<>"",AF32,IF(AND(M32<>"",M32=S32),M32,"")) | AM32: =IF(AG32<>"",AG32,IF(AND(N32<>"",N32=T32),N32,"")) | AN32: =IF(AH32<>"",AH32,IF(AND(O32<>"",O32=U32),O32,"")) | AO32: =IF(AI32<>"",AI32,IF(AND(P32<>"",P32=V32),P32,"")) | AP32: =IF(AJ32<>"",AJ32,IF(AND(Q32<>"",Q32=W32),Q32,"")) | AQ32: =IF(AK32<>"",AK32,IF(AND(R32<>"",R32=X32),R32,"")) | AS32: =IF(COUNTA(M32:R32)+COUNTA(S32:X32)<12,"Menunggu coder",IF(AE32=0,"Sepakat",IF(SUMPRODUCT((Y32:AD32="Beda")*(AF32:AK32=""))=0,"Selesai adjudikasi","Perlu adjudikasi"))) -> Menunggu coder | AT32: =IF(COUNTIF(AL32:AQ32,"?*")<6,"",IF(IF(AND(AM32="R0",AQ32<>"K5"),"R0 harus K5; ","")&IF(AND(AM32="R1",AQ32="K3"),"R1 tidak boleh K3 (fungsional); ","")&IF(AND(AM32="R2",AQ32="K5"),"R2 tidak boleh K5; ","")&IF(AND(AM32="R2",OR(AL32="S6",AL32="S7",AL32="S8")),"R2 tidak boleh S6/S7/S8; ","")&IF(AND(AO32="P9",AN32<>"T17"),"P9 hanya dengan T17; ","")&IF(AND(OR(AN32="T17",AO32="P9"),AM32<>"R0"),"T17/P9 harus R0; ","")&IF(AND(AN32="T01",AO32<>"P6"),"T01 biasanya P6 (periksa); ","")&IF(AND(AO32="P1",AQ32<>"K4"),"P1 biasanya K4 (periksa); ","")="","OK",IF(AND(AM32="R0",AQ32<>"K5"),"R0 harus K5; ","")&IF(AND(AM32="R1",AQ32="K3"),"R1 tidak boleh K3 (fungsional); ","")&IF(AND(AM32="R2",AQ32="K5"),"R2 tidak boleh K5; ","")&IF(AND(AM32="R2",OR(AL32="S6",AL32="S7",AL32="S8")),"R2 tidak boleh S6/S7/S8; ","")&IF(AND(AO32="P9",AN32<>"T17"),"P9 hanya dengan T17; ","")&IF(AND(OR(AN32="T17",AO32="P9"),AM32<>"R0"),"T17/P9 harus R0; ","")&IF(AND(AN32="T01",AO32<>"P6"),"T01 biasanya P6 (periksa); ","")&IF(AND(AO32="P1",AQ32<>"K4"),"P1 biasanya K4 (periksa); ","")))
A33: 30 | B33: =IF(INDEX(Korpus!$A:$A,$A33)="","",INDEX(Korpus!$A:$A,$A33)) | C33: =TRIM(INDEX(Korpus!$D:$D,$A33)&" "&INDEX(Korpus!$E:$E,$A33)) | D33: =IF(INDEX(Korpus!$B:$B,$A33)="","",INDEX(Korpus!$B:$B,$A33)) | E33: =IF(INDEX(Korpus!$C:$C,$A33)="","",INDEX(Korpus!$C:$C,$A33)) | F33: =IF(INDEX(Korpus!$F:$F,$A33)="","",INDEX(Korpus!$F:$F,$A33)) | G33: S9 | H33: R1 | I33: T02 | J33: P7 | K33: F8 | L33: K5 | Y33: =IF(OR(M33="",S33=""),"",IF(M33=S33,"Sama","Beda")) | Z33: =IF(OR(N33="",T33=""),"",IF(N33=T33,"Sama","Beda")) | AA33: =IF(OR(O33="",U33=""),"",IF(O33=U33,"Sama","Beda")) | AB33: =IF(OR(P33="",V33=""),"",IF(P33=V33,"Sama","Beda")) | AC33: =IF(OR(Q33="",W33=""),"",IF(Q33=W33,"Sama","Beda")) | AD33: =IF(OR(R33="",X33=""),"",IF(R33=X33,"Sama","Beda")) | AE33: =COUNTIF(Y33:AD33,"Beda") -> 0 | AL33: =IF(AF33<>"",AF33,IF(AND(M33<>"",M33=S33),M33,"")) | AM33: =IF(AG33<>"",AG33,IF(AND(N33<>"",N33=T33),N33,"")) | AN33: =IF(AH33<>"",AH33,IF(AND(O33<>"",O33=U33),O33,"")) | AO33: =IF(AI33<>"",AI33,IF(AND(P33<>"",P33=V33),P33,"")) | AP33: =IF(AJ33<>"",AJ33,IF(AND(Q33<>"",Q33=W33),Q33,"")) | AQ33: =IF(AK33<>"",AK33,IF(AND(R33<>"",R33=X33),R33,"")) | AS33: =IF(COUNTA(M33:R33)+COUNTA(S33:X33)<12,"Menunggu coder",IF(AE33=0,"Sepakat",IF(SUMPRODUCT((Y33:AD33="Beda")*(AF33:AK33=""))=0,"Selesai adjudikasi","Perlu adjudikasi"))) -> Menunggu coder | AT33: =IF(COUNTIF(AL33:AQ33,"?*")<6,"",IF(IF(AND(AM33="R0",AQ33<>"K5"),"R0 harus K5; ","")&IF(AND(AM33="R1",AQ33="K3"),"R1 tidak boleh K3 (fungsional); ","")&IF(AND(AM33="R2",AQ33="K5"),"R2 tidak boleh K5; ","")&IF(AND(AM33="R2",OR(AL33="S6",AL33="S7",AL33="S8")),"R2 tidak boleh S6/S7/S8; ","")&IF(AND(AO33="P9",AN33<>"T17"),"P9 hanya dengan T17; ","")&IF(AND(OR(AN33="T17",AO33="P9"),AM33<>"R0"),"T17/P9 harus R0; ","")&IF(AND(AN33="T01",AO33<>"P6"),"T01 biasanya P6 (periksa); ","")&IF(AND(AO33="P1",AQ33<>"K4"),"P1 biasanya K4 (periksa); ","")="","OK",IF(AND(AM33="R0",AQ33<>"K5"),"R0 harus K5; ","")&IF(AND(AM33="R1",AQ33="K3"),"R1 tidak boleh K3 (fungsional); ","")&IF(AND(AM33="R2",AQ33="K5"),"R2 tidak boleh K5; ","")&IF(AND(AM33="R2",OR(AL33="S6",AL33="S7",AL33="S8")),"R2 tidak boleh S6/S7/S8; ","")&IF(AND(AO33="P9",AN33<>"T17"),"P9 hanya dengan T17; ","")&IF(AND(OR(AN33="T17",AO33="P9"),AM33<>"R0"),"T17/P9 harus R0; ","")&IF(AND(AN33="T01",AO33<>"P6"),"T01 biasanya P6 (periksa); ","")&IF(AND(AO33="P1",AQ33<>"K4"),"P1 biasanya K4 (periksa); ","")))
A34: 31 | B34: =IF(INDEX(Korpus!$A:$A,$A34)="","",INDEX(Korpus!$A:$A,$A34)) | C34: =TRIM(INDEX(Korpus!$D:$D,$A34)&" "&INDEX(Korpus!$E:$E,$A34)) | D34: =IF(INDEX(Korpus!$B:$B,$A34)="","",INDEX(Korpus!$B:$B,$A34)) | E34: =IF(INDEX(Korpus!$C:$C,$A34)="","",INDEX(Korpus!$C:$C,$A34)) | F34: =IF(INDEX(Korpus!$F:$F,$A34)="","",INDEX(Korpus!$F:$F,$A34)) | Y34: =IF(OR(M34="",S34=""),"",IF(M34=S34,"Sama","Beda")) | Z34: =IF(OR(N34="",T34=""),"",IF(N34=T34,"Sama","Beda")) | AA34: =IF(OR(O34="",U34=""),"",IF(O34=U34,"Sama","Beda")) | AB34: =IF(OR(P34="",V34=""),"",IF(P34=V34,"Sama","Beda")) | AC34: =IF(OR(Q34="",W34=""),"",IF(Q34=W34,"Sama","Beda")) | AD34: =IF(OR(R34="",X34=""),"",IF(R34=X34,"Sama","Beda")) | AE34: =COUNTIF(Y34:AD34,"Beda") -> 0 | AL34: =IF(AF34<>"",AF34,IF(AND(M34<>"",M34=S34),M34,"")) | AM34: =IF(AG34<>"",AG34,IF(AND(N34<>"",N34=T34),N34,"")) | AN34: =IF(AH34<>"",AH34,IF(AND(O34<>"",O34=U34),O34,"")) | AO34: =IF(AI34<>"",AI34,IF(AND(P34<>"",P34=V34),P34,"")) | AP34: =IF(AJ34<>"",AJ34,IF(AND(Q34<>"",Q34=W34),Q34,"")) | AQ34: =IF(AK34<>"",AK34,IF(AND(R34<>"",R34=X34),R34,"")) | AS34: =IF(COUNTA(M34:R34)+COUNTA(S34:X34)<12,"Menunggu coder",IF(AE34=0,"Sepakat",IF(SUMPRODUCT((Y34:AD34="Beda")*(AF34:AK34=""))=0,"Selesai adjudikasi","Perlu adjudikasi"))) -> Menunggu coder | AT34: =IF(COUNTIF(AL34:AQ34,"?*")<6,"",IF(IF(AND(AM34="R0",AQ34<>"K5"),"R0 harus K5; ","")&IF(AND(AM34="R1",AQ34="K3"),"R1 tidak boleh K3 (fungsional); ","")&IF(AND(AM34="R2",AQ34="K5"),"R2 tidak boleh K5; ","")&IF(AND(AM34="R2",OR(AL34="S6",AL34="S7",AL34="S8")),"R2 tidak boleh S6/S7/S8; ","")&IF(AND(AO34="P9",AN34<>"T17"),"P9 hanya dengan T17; ","")&IF(AND(OR(AN34="T17",AO34="P9"),AM34<>"R0"),"T17/P9 harus R0; ","")&IF(AND(AN34="T01",AO34<>"P6"),"T01 biasanya P6 (periksa); ","")&IF(AND(AO34="P1",AQ34<>"K4"),"P1 biasanya K4 (periksa); ","")="","OK",IF(AND(AM34="R0",AQ34<>"K5"),"R0 harus K5; ","")&IF(AND(AM34="R1",AQ34="K3"),"R1 tidak boleh K3 (fungsional); ","")&IF(AND(AM34="R2",AQ34="K5"),"R2 tidak boleh K5; ","")&IF(AND(AM34="R2",OR(AL34="S6",AL34="S7",AL34="S8")),"R2 tidak boleh S6/S7/S8; ","")&IF(AND(AO34="P9",AN34<>"T17"),"P9 hanya dengan T17; ","")&IF(AND(OR(AN34="T17",AO34="P9"),AM34<>"R0"),"T17/P9 harus R0; ","")&IF(AND(AN34="T01",AO34<>"P6"),"T01 biasanya P6 (periksa); ","")&IF(AND(AO34="P1",AQ34<>"K4"),"P1 biasanya K4 (periksa); ","")))
A35: 32 | B35: =IF(INDEX(Korpus!$A:$A,$A35)="","",INDEX(Korpus!$A:$A,$A35)) | C35: =TRIM(INDEX(Korpus!$D:$D,$A35)&" "&INDEX(Korpus!$E:$E,$A35)) | D35: =IF(INDEX(Korpus!$B:$B,$A35)="","",INDEX(Korpus!$B:$B,$A35)) | E35: =IF(INDEX(Korpus!$C:$C,$A35)="","",INDEX(Korpus!$C:$C,$A35)) | F35: =IF(INDEX(Korpus!$F:$F,$A35)="","",INDEX(Korpus!$F:$F,$A35)) | G35: S4 | H35: R2 | I35: T04 | J35: P3 | K35: F7 | L35: K3 | Y35: =IF(OR(M35="",S35=""),"",IF(M35=S35,"Sama","Beda")) | Z35: =IF(OR(N35="",T35=""),"",IF(N35=T35,"Sama","Beda")) | AA35: =IF(OR(O35="",U35=""),"",IF(O35=U35,"Sama","Beda")) | AB35: =IF(OR(P35="",V35=""),"",IF(P35=V35,"Sama","Beda")) | AC35: =IF(OR(Q35="",W35=""),"",IF(Q35=W35,"Sama","Beda")) | AD35: =IF(OR(R35="",X35=""),"",IF(R35=X35,"Sama","Beda")) | AE35: =COUNTIF(Y35:AD35,"Beda") -> 0 | AL35: =IF(AF35<>"",AF35,IF(AND(M35<>"",M35=S35),M35,"")) | AM35: =IF(AG35<>"",AG35,IF(AND(N35<>"",N35=T35),N35,"")) | AN35: =IF(AH35<>"",AH35,IF(AND(O35<>"",O35=U35),O35,"")) | AO35: =IF(AI35<>"",AI35,IF(AND(P35<>"",P35=V35),P35,"")) | AP35: =IF(AJ35<>"",AJ35,IF(AND(Q35<>"",Q35=W35),Q35,"")) | AQ35: =IF(AK35<>"",AK35,IF(AND(R35<>"",R35=X35),R35,"")) | AS35: =IF(COUNTA(M35:R35)+COUNTA(S35:X35)<12,"Menunggu coder",IF(AE35=0,"Sepakat",IF(SUMPRODUCT((Y35:AD35="Beda")*(AF35:AK35=""))=0,"Selesai adjudikasi","Perlu adjudikasi"))) -> Menunggu coder | AT35: =IF(COUNTIF(AL35:AQ35,"?*")<6,"",IF(IF(AND(AM35="R0",AQ35<>"K5"),"R0 harus K5; ","")&IF(AND(AM35="R1",AQ35="K3"),"R1 tidak boleh K3 (fungsional); ","")&IF(AND(AM35="R2",AQ35="K5"),"R2 tidak boleh K5; ","")&IF(AND(AM35="R2",OR(AL35="S6",AL35="S7",AL35="S8")),"R2 tidak boleh S6/S7/S8; ","")&IF(AND(AO35="P9",AN35<>"T17"),"P9 hanya dengan T17; ","")&IF(AND(OR(AN35="T17",AO35="P9"),AM35<>"R0"),"T17/P9 harus R0; ","")&IF(AND(AN35="T01",AO35<>"P6"),"T01 biasanya P6 (periksa); ","")&IF(AND(AO35="P1",AQ35<>"K4"),"P1 biasanya K4 (periksa); ","")="","OK",IF(AND(AM35="R0",AQ35<>"K5"),"R0 harus K5; ","")&IF(AND(AM35="R1",AQ35="K3"),"R1 tidak boleh K3 (fungsional); ","")&IF(AND(AM35="R2",AQ35="K5"),"R2 tidak boleh K5; ","")&IF(AND(AM35="R2",OR(AL35="S6",AL35="S7",AL35="S8")),"R2 tidak boleh S6/S7/S8; ","")&IF(AND(AO35="P9",AN35<>"T17"),"P9 hanya dengan T17; ","")&IF(AND(OR(AN35="T17",AO35="P9"),AM35<>"R0"),"T17/P9 harus R0; ","")&IF(AND(AN35="T01",AO35<>"P6"),"T01 biasanya P6 (periksa); ","")&IF(AND(AO35="P1",AQ35<>"K4"),"P1 biasanya K4 (periksa); ","")))
A36: 33 | B36: =IF(INDEX(Korpus!$A:$A,$A36)="","",INDEX(Korpus!$A:$A,$A36)) | C36: =TRIM(INDEX(Korpus!$D:$D,$A36)&" "&INDEX(Korpus!$E:$E,$A36)) | D36: =IF(INDEX(Korpus!$B:$B,$A36)="","",INDEX(Korpus!$B:$B,$A36)) | E36: =IF(INDEX(Korpus!$C:$C,$A36)="","",INDEX(Korpus!$C:$C,$A36)) | F36: =IF(INDEX(Korpus!$F:$F,$A36)="","",INDEX(Korpus!$F:$F,$A36)) | Y36: =IF(OR(M36="",S36=""),"",IF(M36=S36,"Sama","Beda")) | Z36: =IF(OR(N36="",T36=""),"",IF(N36=T36,"Sama","Beda")) | AA36: =IF(OR(O36="",U36=""),"",IF(O36=U36,"Sama","Beda")) | AB36: =IF(OR(P36="",V36=""),"",IF(P36=V36,"Sama","Beda")) | AC36: =IF(OR(Q36="",W36=""),"",IF(Q36=W36,"Sama","Beda")) | AD36: =IF(OR(R36="",X36=""),"",IF(R36=X36,"Sama","Beda")) | AE36: =COUNTIF(Y36:AD36,"Beda") -> 0 | AL36: =IF(AF36<>"",AF36,IF(AND(M36<>"",M36=S36),M36,"")) | AM36: =IF(AG36<>"",AG36,IF(AND(N36<>"",N36=T36),N36,"")) | AN36: =IF(AH36<>"",AH36,IF(AND(O36<>"",O36=U36),O36,"")) | AO36: =IF(AI36<>"",AI36,IF(AND(P36<>"",P36=V36),P36,"")) | AP36: =IF(AJ36<>"",AJ36,IF(AND(Q36<>"",Q36=W36),Q36,"")) | AQ36: =IF(AK36<>"",AK36,IF(AND(R36<>"",R36=X36),R36,"")) | AS36: =IF(COUNTA(M36:R36)+COUNTA(S36:X36)<12,"Menunggu coder",IF(AE36=0,"Sepakat",IF(SUMPRODUCT((Y36:AD36="Beda")*(AF36:AK36=""))=0,"Selesai adjudikasi","Perlu adjudikasi"))) -> Menunggu coder | AT36: =IF(COUNTIF(AL36:AQ36,"?*")<6,"",IF(IF(AND(AM36="R0",AQ36<>"K5"),"R0 harus K5; ","")&IF(AND(AM36="R1",AQ36="K3"),"R1 tidak boleh K3 (fungsional); ","")&IF(AND(AM36="R2",AQ36="K5"),"R2 tidak boleh K5; ","")&IF(AND(AM36="R2",OR(AL36="S6",AL36="S7",AL36="S8")),"R2 tidak boleh S6/S7/S8; ","")&IF(AND(AO36="P9",AN36<>"T17"),"P9 hanya dengan T17; ","")&IF(AND(OR(AN36="T17",AO36="P9"),AM36<>"R0"),"T17/P9 harus R0; ","")&IF(AND(AN36="T01",AO36<>"P6"),"T01 biasanya P6 (periksa); ","")&IF(AND(AO36="P1",AQ36<>"K4"),"P1 biasanya K4 (periksa); ","")="","OK",IF(AND(AM36="R0",AQ36<>"K5"),"R0 harus K5; ","")&IF(AND(AM36="R1",AQ36="K3"),"R1 tidak boleh K3 (fungsional); ","")&IF(AND(AM36="R2",AQ36="K5"),"R2 tidak boleh K5; ","")&IF(AND(AM36="R2",OR(AL36="S6",AL36="S7",AL36="S8")),"R2 tidak boleh S6/S7/S8; ","")&IF(AND(AO36="P9",AN36<>"T17"),"P9 hanya dengan T17; ","")&IF(AND(OR(AN36="T17",AO36="P9"),AM36<>"R0"),"T17/P9 harus R0; ","")&IF(AND(AN36="T01",AO36<>"P6"),"T01 biasanya P6 (periksa); ","")&IF(AND(AO36="P1",AQ36<>"K4"),"P1 biasanya K4 (periksa); ","")))
A37: 34 | B37: =IF(INDEX(Korpus!$A:$A,$A37)="","",INDEX(Korpus!$A:$A,$A37)) | C37: =TRIM(INDEX(Korpus!$D:$D,$A37)&" "&INDEX(Korpus!$E:$E,$A37)) | D37: =IF(INDEX(Korpus!$B:$B,$A37)="","",INDEX(Korpus!$B:$B,$A37)) | E37: =IF(INDEX(Korpus!$C:$C,$A37)="","",INDEX(Korpus!$C:$C,$A37)) | F37: =IF(INDEX(Korpus!$F:$F,$A37)="","",INDEX(Korpus!$F:$F,$A37)) | Y37: =IF(OR(M37="",S37=""),"",IF(M37=S37,"Sama","Beda")) | Z37: =IF(OR(N37="",T37=""),"",IF(N37=T37,"Sama","Beda")) | AA37: =IF(OR(O37="",U37=""),"",IF(O37=U37,"Sama","Beda")) | AB37: =IF(OR(P37="",V37=""),"",IF(P37=V37,"Sama","Beda")) | AC37: =IF(OR(Q37="",W37=""),"",IF(Q37=W37,"Sama","Beda")) | AD37: =IF(OR(R37="",X37=""),"",IF(R37=X37,"Sama","Beda")) | AE37: =COUNTIF(Y37:AD37,"Beda") -> 0 | AL37: =IF(AF37<>"",AF37,IF(AND(M37<>"",M37=S37),M37,"")) | AM37: =IF(AG37<>"",AG37,IF(AND(N37<>"",N37=T37),N37,"")) | AN37: =IF(AH37<>"",AH37,IF(AND(O37<>"",O37=U37),O37,"")) | AO37: =IF(AI37<>"",AI37,IF(AND(P37<>"",P37=V37),P37,"")) | AP37: =IF(AJ37<>"",AJ37,IF(AND(Q37<>"",Q37=W37),Q37,"")) | AQ37: =IF(AK37<>"",AK37,IF(AND(R37<>"",R37=X37),R37,"")) | AS37: =IF(COUNTA(M37:R37)+COUNTA(S37:X37)<12,"Menunggu coder",IF(AE37=0,"Sepakat",IF(SUMPRODUCT((Y37:AD37="Beda")*(AF37:AK37=""))=0,"Selesai adjudikasi","Perlu adjudikasi"))) -> Menunggu coder | AT37: =IF(COUNTIF(AL37:AQ37,"?*")<6,"",IF(IF(AND(AM37="R0",AQ37<>"K5"),"R0 harus K5; ","")&IF(AND(AM37="R1",AQ37="K3"),"R1 tidak boleh K3 (fungsional); ","")&IF(AND(AM37="R2",AQ37="K5"),"R2 tidak boleh K5; ","")&IF(AND(AM37="R2",OR(AL37="S6",AL37="S7",AL37="S8")),"R2 tidak boleh S6/S7/S8; ","")&IF(AND(AO37="P9",AN37<>"T17"),"P9 hanya dengan T17; ","")&IF(AND(OR(AN37="T17",AO37="P9"),AM37<>"R0"),"T17/P9 harus R0; ","")&IF(AND(AN37="T01",AO37<>"P6"),"T01 biasanya P6 (periksa); ","")&IF(AND(AO37="P1",AQ37<>"K4"),"P1 biasanya K4 (periksa); ","")="","OK",IF(AND(AM37="R0",AQ37<>"K5"),"R0 harus K5; ","")&IF(AND(AM37="R1",AQ37="K3"),"R1 tidak boleh K3 (fungsional); ","")&IF(AND(AM37="R2",AQ37="K5"),"R2 tidak boleh K5; ","")&IF(AND(AM37="R2",OR(AL37="S6",AL37="S7",AL37="S8")),"R2 tidak boleh S6/S7/S8; ","")&IF(AND(AO37="P9",AN37<>"T17"),"P9 hanya dengan T17; ","")&IF(AND(OR(AN37="T17",AO37="P9"),AM37<>"R0"),"T17/P9 harus R0; ","")&IF(AND(AN37="T01",AO37<>"P6"),"T01 biasanya P6 (periksa); ","")&IF(AND(AO37="P1",AQ37<>"K4"),"P1 biasanya K4 (periksa); ","")))
A38: 35 | B38: =IF(INDEX(Korpus!$A:$A,$A38)="","",INDEX(Korpus!$A:$A,$A38)) | C38: =TRIM(INDEX(Korpus!$D:$D,$A38)&" "&INDEX(Korpus!$E:$E,$A38)) | D38: =IF(INDEX(Korpus!$B:$B,$A38)="","",INDEX(Korpus!$B:$B,$A38)) | E38: =IF(INDEX(Korpus!$C:$C,$A38)="","",INDEX(Korpus!$C:$C,$A38)) | F38: =IF(INDEX(Korpus!$F:$F,$A38)="","",INDEX(Korpus!$F:$F,$A38)) | Y38: =IF(OR(M38="",S38=""),"",IF(M38=S38,"Sama","Beda")) | Z38: =IF(OR(N38="",T38=""),"",IF(N38=T38,"Sama","Beda")) | AA38: =IF(OR(O38="",U38=""),"",IF(O38=U38,"Sama","Beda")) | AB38: =IF(OR(P38="",V38=""),"",IF(P38=V38,"Sama","Beda")) | AC38: =IF(OR(Q38="",W38=""),"",IF(Q38=W38,"Sama","Beda")) | AD38: =IF(OR(R38="",X38=""),"",IF(R38=X38,"Sama","Beda")) | AE38: =COUNTIF(Y38:AD38,"Beda") -> 0 | AL38: =IF(AF38<>"",AF38,IF(AND(M38<>"",M38=S38),M38,"")) | AM38: =IF(AG38<>"",AG38,IF(AND(N38<>"",N38=T38),N38,"")) | AN38: =IF(AH38<>"",AH38,IF(AND(O38<>"",O38=U38),O38,"")) | AO38: =IF(AI38<>"",AI38,IF(AND(P38<>"",P38=V38),P38,"")) | AP38: =IF(AJ38<>"",AJ38,IF(AND(Q38<>"",Q38=W38),Q38,"")) | AQ38: =IF(AK38<>"",AK38,IF(AND(R38<>"",R38=X38),R38,"")) | AS38: =IF(COUNTA(M38:R38)+COUNTA(S38:X38)<12,"Menunggu coder",IF(AE38=0,"Sepakat",IF(SUMPRODUCT((Y38:AD38="Beda")*(AF38:AK38=""))=0,"Selesai adjudikasi","Perlu adjudikasi"))) -> Menunggu coder | AT38: =IF(COUNTIF(AL38:AQ38,"?*")<6,"",IF(IF(AND(AM38="R0",AQ38<>"K5"),"R0 harus K5; ","")&IF(AND(AM38="R1",AQ38="K3"),"R1 tidak boleh K3 (fungsional); ","")&IF(AND(AM38="R2",AQ38="K5"),"R2 tidak boleh K5; ","")&IF(AND(AM38="R2",OR(AL38="S6",AL38="S7",AL38="S8")),"R2 tidak boleh S6/S7/S8; ","")&IF(AND(AO38="P9",AN38<>"T17"),"P9 hanya dengan T17; ","")&IF(AND(OR(AN38="T17",AO38="P9"),AM38<>"R0"),"T17/P9 harus R0; ","")&IF(AND(AN38="T01",AO38<>"P6"),"T01 biasanya P6 (periksa); ","")&IF(AND(AO38="P1",AQ38<>"K4"),"P1 biasanya K4 (periksa); ","")="","OK",IF(AND(AM38="R0",AQ38<>"K5"),"R0 harus K5; ","")&IF(AND(AM38="R1",AQ38="K3"),"R1 tidak boleh K3 (fungsional); ","")&IF(AND(AM38="R2",AQ38="K5"),"R2 tidak boleh K5; ","")&IF(AND(AM38="R2",OR(AL38="S6",AL38="S7",AL38="S8")),"R2 tidak boleh S6/S7/S8; ","")&IF(AND(AO38="P9",AN38<>"T17"),"P9 hanya dengan T17; ","")&IF(AND(OR(AN38="T17",AO38="P9"),AM38<>"R0"),"T17/P9 harus R0; ","")&IF(AND(AN38="T01",AO38<>"P6"),"T01 biasanya P6 (periksa); ","")&IF(AND(AO38="P1",AQ38<>"K4"),"P1 biasanya K4 (periksa); ","")))
A39: 36 | B39: =IF(INDEX(Korpus!$A:$A,$A39)="","",INDEX(Korpus!$A:$A,$A39)) | C39: =TRIM(INDEX(Korpus!$D:$D,$A39)&" "&INDEX(Korpus!$E:$E,$A39)) | D39: =IF(INDEX(Korpus!$B:$B,$A39)="","",INDEX(Korpus!$B:$B,$A39)) | E39: =IF(INDEX(Korpus!$C:$C,$A39)="","",INDEX(Korpus!$C:$C,$A39)) | F39: =IF(INDEX(Korpus!$F:$F,$A39)="","",INDEX(Korpus!$F:$F,$A39)) | Y39: =IF(OR(M39="",S39=""),"",IF(M39=S39,"Sama","Beda")) | Z39: =IF(OR(N39="",T39=""),"",IF(N39=T39,"Sama","Beda")) | AA39: =IF(OR(O39="",U39=""),"",IF(O39=U39,"Sama","Beda")) | AB39: =IF(OR(P39="",V39=""),"",IF(P39=V39,"Sama","Beda")) | AC39: =IF(OR(Q39="",W39=""),"",IF(Q39=W39,"Sama","Beda")) | AD39: =IF(OR(R39="",X39=""),"",IF(R39=X39,"Sama","Beda")) | AE39: =COUNTIF(Y39:AD39,"Beda") -> 0 | AL39: =IF(AF39<>"",AF39,IF(AND(M39<>"",M39=S39),M39,"")) | AM39: =IF(AG39<>"",AG39,IF(AND(N39<>"",N39=T39),N39,"")) | AN39: =IF(AH39<>"",AH39,IF(AND(O39<>"",O39=U39),O39,"")) | AO39: =IF(AI39<>"",AI39,IF(AND(P39<>"",P39=V39),P39,"")) | AP39: =IF(AJ39<>"",AJ39,IF(AND(Q39<>"",Q39=W39),Q39,"")) | AQ39: =IF(AK39<>"",AK39,IF(AND(R39<>"",R39=X39),R39,"")) | AS39: =IF(COUNTA(M39:R39)+COUNTA(S39:X39)<12,"Menunggu coder",IF(AE39=0,"Sepakat",IF(SUMPRODUCT((Y39:AD39="Beda")*(AF39:AK39=""))=0,"Selesai adjudikasi","Perlu adjudikasi"))) -> Menunggu coder | AT39: =IF(COUNTIF(AL39:AQ39,"?*")<6,"",IF(IF(AND(AM39="R0",AQ39<>"K5"),"R0 harus K5; ","")&IF(AND(AM39="R1",AQ39="K3"),"R1 tidak boleh K3 (fungsional); ","")&IF(AND(AM39="R2",AQ39="K5"),"R2 tidak boleh K5; ","")&IF(AND(AM39="R2",OR(AL39="S6",AL39="S7",AL39="S8")),"R2 tidak boleh S6/S7/S8; ","")&IF(AND(AO39="P9",AN39<>"T17"),"P9 hanya dengan T17; ","")&IF(AND(OR(AN39="T17",AO39="P9"),AM39<>"R0"),"T17/P9 harus R0; ","")&IF(AND(AN39="T01",AO39<>"P6"),"T01 biasanya P6 (periksa); ","")&IF(AND(AO39="P1",AQ39<>"K4"),"P1 biasanya K4 (periksa); ","")="","OK",IF(AND(AM39="R0",AQ39<>"K5"),"R0 harus K5; ","")&IF(AND(AM39="R1",AQ39="K3"),"R1 tidak boleh K3 (fungsional); ","")&IF(AND(AM39="R2",AQ39="K5"),"R2 tidak boleh K5; ","")&IF(AND(AM39="R2",OR(AL39="S6",AL39="S7",AL39="S8")),"R2 tidak boleh S6/S7/S8; ","")&IF(AND(AO39="P9",AN39<>"T17"),"P9 hanya dengan T17; ","")&IF(AND(OR(AN39="T17",AO39="P9"),AM39<>"R0"),"T17/P9 harus R0; ","")&IF(AND(AN39="T01",AO39<>"P6"),"T01 biasanya P6 (periksa); ","")&IF(AND(AO39="P1",AQ39<>"K4"),"P1 biasanya K4 (periksa); ","")))
A40: 37 | B40: =IF(INDEX(Korpus!$A:$A,$A40)="","",INDEX(Korpus!$A:$A,$A40)) | C40: =TRIM(INDEX(Korpus!$D:$D,$A40)&" "&INDEX(Korpus!$E:$E,$A40)) | D40: =IF(INDEX(Korpus!$B:$B,$A40)="","",INDEX(Korpus!$B:$B,$A40)) | E40: =IF(INDEX(Korpus!$C:$C,$A40)="","",INDEX(Korpus!$C:$C,$A40)) | F40: =IF(INDEX(Korpus!$F:$F,$A40)="","",INDEX(Korpus!$F:$F,$A40)) | Y40: =IF(OR(M40="",S40=""),"",IF(M40=S40,"Sama","Beda")) | Z40: =IF(OR(N40="",T40=""),"",IF(N40=T40,"Sama","Beda")) | AA40: =IF(OR(O40="",U40=""),"",IF(O40=U40,"Sama","Beda")) | AB40: =IF(OR(P40="",V40=""),"",IF(P40=V40,"Sama","Beda")) | AC40: =IF(OR(Q40="",W40=""),"",IF(Q40=W40,"Sama","Beda")) | AD40: =IF(OR(R40="",X40=""),"",IF(R40=X40,"Sama","Beda")) | AE40: =COUNTIF(Y40:AD40,"Beda") -> 0 | AL40: =IF(AF40<>"",AF40,IF(AND(M40<>"",M40=S40),M40,"")) | AM40: =IF(AG40<>"",AG40,IF(AND(N40<>"",N40=T40),N40,"")) | AN40: =IF(AH40<>"",AH40,IF(AND(O40<>"",O40=U40),O40,"")) | AO40: =IF(AI40<>"",AI40,IF(AND(P40<>"",P40=V40),P40,"")) | AP40: =IF(AJ40<>"",AJ40,IF(AND(Q40<>"",Q40=W40),Q40,"")) | AQ40: =IF(AK40<>"",AK40,IF(AND(R40<>"",R40=X40),R40,"")) | AS40: =IF(COUNTA(M40:R40)+COUNTA(S40:X40)<12,"Menunggu coder",IF(AE40=0,"Sepakat",IF(SUMPRODUCT((Y40:AD40="Beda")*(AF40:AK40=""))=0,"Selesai adjudikasi","Perlu adjudikasi"))) -> Menunggu coder | AT40: =IF(COUNTIF(AL40:AQ40,"?*")<6,"",IF(IF(AND(AM40="R0",AQ40<>"K5"),"R0 harus K5; ","")&IF(AND(AM40="R1",AQ40="K3"),"R1 tidak boleh K3 (fungsional); ","")&IF(AND(AM40="R2",AQ40="K5"),"R2 tidak boleh K5; ","")&IF(AND(AM40="R2",OR(AL40="S6",AL40="S7",AL40="S8")),"R2 tidak boleh S6/S7/S8; ","")&IF(AND(AO40="P9",AN40<>"T17"),"P9 hanya dengan T17; ","")&IF(AND(OR(AN40="T17",AO40="P9"),AM40<>"R0"),"T17/P9 harus R0; ","")&IF(AND(AN40="T01",AO40<>"P6"),"T01 biasanya P6 (periksa); ","")&IF(AND(AO40="P1",AQ40<>"K4"),"P1 biasanya K4 (periksa); ","")="","OK",IF(AND(AM40="R0",AQ40<>"K5"),"R0 harus K5; ","")&IF(AND(AM40="R1",AQ40="K3"),"R1 tidak boleh K3 (fungsional); ","")&IF(AND(AM40="R2",AQ40="K5"),"R2 tidak boleh K5; ","")&IF(AND(AM40="R2",OR(AL40="S6",AL40="S7",AL40="S8")),"R2 tidak boleh S6/S7/S8; ","")&IF(AND(AO40="P9",AN40<>"T17"),"P9 hanya dengan T17; ","")&IF(AND(OR(AN40="T17",AO40="P9"),AM40<>"R0"),"T17/P9 harus R0; ","")&IF(AND(AN40="T01",AO40<>"P6"),"T01 biasanya P6 (periksa); ","")&IF(AND(AO40="P1",AQ40<>"K4"),"P1 biasanya K4 (periksa); ","")))
A41: 38 | B41: =IF(INDEX(Korpus!$A:$A,$A41)="","",INDEX(Korpus!$A:$A,$A41)) | C41: =TRIM(INDEX(Korpus!$D:$D,$A41)&" "&INDEX(Korpus!$E:$E,$A41)) | D41: =IF(INDEX(Korpus!$B:$B,$A41)="","",INDEX(Korpus!$B:$B,$A41)) | E41: =IF(INDEX(Korpus!$C:$C,$A41)="","",INDEX(Korpus!$C:$C,$A41)) | F41: =IF(INDEX(Korpus!$F:$F,$A41)="","",INDEX(Korpus!$F:$F,$A41)) | Y41: =IF(OR(M41="",S41=""),"",IF(M41=S41,"Sama","Beda")) | Z41: =IF(OR(N41="",T41=""),"",IF(N41=T41,"Sama","Beda")) | AA41: =IF(OR(O41="",U41=""),"",IF(O41=U41,"Sama","Beda")) | AB41: =IF(OR(P41="",V41=""),"",IF(P41=V41,"Sama","Beda")) | AC41: =IF(OR(Q41="",W41=""),"",IF(Q41=W41,"Sama","Beda")) | AD41: =IF(OR(R41="",X41=""),"",IF(R41=X41,"Sama","Beda")) | AE41: =COUNTIF(Y41:AD41,"Beda") -> 0 | AL41: =IF(AF41<>"",AF41,IF(AND(M41<>"",M41=S41),M41,"")) | AM41: =IF(AG41<>"",AG41,IF(AND(N41<>"",N41=T41),N41,"")) | AN41: =IF(AH41<>"",AH41,IF(AND(O41<>"",O41=U41),O41,"")) | AO41: =IF(AI41<>"",AI41,IF(AND(P41<>"",P41=V41),P41,"")) | AP41: =IF(AJ41<>"",AJ41,IF(AND(Q41<>"",Q41=W41),Q41,"")) | AQ41: =IF(AK41<>"",AK41,IF(AND(R41<>"",R41=X41),R41,"")) | AS41: =IF(COUNTA(M41:R41)+COUNTA(S41:X41)<12,"Menunggu coder",IF(AE41=0,"Sepakat",IF(SUMPRODUCT((Y41:AD41="Beda")*(AF41:AK41=""))=0,"Selesai adjudikasi","Perlu adjudikasi"))) -> Menunggu coder | AT41: =IF(COUNTIF(AL41:AQ41,"?*")<6,"",IF(IF(AND(AM41="R0",AQ41<>"K5"),"R0 harus K5; ","")&IF(AND(AM41="R1",AQ41="K3"),"R1 tidak boleh K3 (fungsional); ","")&IF(AND(AM41="R2",AQ41="K5"),"R2 tidak boleh K5; ","")&IF(AND(AM41="R2",OR(AL41="S6",AL41="S7",AL41="S8")),"R2 tidak boleh S6/S7/S8; ","")&IF(AND(AO41="P9",AN41<>"T17"),"P9 hanya dengan T17; ","")&IF(AND(OR(AN41="T17",AO41="P9"),AM41<>"R0"),"T17/P9 harus R0; ","")&IF(AND(AN41="T01",AO41<>"P6"),"T01 biasanya P6 (periksa); ","")&IF(AND(AO41="P1",AQ41<>"K4"),"P1 biasanya K4 (periksa); ","")="","OK",IF(AND(AM41="R0",AQ41<>"K5"),"R0 harus K5; ","")&IF(AND(AM41="R1",AQ41="K3"),"R1 tidak boleh K3 (fungsional); ","")&IF(AND(AM41="R2",AQ41="K5"),"R2 tidak boleh K5; ","")&IF(AND(AM41="R2",OR(AL41="S6",AL41="S7",AL41="S8")),"R2 tidak boleh S6/S7/S8; ","")&IF(AND(AO41="P9",AN41<>"T17"),"P9 hanya dengan T17; ","")&IF(AND(OR(AN41="T17",AO41="P9"),AM41<>"R0"),"T17/P9 harus R0; ","")&IF(AND(AN41="T01",AO41<>"P6"),"T01 biasanya P6 (periksa); ","")&IF(AND(AO41="P1",AQ41<>"K4"),"P1 biasanya K4 (periksa); ","")))
A42: 39 | B42: =IF(INDEX(Korpus!$A:$A,$A42)="","",INDEX(Korpus!$A:$A,$A42)) | C42: =TRIM(INDEX(Korpus!$D:$D,$A42)&" "&INDEX(Korpus!$E:$E,$A42)) | D42: =IF(INDEX(Korpus!$B:$B,$A42)="","",INDEX(Korpus!$B:$B,$A42)) | E42: =IF(INDEX(Korpus!$C:$C,$A42)="","",INDEX(Korpus!$C:$C,$A42)) | F42: =IF(INDEX(Korpus!$F:$F,$A42)="","",INDEX(Korpus!$F:$F,$A42)) | Y42: =IF(OR(M42="",S42=""),"",IF(M42=S42,"Sama","Beda")) | Z42: =IF(OR(N42="",T42=""),"",IF(N42=T42,"Sama","Beda")) | AA42: =IF(OR(O42="",U42=""),"",IF(O42=U42,"Sama","Beda")) | AB42: =IF(OR(P42="",V42=""),"",IF(P42=V42,"Sama","Beda")) | AC42: =IF(OR(Q42="",W42=""),"",IF(Q42=W42,"Sama","Beda")) | AD42: =IF(OR(R42="",X42=""),"",IF(R42=X42,"Sama","Beda")) | AE42: =COUNTIF(Y42:AD42,"Beda") -> 0 | AL42: =IF(AF42<>"",AF42,IF(AND(M42<>"",M42=S42),M42,"")) | AM42: =IF(AG42<>"",AG42,IF(AND(N42<>"",N42=T42),N42,"")) | AN42: =IF(AH42<>"",AH42,IF(AND(O42<>"",O42=U42),O42,"")) | AO42: =IF(AI42<>"",AI42,IF(AND(P42<>"",P42=V42),P42,"")) | AP42: =IF(AJ42<>"",AJ42,IF(AND(Q42<>"",Q42=W42),Q42,"")) | AQ42: =IF(AK42<>"",AK42,IF(AND(R42<>"",R42=X42),R42,"")) | AS42: =IF(COUNTA(M42:R42)+COUNTA(S42:X42)<12,"Menunggu coder",IF(AE42=0,"Sepakat",IF(SUMPRODUCT((Y42:AD42="Beda")*(AF42:AK42=""))=0,"Selesai adjudikasi","Perlu adjudikasi"))) -> Menunggu coder | AT42: =IF(COUNTIF(AL42:AQ42,"?*")<6,"",IF(IF(AND(AM42="R0",AQ42<>"K5"),"R0 harus K5; ","")&IF(AND(AM42="R1",AQ42="K3"),"R1 tidak boleh K3 (fungsional); ","")&IF(AND(AM42="R2",AQ42="K5"),"R2 tidak boleh K5; ","")&IF(AND(AM42="R2",OR(AL42="S6",AL42="S7",AL42="S8")),"R2 tidak boleh S6/S7/S8; ","")&IF(AND(AO42="P9",AN42<>"T17"),"P9 hanya dengan T17; ","")&IF(AND(OR(AN42="T17",AO42="P9"),AM42<>"R0"),"T17/P9 harus R0; ","")&IF(AND(AN42="T01",AO42<>"P6"),"T01 biasanya P6 (periksa); ","")&IF(AND(AO42="P1",AQ42<>"K4"),"P1 biasanya K4 (periksa); ","")="","OK",IF(AND(AM42="R0",AQ42<>"K5"),"R0 harus K5; ","")&IF(AND(AM42="R1",AQ42="K3"),"R1 tidak boleh K3 (fungsional); ","")&IF(AND(AM42="R2",AQ42="K5"),"R2 tidak boleh K5; ","")&IF(AND(AM42="R2",OR(AL42="S6",AL42="S7",AL42="S8")),"R2 tidak boleh S6/S7/S8; ","")&IF(AND(AO42="P9",AN42<>"T17"),"P9 hanya dengan T17; ","")&IF(AND(OR(AN42="T17",AO42="P9"),AM42<>"R0"),"T17/P9 harus R0; ","")&IF(AND(AN42="T01",AO42<>"P6"),"T01 biasanya P6 (periksa); ","")&IF(AND(AO42="P1",AQ42<>"K4"),"P1 biasanya K4 (periksa); ","")))
A43: 40 | B43: =IF(INDEX(Korpus!$A:$A,$A43)="","",INDEX(Korpus!$A:$A,$A43)) | C43: =TRIM(INDEX(Korpus!$D:$D,$A43)&" "&INDEX(Korpus!$E:$E,$A43)) | D43: =IF(INDEX(Korpus!$B:$B,$A43)="","",INDEX(Korpus!$B:$B,$A43)) | E43: =IF(INDEX(Korpus!$C:$C,$A43)="","",INDEX(Korpus!$C:$C,$A43)) | F43: =IF(INDEX(Korpus!$F:$F,$A43)="","",INDEX(Korpus!$F:$F,$A43)) | Y43: =IF(OR(M43="",S43=""),"",IF(M43=S43,"Sama","Beda")) | Z43: =IF(OR(N43="",T43=""),"",IF(N43=T43,"Sama","Beda")) | AA43: =IF(OR(O43="",U43=""),"",IF(O43=U43,"Sama","Beda")) | AB43: =IF(OR(P43="",V43=""),"",IF(P43=V43,"Sama","Beda")) | AC43: =IF(OR(Q43="",W43=""),"",IF(Q43=W43,"Sama","Beda")) | AD43: =IF(OR(R43="",X43=""),"",IF(R43=X43,"Sama","Beda")) | AE43: =COUNTIF(Y43:AD43,"Beda") -> 0 | AL43: =IF(AF43<>"",AF43,IF(AND(M43<>"",M43=S43),M43,"")) | AM43: =IF(AG43<>"",AG43,IF(AND(N43<>"",N43=T43),N43,"")) | AN43: =IF(AH43<>"",AH43,IF(AND(O43<>"",O43=U43),O43,"")) | AO43: =IF(AI43<>"",AI43,IF(AND(P43<>"",P43=V43),P43,"")) | AP43: =IF(AJ43<>"",AJ43,IF(AND(Q43<>"",Q43=W43),Q43,"")) | AQ43: =IF(AK43<>"",AK43,IF(AND(R43<>"",R43=X43),R43,"")) | AS43: =IF(COUNTA(M43:R43)+COUNTA(S43:X43)<12,"Menunggu coder",IF(AE43=0,"Sepakat",IF(SUMPRODUCT((Y43:AD43="Beda")*(AF43:AK43=""))=0,"Selesai adjudikasi","Perlu adjudikasi"))) -> Menunggu coder | AT43: =IF(COUNTIF(AL43:AQ43,"?*")<6,"",IF(IF(AND(AM43="R0",AQ43<>"K5"),"R0 harus K5; ","")&IF(AND(AM43="R1",AQ43="K3"),"R1 tidak boleh K3 (fungsional); ","")&IF(AND(AM43="R2",AQ43="K5"),"R2 tidak boleh K5; ","")&IF(AND(AM43="R2",OR(AL43="S6",AL43="S7",AL43="S8")),"R2 tidak boleh S6/S7/S8; ","")&IF(AND(AO43="P9",AN43<>"T17"),"P9 hanya dengan T17; ","")&IF(AND(OR(AN43="T17",AO43="P9"),AM43<>"R0"),"T17/P9 harus R0; ","")&IF(AND(AN43="T01",AO43<>"P6"),"T01 biasanya P6 (periksa); ","")&IF(AND(AO43="P1",AQ43<>"K4"),"P1 biasanya K4 (periksa); ","")="","OK",IF(AND(AM43="R0",AQ43<>"K5"),"R0 harus K5; ","")&IF(AND(AM43="R1",AQ43="K3"),"R1 tidak boleh K3 (fungsional); ","")&IF(AND(AM43="R2",AQ43="K5"),"R2 tidak boleh K5; ","")&IF(AND(AM43="R2",OR(AL43="S6",AL43="S7",AL43="S8")),"R2 tidak boleh S6/S7/S8; ","")&IF(AND(AO43="P9",AN43<>"T17"),"P9 hanya dengan T17; ","")&IF(AND(OR(AN43="T17",AO43="P9"),AM43<>"R0"),"T17/P9 harus R0; ","")&IF(AND(AN43="T01",AO43<>"P6"),"T01 biasanya P6 (periksa); ","")&IF(AND(AO43="P1",AQ43<>"K4"),"P1 biasanya K4 (periksa); ","")))
A44: 41 | B44: =IF(INDEX(Korpus!$A:$A,$A44)="","",INDEX(Korpus!$A:$A,$A44)) | C44: =TRIM(INDEX(Korpus!$D:$D,$A44)&" "&INDEX(Korpus!$E:$E,$A44)) | D44: =IF(INDEX(Korpus!$B:$B,$A44)="","",INDEX(Korpus!$B:$B,$A44)) | E44: =IF(INDEX(Korpus!$C:$C,$A44)="","",INDEX(Korpus!$C:$C,$A44)) | F44: =IF(INDEX(Korpus!$F:$F,$A44)="","",INDEX(Korpus!$F:$F,$A44)) | Y44: =IF(OR(M44="",S44=""),"",IF(M44=S44,"Sama","Beda")) | Z44: =IF(OR(N44="",T44=""),"",IF(N44=T44,"Sama","Beda")) | AA44: =IF(OR(O44="",U44=""),"",IF(O44=U44,"Sama","Beda")) | AB44: =IF(OR(P44="",V44=""),"",IF(P44=V44,"Sama","Beda")) | AC44: =IF(OR(Q44="",W44=""),"",IF(Q44=W44,"Sama","Beda")) | AD44: =IF(OR(R44="",X44=""),"",IF(R44=X44,"Sama","Beda")) | AE44: =COUNTIF(Y44:AD44,"Beda") -> 0 | AL44: =IF(AF44<>"",AF44,IF(AND(M44<>"",M44=S44),M44,"")) | AM44: =IF(AG44<>"",AG44,IF(AND(N44<>"",N44=T44),N44,"")) | AN44: =IF(AH44<>"",AH44,IF(AND(O44<>"",O44=U44),O44,"")) | AO44: =IF(AI44<>"",AI44,IF(AND(P44<>"",P44=V44),P44,"")) | AP44: =IF(AJ44<>"",AJ44,IF(AND(Q44<>"",Q44=W44),Q44,"")) | AQ44: =IF(AK44<>"",AK44,IF(AND(R44<>"",R44=X44),R44,"")) | AS44: =IF(COUNTA(M44:R44)+COUNTA(S44:X44)<12,"Menunggu coder",IF(AE44=0,"Sepakat",IF(SUMPRODUCT((Y44:AD44="Beda")*(AF44:AK44=""))=0,"Selesai adjudikasi","Perlu adjudikasi"))) -> Menunggu coder | AT44: =IF(COUNTIF(AL44:AQ44,"?*")<6,"",IF(IF(AND(AM44="R0",AQ44<>"K5"),"R0 harus K5; ","")&IF(AND(AM44="R1",AQ44="K3"),"R1 tidak boleh K3 (fungsional); ","")&IF(AND(AM44="R2",AQ44="K5"),"R2 tidak boleh K5; ","")&IF(AND(AM44="R2",OR(AL44="S6",AL44="S7",AL44="S8")),"R2 tidak boleh S6/S7/S8; ","")&IF(AND(AO44="P9",AN44<>"T17"),"P9 hanya dengan T17; ","")&IF(AND(OR(AN44="T17",AO44="P9"),AM44<>"R0"),"T17/P9 harus R0; ","")&IF(AND(AN44="T01",AO44<>"P6"),"T01 biasanya P6 (periksa); ","")&IF(AND(AO44="P1",AQ44<>"K4"),"P1 biasanya K4 (periksa); ","")="","OK",IF(AND(AM44="R0",AQ44<>"K5"),"R0 harus K5; ","")&IF(AND(AM44="R1",AQ44="K3"),"R1 tidak boleh K3 (fungsional); ","")&IF(AND(AM44="R2",AQ44="K5"),"R2 tidak boleh K5; ","")&IF(AND(AM44="R2",OR(AL44="S6",AL44="S7",AL44="S8")),"R2 tidak boleh S6/S7/S8; ","")&IF(AND(AO44="P9",AN44<>"T17"),"P9 hanya dengan T17; ","")&IF(AND(OR(AN44="T17",AO44="P9"),AM44<>"R0"),"T17/P9 harus R0; ","")&IF(AND(AN44="T01",AO44<>"P6"),"T01 biasanya P6 (periksa); ","")&IF(AND(AO44="P1",AQ44<>"K4"),"P1 biasanya K4 (periksa); ","")))
A45: 42 | B45: =IF(INDEX(Korpus!$A:$A,$A45)="","",INDEX(Korpus!$A:$A,$A45)) | C45: =TRIM(INDEX(Korpus!$D:$D,$A45)&" "&INDEX(Korpus!$E:$E,$A45)) | D45: =IF(INDEX(Korpus!$B:$B,$A45)="","",INDEX(Korpus!$B:$B,$A45)) | E45: =IF(INDEX(Korpus!$C:$C,$A45)="","",INDEX(Korpus!$C:$C,$A45)) | F45: =IF(INDEX(Korpus!$F:$F,$A45)="","",INDEX(Korpus!$F:$F,$A45)) | Y45: =IF(OR(M45="",S45=""),"",IF(M45=S45,"Sama","Beda")) | Z45: =IF(OR(N45="",T45=""),"",IF(N45=T45,"Sama","Beda")) | AA45: =IF(OR(O45="",U45=""),"",IF(O45=U45,"Sama","Beda")) | AB45: =IF(OR(P45="",V45=""),"",IF(P45=V45,"Sama","Beda")) | AC45: =IF(OR(Q45="",W45=""),"",IF(Q45=W45,"Sama","Beda")) | AD45: =IF(OR(R45="",X45=""),"",IF(R45=X45,"Sama","Beda")) | AE45: =COUNTIF(Y45:AD45,"Beda") -> 0 | AL45: =IF(AF45<>"",AF45,IF(AND(M45<>"",M45=S45),M45,"")) | AM45: =IF(AG45<>"",AG45,IF(AND(N45<>"",N45=T45),N45,"")) | AN45: =IF(AH45<>"",AH45,IF(AND(O45<>"",O45=U45),O45,"")) | AO45: =IF(AI45<>"",AI45,IF(AND(P45<>"",P45=V45),P45,"")) | AP45: =IF(AJ45<>"",AJ45,IF(AND(Q45<>"",Q45=W45),Q45,"")) | AQ45: =IF(AK45<>"",AK45,IF(AND(R45<>"",R45=X45),R45,"")) | AS45: =IF(COUNTA(M45:R45)+COUNTA(S45:X45)<12,"Menunggu coder",IF(AE45=0,"Sepakat",IF(SUMPRODUCT((Y45:AD45="Beda")*(AF45:AK45=""))=0,"Selesai adjudikasi","Perlu adjudikasi"))) -> Menunggu coder | AT45: =IF(COUNTIF(AL45:AQ45,"?*")<6,"",IF(IF(AND(AM45="R0",AQ45<>"K5"),"R0 harus K5; ","")&IF(AND(AM45="R1",AQ45="K3"),"R1 tidak boleh K3 (fungsional); ","")&IF(AND(AM45="R2",AQ45="K5"),"R2 tidak boleh K5; ","")&IF(AND(AM45="R2",OR(AL45="S6",AL45="S7",AL45="S8")),"R2 tidak boleh S6/S7/S8; ","")&IF(AND(AO45="P9",AN45<>"T17"),"P9 hanya dengan T17; ","")&IF(AND(OR(AN45="T17",AO45="P9"),AM45<>"R0"),"T17/P9 harus R0; ","")&IF(AND(AN45="T01",AO45<>"P6"),"T01 biasanya P6 (periksa); ","")&IF(AND(AO45="P1",AQ45<>"K4"),"P1 biasanya K4 (periksa); ","")="","OK",IF(AND(AM45="R0",AQ45<>"K5"),"R0 harus K5; ","")&IF(AND(AM45="R1",AQ45="K3"),"R1 tidak boleh K3 (fungsional); ","")&IF(AND(AM45="R2",AQ45="K5"),"R2 tidak boleh K5; ","")&IF(AND(AM45="R2",OR(AL45="S6",AL45="S7",AL45="S8")),"R2 tidak boleh S6/S7/S8; ","")&IF(AND(AO45="P9",AN45<>"T17"),"P9 hanya dengan T17; ","")&IF(AND(OR(AN45="T17",AO45="P9"),AM45<>"R0"),"T17/P9 harus R0; ","")&IF(AND(AN45="T01",AO45<>"P6"),"T01 biasanya P6 (periksa); ","")&IF(AND(AO45="P1",AQ45<>"K4"),"P1 biasanya K4 (periksa); ","")))
A46: 43 | B46: =IF(INDEX(Korpus!$A:$A,$A46)="","",INDEX(Korpus!$A:$A,$A46)) | C46: =TRIM(INDEX(Korpus!$D:$D,$A46)&" "&INDEX(Korpus!$E:$E,$A46)) | D46: =IF(INDEX(Korpus!$B:$B,$A46)="","",INDEX(Korpus!$B:$B,$A46)) | E46: =IF(INDEX(Korpus!$C:$C,$A46)="","",INDEX(Korpus!$C:$C,$A46)) | F46: =IF(INDEX(Korpus!$F:$F,$A46)="","",INDEX(Korpus!$F:$F,$A46)) | Y46: =IF(OR(M46="",S46=""),"",IF(M46=S46,"Sama","Beda")) | Z46: =IF(OR(N46="",T46=""),"",IF(N46=T46,"Sama","Beda")) | AA46: =IF(OR(O46="",U46=""),"",IF(O46=U46,"Sama","Beda")) | AB46: =IF(OR(P46="",V46=""),"",IF(P46=V46,"Sama","Beda")) | AC46: =IF(OR(Q46="",W46=""),"",IF(Q46=W46,"Sama","Beda")) | AD46: =IF(OR(R46="",X46=""),"",IF(R46=X46,"Sama","Beda")) | AE46: =COUNTIF(Y46:AD46,"Beda") -> 0 | AL46: =IF(AF46<>"",AF46,IF(AND(M46<>"",M46=S46),M46,"")) | AM46: =IF(AG46<>"",AG46,IF(AND(N46<>"",N46=T46),N46,"")) | AN46: =IF(AH46<>"",AH46,IF(AND(O46<>"",O46=U46),O46,"")) | AO46: =IF(AI46<>"",AI46,IF(AND(P46<>"",P46=V46),P46,"")) | AP46: =IF(AJ46<>"",AJ46,IF(AND(Q46<>"",Q46=W46),Q46,"")) | AQ46: =IF(AK46<>"",AK46,IF(AND(R46<>"",R46=X46),R46,"")) | AS46: =IF(COUNTA(M46:R46)+COUNTA(S46:X46)<12,"Menunggu coder",IF(AE46=0,"Sepakat",IF(SUMPRODUCT((Y46:AD46="Beda")*(AF46:AK46=""))=0,"Selesai adjudikasi","Perlu adjudikasi"))) -> Menunggu coder | AT46: =IF(COUNTIF(AL46:AQ46,"?*")<6,"",IF(IF(AND(AM46="R0",AQ46<>"K5"),"R0 harus K5; ","")&IF(AND(AM46="R1",AQ46="K3"),"R1 tidak boleh K3 (fungsional); ","")&IF(AND(AM46="R2",AQ46="K5"),"R2 tidak boleh K5; ","")&IF(AND(AM46="R2",OR(AL46="S6",AL46="S7",AL46="S8")),"R2 tidak boleh S6/S7/S8; ","")&IF(AND(AO46="P9",AN46<>"T17"),"P9 hanya dengan T17; ","")&IF(AND(OR(AN46="T17",AO46="P9"),AM46<>"R0"),"T17/P9 harus R0; ","")&IF(AND(AN46="T01",AO46<>"P6"),"T01 biasanya P6 (periksa); ","")&IF(AND(AO46="P1",AQ46<>"K4"),"P1 biasanya K4 (periksa); ","")="","OK",IF(AND(AM46="R0",AQ46<>"K5"),"R0 harus K5; ","")&IF(AND(AM46="R1",AQ46="K3"),"R1 tidak boleh K3 (fungsional); ","")&IF(AND(AM46="R2",AQ46="K5"),"R2 tidak boleh K5; ","")&IF(AND(AM46="R2",OR(AL46="S6",AL46="S7",AL46="S8")),"R2 tidak boleh S6/S7/S8; ","")&IF(AND(AO46="P9",AN46<>"T17"),"P9 hanya dengan T17; ","")&IF(AND(OR(AN46="T17",AO46="P9"),AM46<>"R0"),"T17/P9 harus R0; ","")&IF(AND(AN46="T01",AO46<>"P6"),"T01 biasanya P6 (periksa); ","")&IF(AND(AO46="P1",AQ46<>"K4"),"P1 biasanya K4 (periksa); ","")))
A47: 44 | B47: =IF(INDEX(Korpus!$A:$A,$A47)="","",INDEX(Korpus!$A:$A,$A47)) | C47: =TRIM(INDEX(Korpus!$D:$D,$A47)&" "&INDEX(Korpus!$E:$E,$A47)) | D47: =IF(INDEX(Korpus!$B:$B,$A47)="","",INDEX(Korpus!$B:$B,$A47)) | E47: =IF(INDEX(Korpus!$C:$C,$A47)="","",INDEX(Korpus!$C:$C,$A47)) | F47: =IF(INDEX(Korpus!$F:$F,$A47)="","",INDEX(Korpus!$F:$F,$A47)) | Y47: =IF(OR(M47="",S47=""),"",IF(M47=S47,"Sama","Beda")) | Z47: =IF(OR(N47="",T47=""),"",IF(N47=T47,"Sama","Beda")) | AA47: =IF(OR(O47="",U47=""),"",IF(O47=U47,"Sama","Beda")) | AB47: =IF(OR(P47="",V47=""),"",IF(P47=V47,"Sama","Beda")) | AC47: =IF(OR(Q47="",W47=""),"",IF(Q47=W47,"Sama","Beda")) | AD47: =IF(OR(R47="",X47=""),"",IF(R47=X47,"Sama","Beda")) | AE47: =COUNTIF(Y47:AD47,"Beda") -> 0 | AL47: =IF(AF47<>"",AF47,IF(AND(M47<>"",M47=S47),M47,"")) | AM47: =IF(AG47<>"",AG47,IF(AND(N47<>"",N47=T47),N47,"")) | AN47: =IF(AH47<>"",AH47,IF(AND(O47<>"",O47=U47),O47,"")) | AO47: =IF(AI47<>"",AI47,IF(AND(P47<>"",P47=V47),P47,"")) | AP47: =IF(AJ47<>"",AJ47,IF(AND(Q47<>"",Q47=W47),Q47,"")) | AQ47: =IF(AK47<>"",AK47,IF(AND(R47<>"",R47=X47),R47,"")) | AS47: =IF(COUNTA(M47:R47)+COUNTA(S47:X47)<12,"Menunggu coder",IF(AE47=0,"Sepakat",IF(SUMPRODUCT((Y47:AD47="Beda")*(AF47:AK47=""))=0,"Selesai adjudikasi","Perlu adjudikasi"))) -> Menunggu coder | AT47: =IF(COUNTIF(AL47:AQ47,"?*")<6,"",IF(IF(AND(AM47="R0",AQ47<>"K5"),"R0 harus K5; ","")&IF(AND(AM47="R1",AQ47="K3"),"R1 tidak boleh K3 (fungsional); ","")&IF(AND(AM47="R2",AQ47="K5"),"R2 tidak boleh K5; ","")&IF(AND(AM47="R2",OR(AL47="S6",AL47="S7",AL47="S8")),"R2 tidak boleh S6/S7/S8; ","")&IF(AND(AO47="P9",AN47<>"T17"),"P9 hanya dengan T17; ","")&IF(AND(OR(AN47="T17",AO47="P9"),AM47<>"R0"),"T17/P9 harus R0; ","")&IF(AND(AN47="T01",AO47<>"P6"),"T01 biasanya P6 (periksa); ","")&IF(AND(AO47="P1",AQ47<>"K4"),"P1 biasanya K4 (periksa); ","")="","OK",IF(AND(AM47="R0",AQ47<>"K5"),"R0 harus K5; ","")&IF(AND(AM47="R1",AQ47="K3"),"R1 tidak boleh K3 (fungsional); ","")&IF(AND(AM47="R2",AQ47="K5"),"R2 tidak boleh K5; ","")&IF(AND(AM47="R2",OR(AL47="S6",AL47="S7",AL47="S8")),"R2 tidak boleh S6/S7/S8; ","")&IF(AND(AO47="P9",AN47<>"T17"),"P9 hanya dengan T17; ","")&IF(AND(OR(AN47="T17",AO47="P9"),AM47<>"R0"),"T17/P9 harus R0; ","")&IF(AND(AN47="T01",AO47<>"P6"),"T01 biasanya P6 (periksa); ","")&IF(AND(AO47="P1",AQ47<>"K4"),"P1 biasanya K4 (periksa); ","")))
... A51: 48 | B51: =IF(INDEX(Korpus!$A:$A,$A51)="","",INDEX(Korpus!$A:$A,$A51)) | C51: =TRIM(INDEX(Korpus!$D:$D,$A51)&" "&INDEX(Korpus!$E:$E,$A51)) | D51: =IF(INDEX(Korpus!$B:$B,$A51)="","",INDEX(Korpus!$B:$B,$A51)) | E51: =IF(INDEX(Korpus!$C:$C,$A51)="","",INDEX(Korpus!$C:$C,$A51)) | F51: =IF(INDEX(Korpus!$F:$F,$A51)="","",INDEX(Korpus!$F:$F,$A51)) | Y51: =IF(OR(M51="",S51=""),"",IF(M51=S51,"Sama","Beda")) | Z51: =IF(OR(N51="",T51=""),"",IF(N51=T51,"Sama","Beda")) | AA51: =IF(OR(O51="",U51=""),"",IF(O51=U51,"Sama","Beda")) | AB51: =IF(OR(P51="",V51=""),"",IF(P51=V51,"Sama","Beda")) | AC51: =IF(OR(Q51="",W51=""),"",IF(Q51=W51,"Sama","Beda")) | AD51: =IF(OR(R51="",X51=""),"",IF(R51=X51,"Sama","Beda")) | AE51: =COUNTIF(Y51:AD51,"Beda") -> 0 | AL51: =IF(AF51<>"",AF51,IF(AND(M51<>"",M51=S51),M51,"")) | AM51: =IF(AG51<>"",AG51,IF(AND(N51<>"",N51=T51),N51,"")) | AN51: =IF(AH51<>"",AH51,IF(AND(O51<>"",O51=U51),O51,"")) | AO51: =IF(AI51<>"",AI51,IF(AND(P51<>"",P51=V51),P51,"")) | AP51: =IF(AJ51<>"",AJ51,IF(AND(Q51<>"",Q51=W51),Q51,"")) | AQ51: =IF(AK51<>"",AK51,IF(AND(R51<>"",R51=X51),R51,"")) | AS51: =IF(COUNTA(M51:R51)+COUNTA(S51:X51)<12,"Menunggu coder",IF(AE51=0,"Sepakat",IF(SUMPRODUCT((Y51:AD51="Beda")*(AF51:AK51=""))=0,"Selesai adjudikasi","Perlu adjudikasi"))) -> Menunggu coder | AT51: =IF(COUNTIF(AL51:AQ51,"?*")<6,"",IF(IF(AND(AM51="R0",AQ51<>"K5"),"R0 harus K5; ","")&IF(AND(AM51="R1",AQ51="K3"),"R1 tidak boleh K3 (fungsional); ","")&IF(AND(AM51="R2",AQ51="K5"),"R2 tidak boleh K5; ","")&IF(AND(AM51="R2",OR(AL51="S6",AL51="S7",AL51="S8")),"R2 tidak boleh S6/S7/S8; ","")&IF(AND(AO51="P9",AN51<>"T17"),"P9 hanya dengan T17; ","")&IF(AND(OR(AN51="T17",AO51="P9"),AM51<>"R0"),"T17/P9 harus R0; ","")&IF(AND(AN51="T01",AO51<>"P6"),"T01 biasanya P6 (periksa); ","")&IF(AND(AO51="P1",AQ51<>"K4"),"P1 biasanya K4 (periksa); ","")="","OK",IF(AND(AM51="R0",AQ51<>"K5"),"R0 harus K5; ","")&IF(AND(AM51="R1",AQ51="K3"),"R1 tidak boleh K3 (fungsional); ","")&IF(AND(AM51="R2",AQ51="K5"),"R2 tidak boleh K5; ","")&IF(AND(AM51="R2",OR(AL51="S6",AL51="S7",AL51="S8")),"R2 tidak boleh S6/S7/S8; ","")&IF(AND(AO51="P9",AN51<>"T17"),"P9 hanya dengan T17; ","")&IF(AND(OR(AN51="T17",AO51="P9"),AM51<>"R0"),"T17/P9 harus R0; ","")&IF(AND(AN51="T01",AO51<>"P6"),"T01 biasanya P6 (periksa); ","")&IF(AND(AO51="P1",AQ51<>"K4"),"P1 biasanya K4 (periksa); ","")))
A52: 49 | B52: =IF(INDEX(Korpus!$A:$A,$A52)="","",INDEX(Korpus!$A:$A,$A52)) | C52: =TRIM(INDEX(Korpus!$D:$D,$A52)&" "&INDEX(Korpus!$E:$E,$A52)) | D52: =IF(INDEX(Korpus!$B:$B,$A52)="","",INDEX(Korpus!$B:$B,$A52)) | E52: =IF(INDEX(Korpus!$C:$C,$A52)="","",INDEX(Korpus!$C:$C,$A52)) | F52: =IF(INDEX(Korpus!$F:$F,$A52)="","",INDEX(Korpus!$F:$F,$A52)) | G52: S9 | H52: R2 | I52: T05 | J52: P2 | K52: F1 | L52: K3 | Y52: =IF(OR(M52="",S52=""),"",IF(M52=S52,"Sama","Beda")) | Z52: =IF(OR(N52="",T52=""),"",IF(N52=T52,"Sama","Beda")) | AA52: =IF(OR(O52="",U52=""),"",IF(O52=U52,"Sama","Beda")) | AB52: =IF(OR(P52="",V52=""),"",IF(P52=V52,"Sama","Beda")) | AC52: =IF(OR(Q52="",W52=""),"",IF(Q52=W52,"Sama","Beda")) | AD52: =IF(OR(R52="",X52=""),"",IF(R52=X52,"Sama","Beda")) | AE52: =COUNTIF(Y52:AD52,"Beda") -> 0 | AL52: =IF(AF52<>"",AF52,IF(AND(M52<>"",M52=S52),M52,"")) | AM52: =IF(AG52<>"",AG52,IF(AND(N52<>"",N52=T52),N52,"")) | AN52: =IF(AH52<>"",AH52,IF(AND(O52<>"",O52=U52),O52,"")) | AO52: =IF(AI52<>"",AI52,IF(AND(P52<>"",P52=V52),P52,"")) | AP52: =IF(AJ52<>"",AJ52,IF(AND(Q52<>"",Q52=W52),Q52,"")) | AQ52: =IF(AK52<>"",AK52,IF(AND(R52<>"",R52=X52),R52,"")) | AS52: =IF(COUNTA(M52:R52)+COUNTA(S52:X52)<12,"Menunggu coder",IF(AE52=0,"Sepakat",IF(SUMPRODUCT((Y52:AD52="Beda")*(AF52:AK52=""))=0,"Selesai adjudikasi","Perlu adjudikasi"))) -> Menunggu coder | AT52: =IF(COUNTIF(AL52:AQ52,"?*")<6,"",IF(IF(AND(AM52="R0",AQ52<>"K5"),"R0 harus K5; ","")&IF(AND(AM52="R1",AQ52="K3"),"R1 tidak boleh K3 (fungsional); ","")&IF(AND(AM52="R2",AQ52="K5"),"R2 tidak boleh K5; ","")&IF(AND(AM52="R2",OR(AL52="S6",AL52="S7",AL52="S8")),"R2 tidak boleh S6/S7/S8; ","")&IF(AND(AO52="P9",AN52<>"T17"),"P9 hanya dengan T17; ","")&IF(AND(OR(AN52="T17",AO52="P9"),AM52<>"R0"),"T17/P9 harus R0; ","")&IF(AND(AN52="T01",AO52<>"P6"),"T01 biasanya P6 (periksa); ","")&IF(AND(AO52="P1",AQ52<>"K4"),"P1 biasanya K4 (periksa); ","")="","OK",IF(AND(AM52="R0",AQ52<>"K5"),"R0 harus K5; ","")&IF(AND(AM52="R1",AQ52="K3"),"R1 tidak boleh K3 (fungsional); ","")&IF(AND(AM52="R2",AQ52="K5"),"R2 tidak boleh K5; ","")&IF(AND(AM52="R2",OR(AL52="S6",AL52="S7",AL52="S8")),"R2 tidak boleh S6/S7/S8; ","")&IF(AND(AO52="P9",AN52<>"T17"),"P9 hanya dengan T17; ","")&IF(AND(OR(AN52="T17",AO52="P9"),AM52<>"R0"),"T17/P9 harus R0; ","")&IF(AND(AN52="T01",AO52<>"P6"),"T01 biasanya P6 (periksa); ","")&IF(AND(AO52="P1",AQ52<>"K4"),"P1 biasanya K4 (periksa); ","")))
A53: 50 | B53: =IF(INDEX(Korpus!$A:$A,$A53)="","",INDEX(Korpus!$A:$A,$A53)) | C53: =TRIM(INDEX(Korpus!$D:$D,$A53)&" "&INDEX(Korpus!$E:$E,$A53)) | D53: =IF(INDEX(Korpus!$B:$B,$A53)="","",INDEX(Korpus!$B:$B,$A53)) | E53: =IF(INDEX(Korpus!$C:$C,$A53)="","",INDEX(Korpus!$C:$C,$A53)) | F53: =IF(INDEX(Korpus!$F:$F,$A53)="","",INDEX(Korpus!$F:$F,$A53)) | Y53: =IF(OR(M53="",S53=""),"",IF(M53=S53,"Sama","Beda")) | Z53: =IF(OR(N53="",T53=""),"",IF(N53=T53,"Sama","Beda")) | AA53: =IF(OR(O53="",U53=""),"",IF(O53=U53,"Sama","Beda")) | AB53: =IF(OR(P53="",V53=""),"",IF(P53=V53,"Sama","Beda")) | AC53: =IF(OR(Q53="",W53=""),"",IF(Q53=W53,"Sama","Beda")) | AD53: =IF(OR(R53="",X53=""),"",IF(R53=X53,"Sama","Beda")) | AE53: =COUNTIF(Y53:AD53,"Beda") -> 0 | AL53: =IF(AF53<>"",AF53,IF(AND(M53<>"",M53=S53),M53,"")) | AM53: =IF(AG53<>"",AG53,IF(AND(N53<>"",N53=T53),N53,"")) | AN53: =IF(AH53<>"",AH53,IF(AND(O53<>"",O53=U53),O53,"")) | AO53: =IF(AI53<>"",AI53,IF(AND(P53<>"",P53=V53),P53,"")) | AP53: =IF(AJ53<>"",AJ53,IF(AND(Q53<>"",Q53=W53),Q53,"")) | AQ53: =IF(AK53<>"",AK53,IF(AND(R53<>"",R53=X53),R53,"")) | AS53: =IF(COUNTA(M53:R53)+COUNTA(S53:X53)<12,"Menunggu coder",IF(AE53=0,"Sepakat",IF(SUMPRODUCT((Y53:AD53="Beda")*(AF53:AK53=""))=0,"Selesai adjudikasi","Perlu adjudikasi"))) -> Menunggu coder | AT53: =IF(COUNTIF(AL53:AQ53,"?*")<6,"",IF(IF(AND(AM53="R0",AQ53<>"K5"),"R0 harus K5; ","")&IF(AND(AM53="R1",AQ53="K3"),"R1 tidak boleh K3 (fungsional); ","")&IF(AND(AM53="R2",AQ53="K5"),"R2 tidak boleh K5; ","")&IF(AND(AM53="R2",OR(AL53="S6",AL53="S7",AL53="S8")),"R2 tidak boleh S6/S7/S8; ","")&IF(AND(AO53="P9",AN53<>"T17"),"P9 hanya dengan T17; ","")&IF(AND(OR(AN53="T17",AO53="P9"),AM53<>"R0"),"T17/P9 harus R0; ","")&IF(AND(AN53="T01",AO53<>"P6"),"T01 biasanya P6 (periksa); ","")&IF(AND(AO53="P1",AQ53<>"K4"),"P1 biasanya K4 (periksa); ","")="","OK",IF(AND(AM53="R0",AQ53<>"K5"),"R0 harus K5; ","")&IF(AND(AM53="R1",AQ53="K3"),"R1 tidak boleh K3 (fungsional); ","")&IF(AND(AM53="R2",AQ53="K5"),"R2 tidak boleh K5; ","")&IF(AND(AM53="R2",OR(AL53="S6",AL53="S7",AL53="S8")),"R2 tidak boleh S6/S7/S8; ","")&IF(AND(AO53="P9",AN53<>"T17"),"P9 hanya dengan T17; ","")&IF(AND(OR(AN53="T17",AO53="P9"),AM53<>"R0"),"T17/P9 harus R0; ","")&IF(AND(AN53="T01",AO53<>"P6"),"T01 biasanya P6 (periksa); ","")&IF(AND(AO53="P1",AQ53<>"K4"),"P1 biasanya K4 (periksa); ","")))
A54: 51 | B54: =IF(INDEX(Korpus!$A:$A,$A54)="","",INDEX(Korpus!$A:$A,$A54)) | C54: =TRIM(INDEX(Korpus!$D:$D,$A54)&" "&INDEX(Korpus!$E:$E,$A54)) | D54: =IF(INDEX(Korpus!$B:$B,$A54)="","",INDEX(Korpus!$B:$B,$A54)) | E54: =IF(INDEX(Korpus!$C:$C,$A54)="","",INDEX(Korpus!$C:$C,$A54)) | F54: =IF(INDEX(Korpus!$F:$F,$A54)="","",INDEX(Korpus!$F:$F,$A54)) | Y54: =IF(OR(M54="",S54=""),"",IF(M54=S54,"Sama","Beda")) | Z54: =IF(OR(N54="",T54=""),"",IF(N54=T54,"Sama","Beda")) | AA54: =IF(OR(O54="",U54=""),"",IF(O54=U54,"Sama","Beda")) | AB54: =IF(OR(P54="",V54=""),"",IF(P54=V54,"Sama","Beda")) | AC54: =IF(OR(Q54="",W54=""),"",IF(Q54=W54,"Sama","Beda")) | AD54: =IF(OR(R54="",X54=""),"",IF(R54=X54,"Sama","Beda")) | AE54: =COUNTIF(Y54:AD54,"Beda") -> 0 | AL54: =IF(AF54<>"",AF54,IF(AND(M54<>"",M54=S54),M54,"")) | AM54: =IF(AG54<>"",AG54,IF(AND(N54<>"",N54=T54),N54,"")) | AN54: =IF(AH54<>"",AH54,IF(AND(O54<>"",O54=U54),O54,"")) | AO54: =IF(AI54<>"",AI54,IF(AND(P54<>"",P54=V54),P54,"")) | AP54: =IF(AJ54<>"",AJ54,IF(AND(Q54<>"",Q54=W54),Q54,"")) | AQ54: =IF(AK54<>"",AK54,IF(AND(R54<>"",R54=X54),R54,"")) | AS54: =IF(COUNTA(M54:R54)+COUNTA(S54:X54)<12,"Menunggu coder",IF(AE54=0,"Sepakat",IF(SUMPRODUCT((Y54:AD54="Beda")*(AF54:AK54=""))=0,"Selesai adjudikasi","Perlu adjudikasi"))) -> Menunggu coder | AT54: =IF(COUNTIF(AL54:AQ54,"?*")<6,"",IF(IF(AND(AM54="R0",AQ54<>"K5"),"R0 harus K5; ","")&IF(AND(AM54="R1",AQ54="K3"),"R1 tidak boleh K3 (fungsional); ","")&IF(AND(AM54="R2",AQ54="K5"),"R2 tidak boleh K5; ","")&IF(AND(AM54="R2",OR(AL54="S6",AL54="S7",AL54="S8")),"R2 tidak boleh S6/S7/S8; ","")&IF(AND(AO54="P9",AN54<>"T17"),"P9 hanya dengan T17; ","")&IF(AND(OR(AN54="T17",AO54="P9"),AM54<>"R0"),"T17/P9 harus R0; ","")&IF(AND(AN54="T01",AO54<>"P6"),"T01 biasanya P6 (periksa); ","")&IF(AND(AO54="P1",AQ54<>"K4"),"P1 biasanya K4 (periksa); ","")="","OK",IF(AND(AM54="R0",AQ54<>"K5"),"R0 harus K5; ","")&IF(AND(AM54="R1",AQ54="K3"),"R1 tidak boleh K3 (fungsional); ","")&IF(AND(AM54="R2",AQ54="K5"),"R2 tidak boleh K5; ","")&IF(AND(AM54="R2",OR(AL54="S6",AL54="S7",AL54="S8")),"R2 tidak boleh S6/S7/S8; ","")&IF(AND(AO54="P9",AN54<>"T17"),"P9 hanya dengan T17; ","")&IF(AND(OR(AN54="T17",AO54="P9"),AM54<>"R0"),"T17/P9 harus R0; ","")&IF(AND(AN54="T01",AO54<>"P6"),"T01 biasanya P6 (periksa); ","")&IF(AND(AO54="P1",AQ54<>"K4"),"P1 biasanya K4 (periksa); ","")))
A55: 52 | B55: =IF(INDEX(Korpus!$A:$A,$A55)="","",INDEX(Korpus!$A:$A,$A55)) | C55: =TRIM(INDEX(Korpus!$D:$D,$A55)&" "&INDEX(Korpus!$E:$E,$A55)) | D55: =IF(INDEX(Korpus!$B:$B,$A55)="","",INDEX(Korpus!$B:$B,$A55)) | E55: =IF(INDEX(Korpus!$C:$C,$A55)="","",INDEX(Korpus!$C:$C,$A55)) | F55: =IF(INDEX(Korpus!$F:$F,$A55)="","",INDEX(Korpus!$F:$F,$A55)) | Y55: =IF(OR(M55="",S55=""),"",IF(M55=S55,"Sama","Beda")) | Z55: =IF(OR(N55="",T55=""),"",IF(N55=T55,"Sama","Beda")) | AA55: =IF(OR(O55="",U55=""),"",IF(O55=U55,"Sama","Beda")) | AB55: =IF(OR(P55="",V55=""),"",IF(P55=V55,"Sama","Beda")) | AC55: =IF(OR(Q55="",W55=""),"",IF(Q55=W55,"Sama","Beda")) | AD55: =IF(OR(R55="",X55=""),"",IF(R55=X55,"Sama","Beda")) | AE55: =COUNTIF(Y55:AD55,"Beda") -> 0 | AL55: =IF(AF55<>"",AF55,IF(AND(M55<>"",M55=S55),M55,"")) | AM55: =IF(AG55<>"",AG55,IF(AND(N55<>"",N55=T55),N55,"")) | AN55: =IF(AH55<>"",AH55,IF(AND(O55<>"",O55=U55),O55,"")) | AO55: =IF(AI55<>"",AI55,IF(AND(P55<>"",P55=V55),P55,"")) | AP55: =IF(AJ55<>"",AJ55,IF(AND(Q55<>"",Q55=W55),Q55,"")) | AQ55: =IF(AK55<>"",AK55,IF(AND(R55<>"",R55=X55),R55,"")) | AS55: =IF(COUNTA(M55:R55)+COUNTA(S55:X55)<12,"Menunggu coder",IF(AE55=0,"Sepakat",IF(SUMPRODUCT((Y55:AD55="Beda")*(AF55:AK55=""))=0,"Selesai adjudikasi","Perlu adjudikasi"))) -> Menunggu coder | AT55: =IF(COUNTIF(AL55:AQ55,"?*")<6,"",IF(IF(AND(AM55="R0",AQ55<>"K5"),"R0 harus K5; ","")&IF(AND(AM55="R1",AQ55="K3"),"R1 tidak boleh K3 (fungsional); ","")&IF(AND(AM55="R2",AQ55="K5"),"R2 tidak boleh K5; ","")&IF(AND(AM55="R2",OR(AL55="S6",AL55="S7",AL55="S8")),"R2 tidak boleh S6/S7/S8; ","")&IF(AND(AO55="P9",AN55<>"T17"),"P9 hanya dengan T17; ","")&IF(AND(OR(AN55="T17",AO55="P9"),AM55<>"R0"),"T17/P9 harus R0; ","")&IF(AND(AN55="T01",AO55<>"P6"),"T01 biasanya P6 (periksa); ","")&IF(AND(AO55="P1",AQ55<>"K4"),"P1 biasanya K4 (periksa); ","")="","OK",IF(AND(AM55="R0",AQ55<>"K5"),"R0 harus K5; ","")&IF(AND(AM55="R1",AQ55="K3"),"R1 tidak boleh K3 (fungsional); ","")&IF(AND(AM55="R2",AQ55="K5"),"R2 tidak boleh K5; ","")&IF(AND(AM55="R2",OR(AL55="S6",AL55="S7",AL55="S8")),"R2 tidak boleh S6/S7/S8; ","")&IF(AND(AO55="P9",AN55<>"T17"),"P9 hanya dengan T17; ","")&IF(AND(OR(AN55="T17",AO55="P9"),AM55<>"R0"),"T17/P9 harus R0; ","")&IF(AND(AN55="T01",AO55<>"P6"),"T01 biasanya P6 (periksa); ","")&IF(AND(AO55="P1",AQ55<>"K4"),"P1 biasanya K4 (periksa); ","")))
A56: 53 | B56: =IF(INDEX(Korpus!$A:$A,$A56)="","",INDEX(Korpus!$A:$A,$A56)) | C56: =TRIM(INDEX(Korpus!$D:$D,$A56)&" "&INDEX(Korpus!$E:$E,$A56)) | D56: =IF(INDEX(Korpus!$B:$B,$A56)="","",INDEX(Korpus!$B:$B,$A56)) | E56: =IF(INDEX(Korpus!$C:$C,$A56)="","",INDEX(Korpus!$C:$C,$A56)) | F56: =IF(INDEX(Korpus!$F:$F,$A56)="","",INDEX(Korpus!$F:$F,$A56)) | Y56: =IF(OR(M56="",S56=""),"",IF(M56=S56,"Sama","Beda")) | Z56: =IF(OR(N56="",T56=""),"",IF(N56=T56,"Sama","Beda")) | AA56: =IF(OR(O56="",U56=""),"",IF(O56=U56,"Sama","Beda")) | AB56: =IF(OR(P56="",V56=""),"",IF(P56=V56,"Sama","Beda")) | AC56: =IF(OR(Q56="",W56=""),"",IF(Q56=W56,"Sama","Beda")) | AD56: =IF(OR(R56="",X56=""),"",IF(R56=X56,"Sama","Beda")) | AE56: =COUNTIF(Y56:AD56,"Beda") -> 0 | AL56: =IF(AF56<>"",AF56,IF(AND(M56<>"",M56=S56),M56,"")) | AM56: =IF(AG56<>"",AG56,IF(AND(N56<>"",N56=T56),N56,"")) | AN56: =IF(AH56<>"",AH56,IF(AND(O56<>"",O56=U56),O56,"")) | AO56: =IF(AI56<>"",AI56,IF(AND(P56<>"",P56=V56),P56,"")) | AP56: =IF(AJ56<>"",AJ56,IF(AND(Q56<>"",Q56=W56),Q56,"")) | AQ56: =IF(AK56<>"",AK56,IF(AND(R56<>"",R56=X56),R56,"")) | AS56: =IF(COUNTA(M56:R56)+COUNTA(S56:X56)<12,"Menunggu coder",IF(AE56=0,"Sepakat",IF(SUMPRODUCT((Y56:AD56="Beda")*(AF56:AK56=""))=0,"Selesai adjudikasi","Perlu adjudikasi"))) -> Menunggu coder | AT56: =IF(COUNTIF(AL56:AQ56,"?*")<6,"",IF(IF(AND(AM56="R0",AQ56<>"K5"),"R0 harus K5; ","")&IF(AND(AM56="R1",AQ56="K3"),"R1 tidak boleh K3 (fungsional); ","")&IF(AND(AM56="R2",AQ56="K5"),"R2 tidak boleh K5; ","")&IF(AND(AM56="R2",OR(AL56="S6",AL56="S7",AL56="S8")),"R2 tidak boleh S6/S7/S8; ","")&IF(AND(AO56="P9",AN56<>"T17"),"P9 hanya dengan T17; ","")&IF(AND(OR(AN56="T17",AO56="P9"),AM56<>"R0"),"T17/P9 harus R0; ","")&IF(AND(AN56="T01",AO56<>"P6"),"T01 biasanya P6 (periksa); ","")&IF(AND(AO56="P1",AQ56<>"K4"),"P1 biasanya K4 (periksa); ","")="","OK",IF(AND(AM56="R0",AQ56<>"K5"),"R0 harus K5; ","")&IF(AND(AM56="R1",AQ56="K3"),"R1 tidak boleh K3 (fungsional); ","")&IF(AND(AM56="R2",AQ56="K5"),"R2 tidak boleh K5; ","")&IF(AND(AM56="R2",OR(AL56="S6",AL56="S7",AL56="S8")),"R2 tidak boleh S6/S7/S8; ","")&IF(AND(AO56="P9",AN56<>"T17"),"P9 hanya dengan T17; ","")&IF(AND(OR(AN56="T17",AO56="P9"),AM56<>"R0"),"T17/P9 harus R0; ","")&IF(AND(AN56="T01",AO56<>"P6"),"T01 biasanya P6 (periksa); ","")&IF(AND(AO56="P1",AQ56<>"K4"),"P1 biasanya K4 (periksa); ","")))
A57: 54 | B57: =IF(INDEX(Korpus!$A:$A,$A57)="","",INDEX(Korpus!$A:$A,$A57)) | C57: =TRIM(INDEX(Korpus!$D:$D,$A57)&" "&INDEX(Korpus!$E:$E,$A57)) | D57: =IF(INDEX(Korpus!$B:$B,$A57)="","",INDEX(Korpus!$B:$B,$A57)) | E57: =IF(INDEX(Korpus!$C:$C,$A57)="","",INDEX(Korpus!$C:$C,$A57)) | F57: =IF(INDEX(Korpus!$F:$F,$A57)="","",INDEX(Korpus!$F:$F,$A57)) | Y57: =IF(OR(M57="",S57=""),"",IF(M57=S57,"Sama","Beda")) | Z57: =IF(OR(N57="",T57=""),"",IF(N57=T57,"Sama","Beda")) | AA57: =IF(OR(O57="",U57=""),"",IF(O57=U57,"Sama","Beda")) | AB57: =IF(OR(P57="",V57=""),"",IF(P57=V57,"Sama","Beda")) | AC57: =IF(OR(Q57="",W57=""),"",IF(Q57=W57,"Sama","Beda")) | AD57: =IF(OR(R57="",X57=""),"",IF(R57=X57,"Sama","Beda")) | AE57: =COUNTIF(Y57:AD57,"Beda") -> 0 | AL57: =IF(AF57<>"",AF57,IF(AND(M57<>"",M57=S57),M57,"")) | AM57: =IF(AG57<>"",AG57,IF(AND(N57<>"",N57=T57),N57,"")) | AN57: =IF(AH57<>"",AH57,IF(AND(O57<>"",O57=U57),O57,"")) | AO57: =IF(AI57<>"",AI57,IF(AND(P57<>"",P57=V57),P57,"")) | AP57: =IF(AJ57<>"",AJ57,IF(AND(Q57<>"",Q57=W57),Q57,"")) | AQ57: =IF(AK57<>"",AK57,IF(AND(R57<>"",R57=X57),R57,"")) | AS57: =IF(COUNTA(M57:R57)+COUNTA(S57:X57)<12,"Menunggu coder",IF(AE57=0,"Sepakat",IF(SUMPRODUCT((Y57:AD57="Beda")*(AF57:AK57=""))=0,"Selesai adjudikasi","Perlu adjudikasi"))) -> Menunggu coder | AT57: =IF(COUNTIF(AL57:AQ57,"?*")<6,"",IF(IF(AND(AM57="R0",AQ57<>"K5"),"R0 harus K5; ","")&IF(AND(AM57="R1",AQ57="K3"),"R1 tidak boleh K3 (fungsional); ","")&IF(AND(AM57="R2",AQ57="K5"),"R2 tidak boleh K5; ","")&IF(AND(AM57="R2",OR(AL57="S6",AL57="S7",AL57="S8")),"R2 tidak boleh S6/S7/S8; ","")&IF(AND(AO57="P9",AN57<>"T17"),"P9 hanya dengan T17; ","")&IF(AND(OR(AN57="T17",AO57="P9"),AM57<>"R0"),"T17/P9 harus R0; ","")&IF(AND(AN57="T01",AO57<>"P6"),"T01 biasanya P6 (periksa); ","")&IF(AND(AO57="P1",AQ57<>"K4"),"P1 biasanya K4 (periksa); ","")="","OK",IF(AND(AM57="R0",AQ57<>"K5"),"R0 harus K5; ","")&IF(AND(AM57="R1",AQ57="K3"),"R1 tidak boleh K3 (fungsional); ","")&IF(AND(AM57="R2",AQ57="K5"),"R2 tidak boleh K5; ","")&IF(AND(AM57="R2",OR(AL57="S6",AL57="S7",AL57="S8")),"R2 tidak boleh S6/S7/S8; ","")&IF(AND(AO57="P9",AN57<>"T17"),"P9 hanya dengan T17; ","")&IF(AND(OR(AN57="T17",AO57="P9"),AM57<>"R0"),"T17/P9 harus R0; ","")&IF(AND(AN57="T01",AO57<>"P6"),"T01 biasanya P6 (periksa); ","")&IF(AND(AO57="P1",AQ57<>"K4"),"P1 biasanya K4 (periksa); ","")))
A58: 55 | B58: =IF(INDEX(Korpus!$A:$A,$A58)="","",INDEX(Korpus!$A:$A,$A58)) | C58: =TRIM(INDEX(Korpus!$D:$D,$A58)&" "&INDEX(Korpus!$E:$E,$A58)) | D58: =IF(INDEX(Korpus!$B:$B,$A58)="","",INDEX(Korpus!$B:$B,$A58)) | E58: =IF(INDEX(Korpus!$C:$C,$A58)="","",INDEX(Korpus!$C:$C,$A58)) | F58: =IF(INDEX(Korpus!$F:$F,$A58)="","",INDEX(Korpus!$F:$F,$A58)) | Y58: =IF(OR(M58="",S58=""),"",IF(M58=S58,"Sama","Beda")) | Z58: =IF(OR(N58="",T58=""),"",IF(N58=T58,"Sama","Beda")) | AA58: =IF(OR(O58="",U58=""),"",IF(O58=U58,"Sama","Beda")) | AB58: =IF(OR(P58="",V58=""),"",IF(P58=V58,"Sama","Beda")) | AC58: =IF(OR(Q58="",W58=""),"",IF(Q58=W58,"Sama","Beda")) | AD58: =IF(OR(R58="",X58=""),"",IF(R58=X58,"Sama","Beda")) | AE58: =COUNTIF(Y58:AD58,"Beda") -> 0 | AL58: =IF(AF58<>"",AF58,IF(AND(M58<>"",M58=S58),M58,"")) | AM58: =IF(AG58<>"",AG58,IF(AND(N58<>"",N58=T58),N58,"")) | AN58: =IF(AH58<>"",AH58,IF(AND(O58<>"",O58=U58),O58,"")) | AO58: =IF(AI58<>"",AI58,IF(AND(P58<>"",P58=V58),P58,"")) | AP58: =IF(AJ58<>"",AJ58,IF(AND(Q58<>"",Q58=W58),Q58,"")) | AQ58: =IF(AK58<>"",AK58,IF(AND(R58<>"",R58=X58),R58,"")) | AS58: =IF(COUNTA(M58:R58)+COUNTA(S58:X58)<12,"Menunggu coder",IF(AE58=0,"Sepakat",IF(SUMPRODUCT((Y58:AD58="Beda")*(AF58:AK58=""))=0,"Selesai adjudikasi","Perlu adjudikasi"))) -> Menunggu coder | AT58: =IF(COUNTIF(AL58:AQ58,"?*")<6,"",IF(IF(AND(AM58="R0",AQ58<>"K5"),"R0 harus K5; ","")&IF(AND(AM58="R1",AQ58="K3"),"R1 tidak boleh K3 (fungsional); ","")&IF(AND(AM58="R2",AQ58="K5"),"R2 tidak boleh K5; ","")&IF(AND(AM58="R2",OR(AL58="S6",AL58="S7",AL58="S8")),"R2 tidak boleh S6/S7/S8; ","")&IF(AND(AO58="P9",AN58<>"T17"),"P9 hanya dengan T17; ","")&IF(AND(OR(AN58="T17",AO58="P9"),AM58<>"R0"),"T17/P9 harus R0; ","")&IF(AND(AN58="T01",AO58<>"P6"),"T01 biasanya P6 (periksa); ","")&IF(AND(AO58="P1",AQ58<>"K4"),"P1 biasanya K4 (periksa); ","")="","OK",IF(AND(AM58="R0",AQ58<>"K5"),"R0 harus K5; ","")&IF(AND(AM58="R1",AQ58="K3"),"R1 tidak boleh K3 (fungsional); ","")&IF(AND(AM58="R2",AQ58="K5"),"R2 tidak boleh K5; ","")&IF(AND(AM58="R2",OR(AL58="S6",AL58="S7",AL58="S8")),"R2 tidak boleh S6/S7/S8; ","")&IF(AND(AO58="P9",AN58<>"T17"),"P9 hanya dengan T17; ","")&IF(AND(OR(AN58="T17",AO58="P9"),AM58<>"R0"),"T17/P9 harus R0; ","")&IF(AND(AN58="T01",AO58<>"P6"),"T01 biasanya P6 (periksa); ","")&IF(AND(AO58="P1",AQ58<>"K4"),"P1 biasanya K4 (periksa); ","")))
A59: 56 | B59: =IF(INDEX(Korpus!$A:$A,$A59)="","",INDEX(Korpus!$A:$A,$A59)) | C59: =TRIM(INDEX(Korpus!$D:$D,$A59)&" "&INDEX(Korpus!$E:$E,$A59)) | D59: =IF(INDEX(Korpus!$B:$B,$A59)="","",INDEX(Korpus!$B:$B,$A59)) | E59: =IF(INDEX(Korpus!$C:$C,$A59)="","",INDEX(Korpus!$C:$C,$A59)) | F59: =IF(INDEX(Korpus!$F:$F,$A59)="","",INDEX(Korpus!$F:$F,$A59)) | Y59: =IF(OR(M59="",S59=""),"",IF(M59=S59,"Sama","Beda")) | Z59: =IF(OR(N59="",T59=""),"",IF(N59=T59,"Sama","Beda")) | AA59: =IF(OR(O59="",U59=""),"",IF(O59=U59,"Sama","Beda")) | AB59: =IF(OR(P59="",V59=""),"",IF(P59=V59,"Sama","Beda")) | AC59: =IF(OR(Q59="",W59=""),"",IF(Q59=W59,"Sama","Beda")) | AD59: =IF(OR(R59="",X59=""),"",IF(R59=X59,"Sama","Beda")) | AE59: =COUNTIF(Y59:AD59,"Beda") -> 0 | AL59: =IF(AF59<>"",AF59,IF(AND(M59<>"",M59=S59),M59,"")) | AM59: =IF(AG59<>"",AG59,IF(AND(N59<>"",N59=T59),N59,"")) | AN59: =IF(AH59<>"",AH59,IF(AND(O59<>"",O59=U59),O59,"")) | AO59: =IF(AI59<>"",AI59,IF(AND(P59<>"",P59=V59),P59,"")) | AP59: =IF(AJ59<>"",AJ59,IF(AND(Q59<>"",Q59=W59),Q59,"")) | AQ59: =IF(AK59<>"",AK59,IF(AND(R59<>"",R59=X59),R59,"")) | AS59: =IF(COUNTA(M59:R59)+COUNTA(S59:X59)<12,"Menunggu coder",IF(AE59=0,"Sepakat",IF(SUMPRODUCT((Y59:AD59="Beda")*(AF59:AK59=""))=0,"Selesai adjudikasi","Perlu adjudikasi"))) -> Menunggu coder | AT59: =IF(COUNTIF(AL59:AQ59,"?*")<6,"",IF(IF(AND(AM59="R0",AQ59<>"K5"),"R0 harus K5; ","")&IF(AND(AM59="R1",AQ59="K3"),"R1 tidak boleh K3 (fungsional); ","")&IF(AND(AM59="R2",AQ59="K5"),"R2 tidak boleh K5; ","")&IF(AND(AM59="R2",OR(AL59="S6",AL59="S7",AL59="S8")),"R2 tidak boleh S6/S7/S8; ","")&IF(AND(AO59="P9",AN59<>"T17"),"P9 hanya dengan T17; ","")&IF(AND(OR(AN59="T17",AO59="P9"),AM59<>"R0"),"T17/P9 harus R0; ","")&IF(AND(AN59="T01",AO59<>"P6"),"T01 biasanya P6 (periksa); ","")&IF(AND(AO59="P1",AQ59<>"K4"),"P1 biasanya K4 (periksa); ","")="","OK",IF(AND(AM59="R0",AQ59<>"K5"),"R0 harus K5; ","")&IF(AND(AM59="R1",AQ59="K3"),"R1 tidak boleh K3 (fungsional); ","")&IF(AND(AM59="R2",AQ59="K5"),"R2 tidak boleh K5; ","")&IF(AND(AM59="R2",OR(AL59="S6",AL59="S7",AL59="S8")),"R2 tidak boleh S6/S7/S8; ","")&IF(AND(AO59="P9",AN59<>"T17"),"P9 hanya dengan T17; ","")&IF(AND(OR(AN59="T17",AO59="P9"),AM59<>"R0"),"T17/P9 harus R0; ","")&IF(AND(AN59="T01",AO59<>"P6"),"T01 biasanya P6 (periksa); ","")&IF(AND(AO59="P1",AQ59<>"K4"),"P1 biasanya K4 (periksa); ","")))
A60: 57 | B60: =IF(INDEX(Korpus!$A:$A,$A60)="","",INDEX(Korpus!$A:$A,$A60)) | C60: =TRIM(INDEX(Korpus!$D:$D,$A60)&" "&INDEX(Korpus!$E:$E,$A60)) | D60: =IF(INDEX(Korpus!$B:$B,$A60)="","",INDEX(Korpus!$B:$B,$A60)) | E60: =IF(INDEX(Korpus!$C:$C,$A60)="","",INDEX(Korpus!$C:$C,$A60)) | F60: =IF(INDEX(Korpus!$F:$F,$A60)="","",INDEX(Korpus!$F:$F,$A60)) | Y60: =IF(OR(M60="",S60=""),"",IF(M60=S60,"Sama","Beda")) | Z60: =IF(OR(N60="",T60=""),"",IF(N60=T60,"Sama","Beda")) | AA60: =IF(OR(O60="",U60=""),"",IF(O60=U60,"Sama","Beda")) | AB60: =IF(OR(P60="",V60=""),"",IF(P60=V60,"Sama","Beda")) | AC60: =IF(OR(Q60="",W60=""),"",IF(Q60=W60,"Sama","Beda")) | AD60: =IF(OR(R60="",X60=""),"",IF(R60=X60,"Sama","Beda")) | AE60: =COUNTIF(Y60:AD60,"Beda") -> 0 | AL60: =IF(AF60<>"",AF60,IF(AND(M60<>"",M60=S60),M60,"")) | AM60: =IF(AG60<>"",AG60,IF(AND(N60<>"",N60=T60),N60,"")) | AN60: =IF(AH60<>"",AH60,IF(AND(O60<>"",O60=U60),O60,"")) | AO60: =IF(AI60<>"",AI60,IF(AND(P60<>"",P60=V60),P60,"")) | AP60: =IF(AJ60<>"",AJ60,IF(AND(Q60<>"",Q60=W60),Q60,"")) | AQ60: =IF(AK60<>"",AK60,IF(AND(R60<>"",R60=X60),R60,"")) | AS60: =IF(COUNTA(M60:R60)+COUNTA(S60:X60)<12,"Menunggu coder",IF(AE60=0,"Sepakat",IF(SUMPRODUCT((Y60:AD60="Beda")*(AF60:AK60=""))=0,"Selesai adjudikasi","Perlu adjudikasi"))) -> Menunggu coder | AT60: =IF(COUNTIF(AL60:AQ60,"?*")<6,"",IF(IF(AND(AM60="R0",AQ60<>"K5"),"R0 harus K5; ","")&IF(AND(AM60="R1",AQ60="K3"),"R1 tidak boleh K3 (fungsional); ","")&IF(AND(AM60="R2",AQ60="K5"),"R2 tidak boleh K5; ","")&IF(AND(AM60="R2",OR(AL60="S6",AL60="S7",AL60="S8")),"R2 tidak boleh S6/S7/S8; ","")&IF(AND(AO60="P9",AN60<>"T17"),"P9 hanya dengan T17; ","")&IF(AND(OR(AN60="T17",AO60="P9"),AM60<>"R0"),"T17/P9 harus R0; ","")&IF(AND(AN60="T01",AO60<>"P6"),"T01 biasanya P6 (periksa); ","")&IF(AND(AO60="P1",AQ60<>"K4"),"P1 biasanya K4 (periksa); ","")="","OK",IF(AND(AM60="R0",AQ60<>"K5"),"R0 harus K5; ","")&IF(AND(AM60="R1",AQ60="K3"),"R1 tidak boleh K3 (fungsional); ","")&IF(AND(AM60="R2",AQ60="K5"),"R2 tidak boleh K5; ","")&IF(AND(AM60="R2",OR(AL60="S6",AL60="S7",AL60="S8")),"R2 tidak boleh S6/S7/S8; ","")&IF(AND(AO60="P9",AN60<>"T17"),"P9 hanya dengan T17; ","")&IF(AND(OR(AN60="T17",AO60="P9"),AM60<>"R0"),"T17/P9 harus R0; ","")&IF(AND(AN60="T01",AO60<>"P6"),"T01 biasanya P6 (periksa); ","")&IF(AND(AO60="P1",AQ60<>"K4"),"P1 biasanya K4 (periksa); ","")))
A61: 58 | B61: =IF(INDEX(Korpus!$A:$A,$A61)="","",INDEX(Korpus!$A:$A,$A61)) | C61: =TRIM(INDEX(Korpus!$D:$D,$A61)&" "&INDEX(Korpus!$E:$E,$A61)) | D61: =IF(INDEX(Korpus!$B:$B,$A61)="","",INDEX(Korpus!$B:$B,$A61)) | E61: =IF(INDEX(Korpus!$C:$C,$A61)="","",INDEX(Korpus!$C:$C,$A61)) | F61: =IF(INDEX(Korpus!$F:$F,$A61)="","",INDEX(Korpus!$F:$F,$A61)) | Y61: =IF(OR(M61="",S61=""),"",IF(M61=S61,"Sama","Beda")) | Z61: =IF(OR(N61="",T61=""),"",IF(N61=T61,"Sama","Beda")) | AA61: =IF(OR(O61="",U61=""),"",IF(O61=U61,"Sama","Beda")) | AB61: =IF(OR(P61="",V61=""),"",IF(P61=V61,"Sama","Beda")) | AC61: =IF(OR(Q61="",W61=""),"",IF(Q61=W61,"Sama","Beda")) | AD61: =IF(OR(R61="",X61=""),"",IF(R61=X61,"Sama","Beda")) | AE61: =COUNTIF(Y61:AD61,"Beda") -> 0 | AL61: =IF(AF61<>"",AF61,IF(AND(M61<>"",M61=S61),M61,"")) | AM61: =IF(AG61<>"",AG61,IF(AND(N61<>"",N61=T61),N61,"")) | AN61: =IF(AH61<>"",AH61,IF(AND(O61<>"",O61=U61),O61,"")) | AO61: =IF(AI61<>"",AI61,IF(AND(P61<>"",P61=V61),P61,"")) | AP61: =IF(AJ61<>"",AJ61,IF(AND(Q61<>"",Q61=W61),Q61,"")) | AQ61: =IF(AK61<>"",AK61,IF(AND(R61<>"",R61=X61),R61,"")) | AS61: =IF(COUNTA(M61:R61)+COUNTA(S61:X61)<12,"Menunggu coder",IF(AE61=0,"Sepakat",IF(SUMPRODUCT((Y61:AD61="Beda")*(AF61:AK61=""))=0,"Selesai adjudikasi","Perlu adjudikasi"))) -> Menunggu coder | AT61: =IF(COUNTIF(AL61:AQ61,"?*")<6,"",IF(IF(AND(AM61="R0",AQ61<>"K5"),"R0 harus K5; ","")&IF(AND(AM61="R1",AQ61="K3"),"R1 tidak boleh K3 (fungsional); ","")&IF(AND(AM61="R2",AQ61="K5"),"R2 tidak boleh K5; ","")&IF(AND(AM61="R2",OR(AL61="S6",AL61="S7",AL61="S8")),"R2 tidak boleh S6/S7/S8; ","")&IF(AND(AO61="P9",AN61<>"T17"),"P9 hanya dengan T17; ","")&IF(AND(OR(AN61="T17",AO61="P9"),AM61<>"R0"),"T17/P9 harus R0; ","")&IF(AND(AN61="T01",AO61<>"P6"),"T01 biasanya P6 (periksa); ","")&IF(AND(AO61="P1",AQ61<>"K4"),"P1 biasanya K4 (periksa); ","")="","OK",IF(AND(AM61="R0",AQ61<>"K5"),"R0 harus K5; ","")&IF(AND(AM61="R1",AQ61="K3"),"R1 tidak boleh K3 (fungsional); ","")&IF(AND(AM61="R2",AQ61="K5"),"R2 tidak boleh K5; ","")&IF(AND(AM61="R2",OR(AL61="S6",AL61="S7",AL61="S8")),"R2 tidak boleh S6/S7/S8; ","")&IF(AND(AO61="P9",AN61<>"T17"),"P9 hanya dengan T17; ","")&IF(AND(OR(AN61="T17",AO61="P9"),AM61<>"R0"),"T17/P9 harus R0; ","")&IF(AND(AN61="T01",AO61<>"P6"),"T01 biasanya P6 (periksa); ","")&IF(AND(AO61="P1",AQ61<>"K4"),"P1 biasanya K4 (periksa); ","")))
A62: 59 | B62: =IF(INDEX(Korpus!$A:$A,$A62)="","",INDEX(Korpus!$A:$A,$A62)) | C62: =TRIM(INDEX(Korpus!$D:$D,$A62)&" "&INDEX(Korpus!$E:$E,$A62)) | D62: =IF(INDEX(Korpus!$B:$B,$A62)="","",INDEX(Korpus!$B:$B,$A62)) | E62: =IF(INDEX(Korpus!$C:$C,$A62)="","",INDEX(Korpus!$C:$C,$A62)) | F62: =IF(INDEX(Korpus!$F:$F,$A62)="","",INDEX(Korpus!$F:$F,$A62)) | Y62: =IF(OR(M62="",S62=""),"",IF(M62=S62,"Sama","Beda")) | Z62: =IF(OR(N62="",T62=""),"",IF(N62=T62,"Sama","Beda")) | AA62: =IF(OR(O62="",U62=""),"",IF(O62=U62,"Sama","Beda")) | AB62: =IF(OR(P62="",V62=""),"",IF(P62=V62,"Sama","Beda")) | AC62: =IF(OR(Q62="",W62=""),"",IF(Q62=W62,"Sama","Beda")) | AD62: =IF(OR(R62="",X62=""),"",IF(R62=X62,"Sama","Beda")) | AE62: =COUNTIF(Y62:AD62,"Beda") -> 0 | AL62: =IF(AF62<>"",AF62,IF(AND(M62<>"",M62=S62),M62,"")) | AM62: =IF(AG62<>"",AG62,IF(AND(N62<>"",N62=T62),N62,"")) | AN62: =IF(AH62<>"",AH62,IF(AND(O62<>"",O62=U62),O62,"")) | AO62: =IF(AI62<>"",AI62,IF(AND(P62<>"",P62=V62),P62,"")) | AP62: =IF(AJ62<>"",AJ62,IF(AND(Q62<>"",Q62=W62),Q62,"")) | AQ62: =IF(AK62<>"",AK62,IF(AND(R62<>"",R62=X62),R62,"")) | AS62: =IF(COUNTA(M62:R62)+COUNTA(S62:X62)<12,"Menunggu coder",IF(AE62=0,"Sepakat",IF(SUMPRODUCT((Y62:AD62="Beda")*(AF62:AK62=""))=0,"Selesai adjudikasi","Perlu adjudikasi"))) -> Menunggu coder | AT62: =IF(COUNTIF(AL62:AQ62,"?*")<6,"",IF(IF(AND(AM62="R0",AQ62<>"K5"),"R0 harus K5; ","")&IF(AND(AM62="R1",AQ62="K3"),"R1 tidak boleh K3 (fungsional); ","")&IF(AND(AM62="R2",AQ62="K5"),"R2 tidak boleh K5; ","")&IF(AND(AM62="R2",OR(AL62="S6",AL62="S7",AL62="S8")),"R2 tidak boleh S6/S7/S8; ","")&IF(AND(AO62="P9",AN62<>"T17"),"P9 hanya dengan T17; ","")&IF(AND(OR(AN62="T17",AO62="P9"),AM62<>"R0"),"T17/P9 harus R0; ","")&IF(AND(AN62="T01",AO62<>"P6"),"T01 biasanya P6 (periksa); ","")&IF(AND(AO62="P1",AQ62<>"K4"),"P1 biasanya K4 (periksa); ","")="","OK",IF(AND(AM62="R0",AQ62<>"K5"),"R0 harus K5; ","")&IF(AND(AM62="R1",AQ62="K3"),"R1 tidak boleh K3 (fungsional); ","")&IF(AND(AM62="R2",AQ62="K5"),"R2 tidak boleh K5; ","")&IF(AND(AM62="R2",OR(AL62="S6",AL62="S7",AL62="S8")),"R2 tidak boleh S6/S7/S8; ","")&IF(AND(AO62="P9",AN62<>"T17"),"P9 hanya dengan T17; ","")&IF(AND(OR(AN62="T17",AO62="P9"),AM62<>"R0"),"T17/P9 harus R0; ","")&IF(AND(AN62="T01",AO62<>"P6"),"T01 biasanya P6 (periksa); ","")&IF(AND(AO62="P1",AQ62<>"K4"),"P1 biasanya K4 (periksa); ","")))
A63: 60 | B63: =IF(INDEX(Korpus!$A:$A,$A63)="","",INDEX(Korpus!$A:$A,$A63)) | C63: =TRIM(INDEX(Korpus!$D:$D,$A63)&" "&INDEX(Korpus!$E:$E,$A63)) | D63: =IF(INDEX(Korpus!$B:$B,$A63)="","",INDEX(Korpus!$B:$B,$A63)) | E63: =IF(INDEX(Korpus!$C:$C,$A63)="","",INDEX(Korpus!$C:$C,$A63)) | F63: =IF(INDEX(Korpus!$F:$F,$A63)="","",INDEX(Korpus!$F:$F,$A63)) | Y63: =IF(OR(M63="",S63=""),"",IF(M63=S63,"Sama","Beda")) | Z63: =IF(OR(N63="",T63=""),"",IF(N63=T63,"Sama","Beda")) | AA63: =IF(OR(O63="",U63=""),"",IF(O63=U63,"Sama","Beda")) | AB63: =IF(OR(P63="",V63=""),"",IF(P63=V63,"Sama","Beda")) | AC63: =IF(OR(Q63="",W63=""),"",IF(Q63=W63,"Sama","Beda")) | AD63: =IF(OR(R63="",X63=""),"",IF(R63=X63,"Sama","Beda")) | AE63: =COUNTIF(Y63:AD63,"Beda") -> 0 | AL63: =IF(AF63<>"",AF63,IF(AND(M63<>"",M63=S63),M63,"")) | AM63: =IF(AG63<>"",AG63,IF(AND(N63<>"",N63=T63),N63,"")) | AN63: =IF(AH63<>"",AH63,IF(AND(O63<>"",O63=U63),O63,"")) | AO63: =IF(AI63<>"",AI63,IF(AND(P63<>"",P63=V63),P63,"")) | AP63: =IF(AJ63<>"",AJ63,IF(AND(Q63<>"",Q63=W63),Q63,"")) | AQ63: =IF(AK63<>"",AK63,IF(AND(R63<>"",R63=X63),R63,"")) | AS63: =IF(COUNTA(M63:R63)+COUNTA(S63:X63)<12,"Menunggu coder",IF(AE63=0,"Sepakat",IF(SUMPRODUCT((Y63:AD63="Beda")*(AF63:AK63=""))=0,"Selesai adjudikasi","Perlu adjudikasi"))) -> Menunggu coder | AT63: =IF(COUNTIF(AL63:AQ63,"?*")<6,"",IF(IF(AND(AM63="R0",AQ63<>"K5"),"R0 harus K5; ","")&IF(AND(AM63="R1",AQ63="K3"),"R1 tidak boleh K3 (fungsional); ","")&IF(AND(AM63="R2",AQ63="K5"),"R2 tidak boleh K5; ","")&IF(AND(AM63="R2",OR(AL63="S6",AL63="S7",AL63="S8")),"R2 tidak boleh S6/S7/S8; ","")&IF(AND(AO63="P9",AN63<>"T17"),"P9 hanya dengan T17; ","")&IF(AND(OR(AN63="T17",AO63="P9"),AM63<>"R0"),"T17/P9 harus R0; ","")&IF(AND(AN63="T01",AO63<>"P6"),"T01 biasanya P6 (periksa); ","")&IF(AND(AO63="P1",AQ63<>"K4"),"P1 biasanya K4 (periksa); ","")="","OK",IF(AND(AM63="R0",AQ63<>"K5"),"R0 harus K5; ","")&IF(AND(AM63="R1",AQ63="K3"),"R1 tidak boleh K3 (fungsional); ","")&IF(AND(AM63="R2",AQ63="K5"),"R2 tidak boleh K5; ","")&IF(AND(AM63="R2",OR(AL63="S6",AL63="S7",AL63="S8")),"R2 tidak boleh S6/S7/S8; ","")&IF(AND(AO63="P9",AN63<>"T17"),"P9 hanya dengan T17; ","")&IF(AND(OR(AN63="T17",AO63="P9"),AM63<>"R0"),"T17/P9 harus R0; ","")&IF(AND(AN63="T01",AO63<>"P6"),"T01 biasanya P6 (periksa); ","")&IF(AND(AO63="P1",AQ63<>"K4"),"P1 biasanya K4 (periksa); ","")))
A64: 61 | B64: =IF(INDEX(Korpus!$A:$A,$A64)="","",INDEX(Korpus!$A:$A,$A64)) | C64: =TRIM(INDEX(Korpus!$D:$D,$A64)&" "&INDEX(Korpus!$E:$E,$A64)) | D64: =IF(INDEX(Korpus!$B:$B,$A64)="","",INDEX(Korpus!$B:$B,$A64)) | E64: =IF(INDEX(Korpus!$C:$C,$A64)="","",INDEX(Korpus!$C:$C,$A64)) | F64: =IF(INDEX(Korpus!$F:$F,$A64)="","",INDEX(Korpus!$F:$F,$A64)) | Y64: =IF(OR(M64="",S64=""),"",IF(M64=S64,"Sama","Beda")) | Z64: =IF(OR(N64="",T64=""),"",IF(N64=T64,"Sama","Beda")) | AA64: =IF(OR(O64="",U64=""),"",IF(O64=U64,"Sama","Beda")) | AB64: =IF(OR(P64="",V64=""),"",IF(P64=V64,"Sama","Beda")) | AC64: =IF(OR(Q64="",W64=""),"",IF(Q64=W64,"Sama","Beda")) | AD64: =IF(OR(R64="",X64=""),"",IF(R64=X64,"Sama","Beda")) | AE64: =COUNTIF(Y64:AD64,"Beda") -> 0 | AL64: =IF(AF64<>"",AF64,IF(AND(M64<>"",M64=S64),M64,"")) | AM64: =IF(AG64<>"",AG64,IF(AND(N64<>"",N64=T64),N64,"")) | AN64: =IF(AH64<>"",AH64,IF(AND(O64<>"",O64=U64),O64,"")) | AO64: =IF(AI64<>"",AI64,IF(AND(P64<>"",P64=V64),P64,"")) | AP64: =IF(AJ64<>"",AJ64,IF(AND(Q64<>"",Q64=W64),Q64,"")) | AQ64: =IF(AK64<>"",AK64,IF(AND(R64<>"",R64=X64),R64,"")) | AS64: =IF(COUNTA(M64:R64)+COUNTA(S64:X64)<12,"Menunggu coder",IF(AE64=0,"Sepakat",IF(SUMPRODUCT((Y64:AD64="Beda")*(AF64:AK64=""))=0,"Selesai adjudikasi","Perlu adjudikasi"))) -> Menunggu coder | AT64: =IF(COUNTIF(AL64:AQ64,"?*")<6,"",IF(IF(AND(AM64="R0",AQ64<>"K5"),"R0 harus K5; ","")&IF(AND(AM64="R1",AQ64="K3"),"R1 tidak boleh K3 (fungsional); ","")&IF(AND(AM64="R2",AQ64="K5"),"R2 tidak boleh K5; ","")&IF(AND(AM64="R2",OR(AL64="S6",AL64="S7",AL64="S8")),"R2 tidak boleh S6/S7/S8; ","")&IF(AND(AO64="P9",AN64<>"T17"),"P9 hanya dengan T17; ","")&IF(AND(OR(AN64="T17",AO64="P9"),AM64<>"R0"),"T17/P9 harus R0; ","")&IF(AND(AN64="T01",AO64<>"P6"),"T01 biasanya P6 (periksa); ","")&IF(AND(AO64="P1",AQ64<>"K4"),"P1 biasanya K4 (periksa); ","")="","OK",IF(AND(AM64="R0",AQ64<>"K5"),"R0 harus K5; ","")&IF(AND(AM64="R1",AQ64="K3"),"R1 tidak boleh K3 (fungsional); ","")&IF(AND(AM64="R2",AQ64="K5"),"R2 tidak boleh K5; ","")&IF(AND(AM64="R2",OR(AL64="S6",AL64="S7",AL64="S8")),"R2 tidak boleh S6/S7/S8; ","")&IF(AND(AO64="P9",AN64<>"T17"),"P9 hanya dengan T17; ","")&IF(AND(OR(AN64="T17",AO64="P9"),AM64<>"R0"),"T17/P9 harus R0; ","")&IF(AND(AN64="T01",AO64<>"P6"),"T01 biasanya P6 (periksa); ","")&IF(AND(AO64="P1",AQ64<>"K4"),"P1 biasanya K4 (periksa); ","")))
A65: 62 | B65: =IF(INDEX(Korpus!$A:$A,$A65)="","",INDEX(Korpus!$A:$A,$A65)) | C65: =TRIM(INDEX(Korpus!$D:$D,$A65)&" "&INDEX(Korpus!$E:$E,$A65)) | D65: =IF(INDEX(Korpus!$B:$B,$A65)="","",INDEX(Korpus!$B:$B,$A65)) | E65: =IF(INDEX(Korpus!$C:$C,$A65)="","",INDEX(Korpus!$C:$C,$A65)) | F65: =IF(INDEX(Korpus!$F:$F,$A65)="","",INDEX(Korpus!$F:$F,$A65)) | G65: S1 | H65: R2 | I65: T10 | J65: P2 | K65: F4 | L65: K1 | Y65: =IF(OR(M65="",S65=""),"",IF(M65=S65,"Sama","Beda")) | Z65: =IF(OR(N65="",T65=""),"",IF(N65=T65,"Sama","Beda")) | AA65: =IF(OR(O65="",U65=""),"",IF(O65=U65,"Sama","Beda")) | AB65: =IF(OR(P65="",V65=""),"",IF(P65=V65,"Sama","Beda")) | AC65: =IF(OR(Q65="",W65=""),"",IF(Q65=W65,"Sama","Beda")) | AD65: =IF(OR(R65="",X65=""),"",IF(R65=X65,"Sama","Beda")) | AE65: =COUNTIF(Y65:AD65,"Beda") -> 0 | AL65: =IF(AF65<>"",AF65,IF(AND(M65<>"",M65=S65),M65,"")) | AM65: =IF(AG65<>"",AG65,IF(AND(N65<>"",N65=T65),N65,"")) | AN65: =IF(AH65<>"",AH65,IF(AND(O65<>"",O65=U65),O65,"")) | AO65: =IF(AI65<>"",AI65,IF(AND(P65<>"",P65=V65),P65,"")) | AP65: =IF(AJ65<>"",AJ65,IF(AND(Q65<>"",Q65=W65),Q65,"")) | AQ65: =IF(AK65<>"",AK65,IF(AND(R65<>"",R65=X65),R65,"")) | AS65: =IF(COUNTA(M65:R65)+COUNTA(S65:X65)<12,"Menunggu coder",IF(AE65=0,"Sepakat",IF(SUMPRODUCT((Y65:AD65="Beda")*(AF65:AK65=""))=0,"Selesai adjudikasi","Perlu adjudikasi"))) -> Menunggu coder | AT65: =IF(COUNTIF(AL65:AQ65,"?*")<6,"",IF(IF(AND(AM65="R0",AQ65<>"K5"),"R0 harus K5; ","")&IF(AND(AM65="R1",AQ65="K3"),"R1 tidak boleh K3 (fungsional); ","")&IF(AND(AM65="R2",AQ65="K5"),"R2 tidak boleh K5; ","")&IF(AND(AM65="R2",OR(AL65="S6",AL65="S7",AL65="S8")),"R2 tidak boleh S6/S7/S8; ","")&IF(AND(AO65="P9",AN65<>"T17"),"P9 hanya dengan T17; ","")&IF(AND(OR(AN65="T17",AO65="P9"),AM65<>"R0"),"T17/P9 harus R0; ","")&IF(AND(AN65="T01",AO65<>"P6"),"T01 biasanya P6 (periksa); ","")&IF(AND(AO65="P1",AQ65<>"K4"),"P1 biasanya K4 (periksa); ","")="","OK",IF(AND(AM65="R0",AQ65<>"K5"),"R0 harus K5; ","")&IF(AND(AM65="R1",AQ65="K3"),"R1 tidak boleh K3 (fungsional); ","")&IF(AND(AM65="R2",AQ65="K5"),"R2 tidak boleh K5; ","")&IF(AND(AM65="R2",OR(AL65="S6",AL65="S7",AL65="S8")),"R2 tidak boleh S6/S7/S8; ","")&IF(AND(AO65="P9",AN65<>"T17"),"P9 hanya dengan T17; ","")&IF(AND(OR(AN65="T17",AO65="P9"),AM65<>"R0"),"T17/P9 harus R0; ","")&IF(AND(AN65="T01",AO65<>"P6"),"T01 biasanya P6 (periksa); ","")&IF(AND(AO65="P1",AQ65<>"K4"),"P1 biasanya K4 (periksa); ","")))
A66: 63 | B66: =IF(INDEX(Korpus!$A:$A,$A66)="","",INDEX(Korpus!$A:$A,$A66)) | C66: =TRIM(INDEX(Korpus!$D:$D,$A66)&" "&INDEX(Korpus!$E:$E,$A66)) | D66: =IF(INDEX(Korpus!$B:$B,$A66)="","",INDEX(Korpus!$B:$B,$A66)) | E66: =IF(INDEX(Korpus!$C:$C,$A66)="","",INDEX(Korpus!$C:$C,$A66)) | F66: =IF(INDEX(Korpus!$F:$F,$A66)="","",INDEX(Korpus!$F:$F,$A66)) | Y66: =IF(OR(M66="",S66=""),"",IF(M66=S66,"Sama","Beda")) | Z66: =IF(OR(N66="",T66=""),"",IF(N66=T66,"Sama","Beda")) | AA66: =IF(OR(O66="",U66=""),"",IF(O66=U66,"Sama","Beda")) | AB66: =IF(OR(P66="",V66=""),"",IF(P66=V66,"Sama","Beda")) | AC66: =IF(OR(Q66="",W66=""),"",IF(Q66=W66,"Sama","Beda")) | AD66: =IF(OR(R66="",X66=""),"",IF(R66=X66,"Sama","Beda")) | AE66: =COUNTIF(Y66:AD66,"Beda") -> 0 | AL66: =IF(AF66<>"",AF66,IF(AND(M66<>"",M66=S66),M66,"")) | AM66: =IF(AG66<>"",AG66,IF(AND(N66<>"",N66=T66),N66,"")) | AN66: =IF(AH66<>"",AH66,IF(AND(O66<>"",O66=U66),O66,"")) | AO66: =IF(AI66<>"",AI66,IF(AND(P66<>"",P66=V66),P66,"")) | AP66: =IF(AJ66<>"",AJ66,IF(AND(Q66<>"",Q66=W66),Q66,"")) | AQ66: =IF(AK66<>"",AK66,IF(AND(R66<>"",R66=X66),R66,"")) | AS66: =IF(COUNTA(M66:R66)+COUNTA(S66:X66)<12,"Menunggu coder",IF(AE66=0,"Sepakat",IF(SUMPRODUCT((Y66:AD66="Beda")*(AF66:AK66=""))=0,"Selesai adjudikasi","Perlu adjudikasi"))) -> Menunggu coder | AT66: =IF(COUNTIF(AL66:AQ66,"?*")<6,"",IF(IF(AND(AM66="R0",AQ66<>"K5"),"R0 harus K5; ","")&IF(AND(AM66="R1",AQ66="K3"),"R1 tidak boleh K3 (fungsional); ","")&IF(AND(AM66="R2",AQ66="K5"),"R2 tidak boleh K5; ","")&IF(AND(AM66="R2",OR(AL66="S6",AL66="S7",AL66="S8")),"R2 tidak boleh S6/S7/S8; ","")&IF(AND(AO66="P9",AN66<>"T17"),"P9 hanya dengan T17; ","")&IF(AND(OR(AN66="T17",AO66="P9"),AM66<>"R0"),"T17/P9 harus R0; ","")&IF(AND(AN66="T01",AO66<>"P6"),"T01 biasanya P6 (periksa); ","")&IF(AND(AO66="P1",AQ66<>"K4"),"P1 biasanya K4 (periksa); ","")="","OK",IF(AND(AM66="R0",AQ66<>"K5"),"R0 harus K5; ","")&IF(AND(AM66="R1",AQ66="K3"),"R1 tidak boleh K3 (fungsional); ","")&IF(AND(AM66="R2",AQ66="K5"),"R2 tidak boleh K5; ","")&IF(AND(AM66="R2",OR(AL66="S6",AL66="S7",AL66="S8")),"R2 tidak boleh S6/S7/S8; ","")&IF(AND(AO66="P9",AN66<>"T17"),"P9 hanya dengan T17; ","")&IF(AND(OR(AN66="T17",AO66="P9"),AM66<>"R0"),"T17/P9 harus R0; ","")&IF(AND(AN66="T01",AO66<>"P6"),"T01 biasanya P6 (periksa); ","")&IF(AND(AO66="P1",AQ66<>"K4"),"P1 biasanya K4 (periksa); ","")))
A67: 64 | B67: =IF(INDEX(Korpus!$A:$A,$A67)="","",INDEX(Korpus!$A:$A,$A67)) | C67: =TRIM(INDEX(Korpus!$D:$D,$A67)&" "&INDEX(Korpus!$E:$E,$A67)) | D67: =IF(INDEX(Korpus!$B:$B,$A67)="","",INDEX(Korpus!$B:$B,$A67)) | E67: =IF(INDEX(Korpus!$C:$C,$A67)="","",INDEX(Korpus!$C:$C,$A67)) | F67: =IF(INDEX(Korpus!$F:$F,$A67)="","",INDEX(Korpus!$F:$F,$A67)) | Y67: =IF(OR(M67="",S67=""),"",IF(M67=S67,"Sama","Beda")) | Z67: =IF(OR(N67="",T67=""),"",IF(N67=T67,"Sama","Beda")) | AA67: =IF(OR(O67="",U67=""),"",IF(O67=U67,"Sama","Beda")) | AB67: =IF(OR(P67="",V67=""),"",IF(P67=V67,"Sama","Beda")) | AC67: =IF(OR(Q67="",W67=""),"",IF(Q67=W67,"Sama","Beda")) | AD67: =IF(OR(R67="",X67=""),"",IF(R67=X67,"Sama","Beda")) | AE67: =COUNTIF(Y67:AD67,"Beda") -> 0 | AL67: =IF(AF67<>"",AF67,IF(AND(M67<>"",M67=S67),M67,"")) | AM67: =IF(AG67<>"",AG67,IF(AND(N67<>"",N67=T67),N67,"")) | AN67: =IF(AH67<>"",AH67,IF(AND(O67<>"",O67=U67),O67,"")) | AO67: =IF(AI67<>"",AI67,IF(AND(P67<>"",P67=V67),P67,"")) | AP67: =IF(AJ67<>"",AJ67,IF(AND(Q67<>"",Q67=W67),Q67,"")) | AQ67: =IF(AK67<>"",AK67,IF(AND(R67<>"",R67=X67),R67,"")) | AS67: =IF(COUNTA(M67:R67)+COUNTA(S67:X67)<12,"Menunggu coder",IF(AE67=0,"Sepakat",IF(SUMPRODUCT((Y67:AD67="Beda")*(AF67:AK67=""))=0,"Selesai adjudikasi","Perlu adjudikasi"))) -> Menunggu coder | AT67: =IF(COUNTIF(AL67:AQ67,"?*")<6,"",IF(IF(AND(AM67="R0",AQ67<>"K5"),"R0 harus K5; ","")&IF(AND(AM67="R1",AQ67="K3"),"R1 tidak boleh K3 (fungsional); ","")&IF(AND(AM67="R2",AQ67="K5"),"R2 tidak boleh K5; ","")&IF(AND(AM67="R2",OR(AL67="S6",AL67="S7",AL67="S8")),"R2 tidak boleh S6/S7/S8; ","")&IF(AND(AO67="P9",AN67<>"T17"),"P9 hanya dengan T17; ","")&IF(AND(OR(AN67="T17",AO67="P9"),AM67<>"R0"),"T17/P9 harus R0; ","")&IF(AND(AN67="T01",AO67<>"P6"),"T01 biasanya P6 (periksa); ","")&IF(AND(AO67="P1",AQ67<>"K4"),"P1 biasanya K4 (periksa); ","")="","OK",IF(AND(AM67="R0",AQ67<>"K5"),"R0 harus K5; ","")&IF(AND(AM67="R1",AQ67="K3"),"R1 tidak boleh K3 (fungsional); ","")&IF(AND(AM67="R2",AQ67="K5"),"R2 tidak boleh K5; ","")&IF(AND(AM67="R2",OR(AL67="S6",AL67="S7",AL67="S8")),"R2 tidak boleh S6/S7/S8; ","")&IF(AND(AO67="P9",AN67<>"T17"),"P9 hanya dengan T17; ","")&IF(AND(OR(AN67="T17",AO67="P9"),AM67<>"R0"),"T17/P9 harus R0; ","")&IF(AND(AN67="T01",AO67<>"P6"),"T01 biasanya P6 (periksa); ","")&IF(AND(AO67="P1",AQ67<>"K4"),"P1 biasanya K4 (periksa); ","")))
A68: 65 | B68: =IF(INDEX(Korpus!$A:$A,$A68)="","",INDEX(Korpus!$A:$A,$A68)) | C68: =TRIM(INDEX(Korpus!$D:$D,$A68)&" "&INDEX(Korpus!$E:$E,$A68)) | D68: =IF(INDEX(Korpus!$B:$B,$A68)="","",INDEX(Korpus!$B:$B,$A68)) | E68: =IF(INDEX(Korpus!$C:$C,$A68)="","",INDEX(Korpus!$C:$C,$A68)) | F68: =IF(INDEX(Korpus!$F:$F,$A68)="","",INDEX(Korpus!$F:$F,$A68)) | Y68: =IF(OR(M68="",S68=""),"",IF(M68=S68,"Sama","Beda")) | Z68: =IF(OR(N68="",T68=""),"",IF(N68=T68,"Sama","Beda")) | AA68: =IF(OR(O68="",U68=""),"",IF(O68=U68,"Sama","Beda")) | AB68: =IF(OR(P68="",V68=""),"",IF(P68=V68,"Sama","Beda")) | AC68: =IF(OR(Q68="",W68=""),"",IF(Q68=W68,"Sama","Beda")) | AD68: =IF(OR(R68="",X68=""),"",IF(R68=X68,"Sama","Beda")) | AE68: =COUNTIF(Y68:AD68,"Beda") -> 0 | AL68: =IF(AF68<>"",AF68,IF(AND(M68<>"",M68=S68),M68,"")) | AM68: =IF(AG68<>"",AG68,IF(AND(N68<>"",N68=T68),N68,"")) | AN68: =IF(AH68<>"",AH68,IF(AND(O68<>"",O68=U68),O68,"")) | AO68: =IF(AI68<>"",AI68,IF(AND(P68<>"",P68=V68),P68,"")) | AP68: =IF(AJ68<>"",AJ68,IF(AND(Q68<>"",Q68=W68),Q68,"")) | AQ68: =IF(AK68<>"",AK68,IF(AND(R68<>"",R68=X68),R68,"")) | AS68: =IF(COUNTA(M68:R68)+COUNTA(S68:X68)<12,"Menunggu coder",IF(AE68=0,"Sepakat",IF(SUMPRODUCT((Y68:AD68="Beda")*(AF68:AK68=""))=0,"Selesai adjudikasi","Perlu adjudikasi"))) -> Menunggu coder | AT68: =IF(COUNTIF(AL68:AQ68,"?*")<6,"",IF(IF(AND(AM68="R0",AQ68<>"K5"),"R0 harus K5; ","")&IF(AND(AM68="R1",AQ68="K3"),"R1 tidak boleh K3 (fungsional); ","")&IF(AND(AM68="R2",AQ68="K5"),"R2 tidak boleh K5; ","")&IF(AND(AM68="R2",OR(AL68="S6",AL68="S7",AL68="S8")),"R2 tidak boleh S6/S7/S8; ","")&IF(AND(AO68="P9",AN68<>"T17"),"P9 hanya dengan T17; ","")&IF(AND(OR(AN68="T17",AO68="P9"),AM68<>"R0"),"T17/P9 harus R0; ","")&IF(AND(AN68="T01",AO68<>"P6"),"T01 biasanya P6 (periksa); ","")&IF(AND(AO68="P1",AQ68<>"K4"),"P1 biasanya K4 (periksa); ","")="","OK",IF(AND(AM68="R0",AQ68<>"K5"),"R0 harus K5; ","")&IF(AND(AM68="R1",AQ68="K3"),"R1 tidak boleh K3 (fungsional); ","")&IF(AND(AM68="R2",AQ68="K5"),"R2 tidak boleh K5; ","")&IF(AND(AM68="R2",OR(AL68="S6",AL68="S7",AL68="S8")),"R2 tidak boleh S6/S7/S8; ","")&IF(AND(AO68="P9",AN68<>"T17"),"P9 hanya dengan T17; ","")&IF(AND(OR(AN68="T17",AO68="P9"),AM68<>"R0"),"T17/P9 harus R0; ","")&IF(AND(AN68="T01",AO68<>"P6"),"T01 biasanya P6 (periksa); ","")&IF(AND(AO68="P1",AQ68<>"K4"),"P1 biasanya K4 (periksa); ","")))
A69: 66 | B69: =IF(INDEX(Korpus!$A:$A,$A69)="","",INDEX(Korpus!$A:$A,$A69)) | C69: =TRIM(INDEX(Korpus!$D:$D,$A69)&" "&INDEX(Korpus!$E:$E,$A69)) | D69: =IF(INDEX(Korpus!$B:$B,$A69)="","",INDEX(Korpus!$B:$B,$A69)) | E69: =IF(INDEX(Korpus!$C:$C,$A69)="","",INDEX(Korpus!$C:$C,$A69)) | F69: =IF(INDEX(Korpus!$F:$F,$A69)="","",INDEX(Korpus!$F:$F,$A69)) | Y69: =IF(OR(M69="",S69=""),"",IF(M69=S69,"Sama","Beda")) | Z69: =IF(OR(N69="",T69=""),"",IF(N69=T69,"Sama","Beda")) | AA69: =IF(OR(O69="",U69=""),"",IF(O69=U69,"Sama","Beda")) | AB69: =IF(OR(P69="",V69=""),"",IF(P69=V69,"Sama","Beda")) | AC69: =IF(OR(Q69="",W69=""),"",IF(Q69=W69,"Sama","Beda")) | AD69: =IF(OR(R69="",X69=""),"",IF(R69=X69,"Sama","Beda")) | AE69: =COUNTIF(Y69:AD69,"Beda") -> 0 | AL69: =IF(AF69<>"",AF69,IF(AND(M69<>"",M69=S69),M69,"")) | AM69: =IF(AG69<>"",AG69,IF(AND(N69<>"",N69=T69),N69,"")) | AN69: =IF(AH69<>"",AH69,IF(AND(O69<>"",O69=U69),O69,"")) | AO69: =IF(AI69<>"",AI69,IF(AND(P69<>"",P69=V69),P69,"")) | AP69: =IF(AJ69<>"",AJ69,IF(AND(Q69<>"",Q69=W69),Q69,"")) | AQ69: =IF(AK69<>"",AK69,IF(AND(R69<>"",R69=X69),R69,"")) | AS69: =IF(COUNTA(M69:R69)+COUNTA(S69:X69)<12,"Menunggu coder",IF(AE69=0,"Sepakat",IF(SUMPRODUCT((Y69:AD69="Beda")*(AF69:AK69=""))=0,"Selesai adjudikasi","Perlu adjudikasi"))) -> Menunggu coder | AT69: =IF(COUNTIF(AL69:AQ69,"?*")<6,"",IF(IF(AND(AM69="R0",AQ69<>"K5"),"R0 harus K5; ","")&IF(AND(AM69="R1",AQ69="K3"),"R1 tidak boleh K3 (fungsional); ","")&IF(AND(AM69="R2",AQ69="K5"),"R2 tidak boleh K5; ","")&IF(AND(AM69="R2",OR(AL69="S6",AL69="S7",AL69="S8")),"R2 tidak boleh S6/S7/S8; ","")&IF(AND(AO69="P9",AN69<>"T17"),"P9 hanya dengan T17; ","")&IF(AND(OR(AN69="T17",AO69="P9"),AM69<>"R0"),"T17/P9 harus R0; ","")&IF(AND(AN69="T01",AO69<>"P6"),"T01 biasanya P6 (periksa); ","")&IF(AND(AO69="P1",AQ69<>"K4"),"P1 biasanya K4 (periksa); ","")="","OK",IF(AND(AM69="R0",AQ69<>"K5"),"R0 harus K5; ","")&IF(AND(AM69="R1",AQ69="K3"),"R1 tidak boleh K3 (fungsional); ","")&IF(AND(AM69="R2",AQ69="K5"),"R2 tidak boleh K5; ","")&IF(AND(AM69="R2",OR(AL69="S6",AL69="S7",AL69="S8")),"R2 tidak boleh S6/S7/S8; ","")&IF(AND(AO69="P9",AN69<>"T17"),"P9 hanya dengan T17; ","")&IF(AND(OR(AN69="T17",AO69="P9"),AM69<>"R0"),"T17/P9 harus R0; ","")&IF(AND(AN69="T01",AO69<>"P6"),"T01 biasanya P6 (periksa); ","")&IF(AND(AO69="P1",AQ69<>"K4"),"P1 biasanya K4 (periksa); ","")))
A70: 67 | B70: =IF(INDEX(Korpus!$A:$A,$A70)="","",INDEX(Korpus!$A:$A,$A70)) | C70: =TRIM(INDEX(Korpus!$D:$D,$A70)&" "&INDEX(Korpus!$E:$E,$A70)) | D70: =IF(INDEX(Korpus!$B:$B,$A70)="","",INDEX(Korpus!$B:$B,$A70)) | E70: =IF(INDEX(Korpus!$C:$C,$A70)="","",INDEX(Korpus!$C:$C,$A70)) | F70: =IF(INDEX(Korpus!$F:$F,$A70)="","",INDEX(Korpus!$F:$F,$A70)) | G70: S1 | H70: R2 | I70: T11 | J70: P2 | K70: F6 | L70: K3 | Y70: =IF(OR(M70="",S70=""),"",IF(M70=S70,"Sama","Beda")) | Z70: =IF(OR(N70="",T70=""),"",IF(N70=T70,"Sama","Beda")) | AA70: =IF(OR(O70="",U70=""),"",IF(O70=U70,"Sama","Beda")) | AB70: =IF(OR(P70="",V70=""),"",IF(P70=V70,"Sama","Beda")) | AC70: =IF(OR(Q70="",W70=""),"",IF(Q70=W70,"Sama","Beda")) | AD70: =IF(OR(R70="",X70=""),"",IF(R70=X70,"Sama","Beda")) | AE70: =COUNTIF(Y70:AD70,"Beda") -> 0 | AL70: =IF(AF70<>"",AF70,IF(AND(M70<>"",M70=S70),M70,"")) | AM70: =IF(AG70<>"",AG70,IF(AND(N70<>"",N70=T70),N70,"")) | AN70: =IF(AH70<>"",AH70,IF(AND(O70<>"",O70=U70),O70,"")) | AO70: =IF(AI70<>"",AI70,IF(AND(P70<>"",P70=V70),P70,"")) | AP70: =IF(AJ70<>"",AJ70,IF(AND(Q70<>"",Q70=W70),Q70,"")) | AQ70: =IF(AK70<>"",AK70,IF(AND(R70<>"",R70=X70),R70,"")) | AS70: =IF(COUNTA(M70:R70)+COUNTA(S70:X70)<12,"Menunggu coder",IF(AE70=0,"Sepakat",IF(SUMPRODUCT((Y70:AD70="Beda")*(AF70:AK70=""))=0,"Selesai adjudikasi","Perlu adjudikasi"))) -> Menunggu coder | AT70: =IF(COUNTIF(AL70:AQ70,"?*")<6,"",IF(IF(AND(AM70="R0",AQ70<>"K5"),"R0 harus K5; ","")&IF(AND(AM70="R1",AQ70="K3"),"R1 tidak boleh K3 (fungsional); ","")&IF(AND(AM70="R2",AQ70="K5"),"R2 tidak boleh K5; ","")&IF(AND(AM70="R2",OR(AL70="S6",AL70="S7",AL70="S8")),"R2 tidak boleh S6/S7/S8; ","")&IF(AND(AO70="P9",AN70<>"T17"),"P9 hanya dengan T17; ","")&IF(AND(OR(AN70="T17",AO70="P9"),AM70<>"R0"),"T17/P9 harus R0; ","")&IF(AND(AN70="T01",AO70<>"P6"),"T01 biasanya P6 (periksa); ","")&IF(AND(AO70="P1",AQ70<>"K4"),"P1 biasanya K4 (periksa); ","")="","OK",IF(AND(AM70="R0",AQ70<>"K5"),"R0 harus K5; ","")&IF(AND(AM70="R1",AQ70="K3"),"R1 tidak boleh K3 (fungsional); ","")&IF(AND(AM70="R2",AQ70="K5"),"R2 tidak boleh K5; ","")&IF(AND(AM70="R2",OR(AL70="S6",AL70="S7",AL70="S8")),"R2 tidak boleh S6/S7/S8; ","")&IF(AND(AO70="P9",AN70<>"T17"),"P9 hanya dengan T17; ","")&IF(AND(OR(AN70="T17",AO70="P9"),AM70<>"R0"),"T17/P9 harus R0; ","")&IF(AND(AN70="T01",AO70<>"P6"),"T01 biasanya P6 (periksa); ","")&IF(AND(AO70="P1",AQ70<>"K4"),"P1 biasanya K4 (periksa); ","")))
A71: 68 | B71: =IF(INDEX(Korpus!$A:$A,$A71)="","",INDEX(Korpus!$A:$A,$A71)) | C71: =TRIM(INDEX(Korpus!$D:$D,$A71)&" "&INDEX(Korpus!$E:$E,$A71)) | D71: =IF(INDEX(Korpus!$B:$B,$A71)="","",INDEX(Korpus!$B:$B,$A71)) | E71: =IF(INDEX(Korpus!$C:$C,$A71)="","",INDEX(Korpus!$C:$C,$A71)) | F71: =IF(INDEX(Korpus!$F:$F,$A71)="","",INDEX(Korpus!$F:$F,$A71)) | Y71: =IF(OR(M71="",S71=""),"",IF(M71=S71,"Sama","Beda")) | Z71: =IF(OR(N71="",T71=""),"",IF(N71=T71,"Sama","Beda")) | AA71: =IF(OR(O71="",U71=""),"",IF(O71=U71,"Sama","Beda")) | AB71: =IF(OR(P71="",V71=""),"",IF(P71=V71,"Sama","Beda")) | AC71: =IF(OR(Q71="",W71=""),"",IF(Q71=W71,"Sama","Beda")) | AD71: =IF(OR(R71="",X71=""),"",IF(R71=X71,"Sama","Beda")) | AE71: =COUNTIF(Y71:AD71,"Beda") -> 0 | AL71: =IF(AF71<>"",AF71,IF(AND(M71<>"",M71=S71),M71,"")) | AM71: =IF(AG71<>"",AG71,IF(AND(N71<>"",N71=T71),N71,"")) | AN71: =IF(AH71<>"",AH71,IF(AND(O71<>"",O71=U71),O71,"")) | AO71: =IF(AI71<>"",AI71,IF(AND(P71<>"",P71=V71),P71,"")) | AP71: =IF(AJ71<>"",AJ71,IF(AND(Q71<>"",Q71=W71),Q71,"")) | AQ71: =IF(AK71<>"",AK71,IF(AND(R71<>"",R71=X71),R71,"")) | AS71: =IF(COUNTA(M71:R71)+COUNTA(S71:X71)<12,"Menunggu coder",IF(AE71=0,"Sepakat",IF(SUMPRODUCT((Y71:AD71="Beda")*(AF71:AK71=""))=0,"Selesai adjudikasi","Perlu adjudikasi"))) -> Menunggu coder | AT71: =IF(COUNTIF(AL71:AQ71,"?*")<6,"",IF(IF(AND(AM71="R0",AQ71<>"K5"),"R0 harus K5; ","")&IF(AND(AM71="R1",AQ71="K3"),"R1 tidak boleh K3 (fungsional); ","")&IF(AND(AM71="R2",AQ71="K5"),"R2 tidak boleh K5; ","")&IF(AND(AM71="R2",OR(AL71="S6",AL71="S7",AL71="S8")),"R2 tidak boleh S6/S7/S8; ","")&IF(AND(AO71="P9",AN71<>"T17"),"P9 hanya dengan T17; ","")&IF(AND(OR(AN71="T17",AO71="P9"),AM71<>"R0"),"T17/P9 harus R0; ","")&IF(AND(AN71="T01",AO71<>"P6"),"T01 biasanya P6 (periksa); ","")&IF(AND(AO71="P1",AQ71<>"K4"),"P1 biasanya K4 (periksa); ","")="","OK",IF(AND(AM71="R0",AQ71<>"K5"),"R0 harus K5; ","")&IF(AND(AM71="R1",AQ71="K3"),"R1 tidak boleh K3 (fungsional); ","")&IF(AND(AM71="R2",AQ71="K5"),"R2 tidak boleh K5; ","")&IF(AND(AM71="R2",OR(AL71="S6",AL71="S7",AL71="S8")),"R2 tidak boleh S6/S7/S8; ","")&IF(AND(AO71="P9",AN71<>"T17"),"P9 hanya dengan T17; ","")&IF(AND(OR(AN71="T17",AO71="P9"),AM71<>"R0"),"T17/P9 harus R0; ","")&IF(AND(AN71="T01",AO71<>"P6"),"T01 biasanya P6 (periksa); ","")&IF(AND(AO71="P1",AQ71<>"K4"),"P1 biasanya K4 (periksa); ","")))
A72: 69 | B72: =IF(INDEX(Korpus!$A:$A,$A72)="","",INDEX(Korpus!$A:$A,$A72)) | C72: =TRIM(INDEX(Korpus!$D:$D,$A72)&" "&INDEX(Korpus!$E:$E,$A72)) | D72: =IF(INDEX(Korpus!$B:$B,$A72)="","",INDEX(Korpus!$B:$B,$A72)) | E72: =IF(INDEX(Korpus!$C:$C,$A72)="","",INDEX(Korpus!$C:$C,$A72)) | F72: =IF(INDEX(Korpus!$F:$F,$A72)="","",INDEX(Korpus!$F:$F,$A72)) | Y72: =IF(OR(M72="",S72=""),"",IF(M72=S72,"Sama","Beda")) | Z72: =IF(OR(N72="",T72=""),"",IF(N72=T72,"Sama","Beda")) | AA72: =IF(OR(O72="",U72=""),"",IF(O72=U72,"Sama","Beda")) | AB72: =IF(OR(P72="",V72=""),"",IF(P72=V72,"Sama","Beda")) | AC72: =IF(OR(Q72="",W72=""),"",IF(Q72=W72,"Sama","Beda")) | AD72: =IF(OR(R72="",X72=""),"",IF(R72=X72,"Sama","Beda")) | AE72: =COUNTIF(Y72:AD72,"Beda") -> 0 | AL72: =IF(AF72<>"",AF72,IF(AND(M72<>"",M72=S72),M72,"")) | AM72: =IF(AG72<>"",AG72,IF(AND(N72<>"",N72=T72),N72,"")) | AN72: =IF(AH72<>"",AH72,IF(AND(O72<>"",O72=U72),O72,"")) | AO72: =IF(AI72<>"",AI72,IF(AND(P72<>"",P72=V72),P72,"")) | AP72: =IF(AJ72<>"",AJ72,IF(AND(Q72<>"",Q72=W72),Q72,"")) | AQ72: =IF(AK72<>"",AK72,IF(AND(R72<>"",R72=X72),R72,"")) | AS72: =IF(COUNTA(M72:R72)+COUNTA(S72:X72)<12,"Menunggu coder",IF(AE72=0,"Sepakat",IF(SUMPRODUCT((Y72:AD72="Beda")*(AF72:AK72=""))=0,"Selesai adjudikasi","Perlu adjudikasi"))) -> Menunggu coder | AT72: =IF(COUNTIF(AL72:AQ72,"?*")<6,"",IF(IF(AND(AM72="R0",AQ72<>"K5"),"R0 harus K5; ","")&IF(AND(AM72="R1",AQ72="K3"),"R1 tidak boleh K3 (fungsional); ","")&IF(AND(AM72="R2",AQ72="K5"),"R2 tidak boleh K5; ","")&IF(AND(AM72="R2",OR(AL72="S6",AL72="S7",AL72="S8")),"R2 tidak boleh S6/S7/S8; ","")&IF(AND(AO72="P9",AN72<>"T17"),"P9 hanya dengan T17; ","")&IF(AND(OR(AN72="T17",AO72="P9"),AM72<>"R0"),"T17/P9 harus R0; ","")&IF(AND(AN72="T01",AO72<>"P6"),"T01 biasanya P6 (periksa); ","")&IF(AND(AO72="P1",AQ72<>"K4"),"P1 biasanya K4 (periksa); ","")="","OK",IF(AND(AM72="R0",AQ72<>"K5"),"R0 harus K5; ","")&IF(AND(AM72="R1",AQ72="K3"),"R1 tidak boleh K3 (fungsional); ","")&IF(AND(AM72="R2",AQ72="K5"),"R2 tidak boleh K5; ","")&IF(AND(AM72="R2",OR(AL72="S6",AL72="S7",AL72="S8")),"R2 tidak boleh S6/S7/S8; ","")&IF(AND(AO72="P9",AN72<>"T17"),"P9 hanya dengan T17; ","")&IF(AND(OR(AN72="T17",AO72="P9"),AM72<>"R0"),"T17/P9 harus R0; ","")&IF(AND(AN72="T01",AO72<>"P6"),"T01 biasanya P6 (periksa); ","")&IF(AND(AO72="P1",AQ72<>"K4"),"P1 biasanya K4 (periksa); ","")))
A73: 70 | B73: =IF(INDEX(Korpus!$A:$A,$A73)="","",INDEX(Korpus!$A:$A,$A73)) | C73: =TRIM(INDEX(Korpus!$D:$D,$A73)&" "&INDEX(Korpus!$E:$E,$A73)) | D73: =IF(INDEX(Korpus!$B:$B,$A73)="","",INDEX(Korpus!$B:$B,$A73)) | E73: =IF(INDEX(Korpus!$C:$C,$A73)="","",INDEX(Korpus!$C:$C,$A73)) | F73: =IF(INDEX(Korpus!$F:$F,$A73)="","",INDEX(Korpus!$F:$F,$A73)) | Y73: =IF(OR(M73="",S73=""),"",IF(M73=S73,"Sama","Beda")) | Z73: =IF(OR(N73="",T73=""),"",IF(N73=T73,"Sama","Beda")) | AA73: =IF(OR(O73="",U73=""),"",IF(O73=U73,"Sama","Beda")) | AB73: =IF(OR(P73="",V73=""),"",IF(P73=V73,"Sama","Beda")) | AC73: =IF(OR(Q73="",W73=""),"",IF(Q73=W73,"Sama","Beda")) | AD73: =IF(OR(R73="",X73=""),"",IF(R73=X73,"Sama","Beda")) | AE73: =COUNTIF(Y73:AD73,"Beda") -> 0 | AL73: =IF(AF73<>"",AF73,IF(AND(M73<>"",M73=S73),M73,"")) | AM73: =IF(AG73<>"",AG73,IF(AND(N73<>"",N73=T73),N73,"")) | AN73: =IF(AH73<>"",AH73,IF(AND(O73<>"",O73=U73),O73,"")) | AO73: =IF(AI73<>"",AI73,IF(AND(P73<>"",P73=V73),P73,"")) | AP73: =IF(AJ73<>"",AJ73,IF(AND(Q73<>"",Q73=W73),Q73,"")) | AQ73: =IF(AK73<>"",AK73,IF(AND(R73<>"",R73=X73),R73,"")) | AS73: =IF(COUNTA(M73:R73)+COUNTA(S73:X73)<12,"Menunggu coder",IF(AE73=0,"Sepakat",IF(SUMPRODUCT((Y73:AD73="Beda")*(AF73:AK73=""))=0,"Selesai adjudikasi","Perlu adjudikasi"))) -> Menunggu coder | AT73: =IF(COUNTIF(AL73:AQ73,"?*")<6,"",IF(IF(AND(AM73="R0",AQ73<>"K5"),"R0 harus K5; ","")&IF(AND(AM73="R1",AQ73="K3"),"R1 tidak boleh K3 (fungsional); ","")&IF(AND(AM73="R2",AQ73="K5"),"R2 tidak boleh K5; ","")&IF(AND(AM73="R2",OR(AL73="S6",AL73="S7",AL73="S8")),"R2 tidak boleh S6/S7/S8; ","")&IF(AND(AO73="P9",AN73<>"T17"),"P9 hanya dengan T17; ","")&IF(AND(OR(AN73="T17",AO73="P9"),AM73<>"R0"),"T17/P9 harus R0; ","")&IF(AND(AN73="T01",AO73<>"P6"),"T01 biasanya P6 (periksa); ","")&IF(AND(AO73="P1",AQ73<>"K4"),"P1 biasanya K4 (periksa); ","")="","OK",IF(AND(AM73="R0",AQ73<>"K5"),"R0 harus K5; ","")&IF(AND(AM73="R1",AQ73="K3"),"R1 tidak boleh K3 (fungsional); ","")&IF(AND(AM73="R2",AQ73="K5"),"R2 tidak boleh K5; ","")&IF(AND(AM73="R2",OR(AL73="S6",AL73="S7",AL73="S8")),"R2 tidak boleh S6/S7/S8; ","")&IF(AND(AO73="P9",AN73<>"T17"),"P9 hanya dengan T17; ","")&IF(AND(OR(AN73="T17",AO73="P9"),AM73<>"R0"),"T17/P9 harus R0; ","")&IF(AND(AN73="T01",AO73<>"P6"),"T01 biasanya P6 (periksa); ","")&IF(AND(AO73="P1",AQ73<>"K4"),"P1 biasanya K4 (periksa); ","")))
A74: 71 | B74: =IF(INDEX(Korpus!$A:$A,$A74)="","",INDEX(Korpus!$A:$A,$A74)) | C74: =TRIM(INDEX(Korpus!$D:$D,$A74)&" "&INDEX(Korpus!$E:$E,$A74)) | D74: =IF(INDEX(Korpus!$B:$B,$A74)="","",INDEX(Korpus!$B:$B,$A74)) | E74: =IF(INDEX(Korpus!$C:$C,$A74)="","",INDEX(Korpus!$C:$C,$A74)) | F74: =IF(INDEX(Korpus!$F:$F,$A74)="","",INDEX(Korpus!$F:$F,$A74)) | Y74: =IF(OR(M74="",S74=""),"",IF(M74=S74,"Sama","Beda")) | Z74: =IF(OR(N74="",T74=""),"",IF(N74=T74,"Sama","Beda")) | AA74: =IF(OR(O74="",U74=""),"",IF(O74=U74,"Sama","Beda")) | AB74: =IF(OR(P74="",V74=""),"",IF(P74=V74,"Sama","Beda")) | AC74: =IF(OR(Q74="",W74=""),"",IF(Q74=W74,"Sama","Beda")) | AD74: =IF(OR(R74="",X74=""),"",IF(R74=X74,"Sama","Beda")) | AE74: =COUNTIF(Y74:AD74,"Beda") -> 0 | AL74: =IF(AF74<>"",AF74,IF(AND(M74<>"",M74=S74),M74,"")) | AM74: =IF(AG74<>"",AG74,IF(AND(N74<>"",N74=T74),N74,"")) | AN74: =IF(AH74<>"",AH74,IF(AND(O74<>"",O74=U74),O74,"")) | AO74: =IF(AI74<>"",AI74,IF(AND(P74<>"",P74=V74),P74,"")) | AP74: =IF(AJ74<>"",AJ74,IF(AND(Q74<>"",Q74=W74),Q74,"")) | AQ74: =IF(AK74<>"",AK74,IF(AND(R74<>"",R74=X74),R74,"")) | AS74: =IF(COUNTA(M74:R74)+COUNTA(S74:X74)<12,"Menunggu coder",IF(AE74=0,"Sepakat",IF(SUMPRODUCT((Y74:AD74="Beda")*(AF74:AK74=""))=0,"Selesai adjudikasi","Perlu adjudikasi"))) -> Menunggu coder | AT74: =IF(COUNTIF(AL74:AQ74,"?*")<6,"",IF(IF(AND(AM74="R0",AQ74<>"K5"),"R0 harus K5; ","")&IF(AND(AM74="R1",AQ74="K3"),"R1 tidak boleh K3 (fungsional); ","")&IF(AND(AM74="R2",AQ74="K5"),"R2 tidak boleh K5; ","")&IF(AND(AM74="R2",OR(AL74="S6",AL74="S7",AL74="S8")),"R2 tidak boleh S6/S7/S8; ","")&IF(AND(AO74="P9",AN74<>"T17"),"P9 hanya dengan T17; ","")&IF(AND(OR(AN74="T17",AO74="P9"),AM74<>"R0"),"T17/P9 harus R0; ","")&IF(AND(AN74="T01",AO74<>"P6"),"T01 biasanya P6 (periksa); ","")&IF(AND(AO74="P1",AQ74<>"K4"),"P1 biasanya K4 (periksa); ","")="","OK",IF(AND(AM74="R0",AQ74<>"K5"),"R0 harus K5; ","")&IF(AND(AM74="R1",AQ74="K3"),"R1 tidak boleh K3 (fungsional); ","")&IF(AND(AM74="R2",AQ74="K5"),"R2 tidak boleh K5; ","")&IF(AND(AM74="R2",OR(AL74="S6",AL74="S7",AL74="S8")),"R2 tidak boleh S6/S7/S8; ","")&IF(AND(AO74="P9",AN74<>"T17"),"P9 hanya dengan T17; ","")&IF(AND(OR(AN74="T17",AO74="P9"),AM74<>"R0"),"T17/P9 harus R0; ","")&IF(AND(AN74="T01",AO74<>"P6"),"T01 biasanya P6 (periksa); ","")&IF(AND(AO74="P1",AQ74<>"K4"),"P1 biasanya K4 (periksa); ","")))
A75: 72 | B75: =IF(INDEX(Korpus!$A:$A,$A75)="","",INDEX(Korpus!$A:$A,$A75)) | C75: =TRIM(INDEX(Korpus!$D:$D,$A75)&" "&INDEX(Korpus!$E:$E,$A75)) | D75: =IF(INDEX(Korpus!$B:$B,$A75)="","",INDEX(Korpus!$B:$B,$A75)) | E75: =IF(INDEX(Korpus!$C:$C,$A75)="","",INDEX(Korpus!$C:$C,$A75)) | F75: =IF(INDEX(Korpus!$F:$F,$A75)="","",INDEX(Korpus!$F:$F,$A75)) | Y75: =IF(OR(M75="",S75=""),"",IF(M75=S75,"Sama","Beda")) | Z75: =IF(OR(N75="",T75=""),"",IF(N75=T75,"Sama","Beda")) | AA75: =IF(OR(O75="",U75=""),"",IF(O75=U75,"Sama","Beda")) | AB75: =IF(OR(P75="",V75=""),"",IF(P75=V75,"Sama","Beda")) | AC75: =IF(OR(Q75="",W75=""),"",IF(Q75=W75,"Sama","Beda")) | AD75: =IF(OR(R75="",X75=""),"",IF(R75=X75,"Sama","Beda")) | AE75: =COUNTIF(Y75:AD75,"Beda") -> 0 | AL75: =IF(AF75<>"",AF75,IF(AND(M75<>"",M75=S75),M75,"")) | AM75: =IF(AG75<>"",AG75,IF(AND(N75<>"",N75=T75),N75,"")) | AN75: =IF(AH75<>"",AH75,IF(AND(O75<>"",O75=U75),O75,"")) | AO75: =IF(AI75<>"",AI75,IF(AND(P75<>"",P75=V75),P75,"")) | AP75: =IF(AJ75<>"",AJ75,IF(AND(Q75<>"",Q75=W75),Q75,"")) | AQ75: =IF(AK75<>"",AK75,IF(AND(R75<>"",R75=X75),R75,"")) | AS75: =IF(COUNTA(M75:R75)+COUNTA(S75:X75)<12,"Menunggu coder",IF(AE75=0,"Sepakat",IF(SUMPRODUCT((Y75:AD75="Beda")*(AF75:AK75=""))=0,"Selesai adjudikasi","Perlu adjudikasi"))) -> Menunggu coder | AT75: =IF(COUNTIF(AL75:AQ75,"?*")<6,"",IF(IF(AND(AM75="R0",AQ75<>"K5"),"R0 harus K5; ","")&IF(AND(AM75="R1",AQ75="K3"),"R1 tidak boleh K3 (fungsional); ","")&IF(AND(AM75="R2",AQ75="K5"),"R2 tidak boleh K5; ","")&IF(AND(AM75="R2",OR(AL75="S6",AL75="S7",AL75="S8")),"R2 tidak boleh S6/S7/S8; ","")&IF(AND(AO75="P9",AN75<>"T17"),"P9 hanya dengan T17; ","")&IF(AND(OR(AN75="T17",AO75="P9"),AM75<>"R0"),"T17/P9 harus R0; ","")&IF(AND(AN75="T01",AO75<>"P6"),"T01 biasanya P6 (periksa); ","")&IF(AND(AO75="P1",AQ75<>"K4"),"P1 biasanya K4 (periksa); ","")="","OK",IF(AND(AM75="R0",AQ75<>"K5"),"R0 harus K5; ","")&IF(AND(AM75="R1",AQ75="K3"),"R1 tidak boleh K3 (fungsional); ","")&IF(AND(AM75="R2",AQ75="K5"),"R2 tidak boleh K5; ","")&IF(AND(AM75="R2",OR(AL75="S6",AL75="S7",AL75="S8")),"R2 tidak boleh S6/S7/S8; ","")&IF(AND(AO75="P9",AN75<>"T17"),"P9 hanya dengan T17; ","")&IF(AND(OR(AN75="T17",AO75="P9"),AM75<>"R0"),"T17/P9 harus R0; ","")&IF(AND(AN75="T01",AO75<>"P6"),"T01 biasanya P6 (periksa); ","")&IF(AND(AO75="P1",AQ75<>"K4"),"P1 biasanya K4 (periksa); ","")))
A76: 73 | B76: =IF(INDEX(Korpus!$A:$A,$A76)="","",INDEX(Korpus!$A:$A,$A76)) | C76: =TRIM(INDEX(Korpus!$D:$D,$A76)&" "&INDEX(Korpus!$E:$E,$A76)) | D76: =IF(INDEX(Korpus!$B:$B,$A76)="","",INDEX(Korpus!$B:$B,$A76)) | E76: =IF(INDEX(Korpus!$C:$C,$A76)="","",INDEX(Korpus!$C:$C,$A76)) | F76: =IF(INDEX(Korpus!$F:$F,$A76)="","",INDEX(Korpus!$F:$F,$A76)) | Y76: =IF(OR(M76="",S76=""),"",IF(M76=S76,"Sama","Beda")) | Z76: =IF(OR(N76="",T76=""),"",IF(N76=T76,"Sama","Beda")) | AA76: =IF(OR(O76="",U76=""),"",IF(O76=U76,"Sama","Beda")) | AB76: =IF(OR(P76="",V76=""),"",IF(P76=V76,"Sama","Beda")) | AC76: =IF(OR(Q76="",W76=""),"",IF(Q76=W76,"Sama","Beda")) | AD76: =IF(OR(R76="",X76=""),"",IF(R76=X76,"Sama","Beda")) | AE76: =COUNTIF(Y76:AD76,"Beda") -> 0 | AL76: =IF(AF76<>"",AF76,IF(AND(M76<>"",M76=S76),M76,"")) | AM76: =IF(AG76<>"",AG76,IF(AND(N76<>"",N76=T76),N76,"")) | AN76: =IF(AH76<>"",AH76,IF(AND(O76<>"",O76=U76),O76,"")) | AO76: =IF(AI76<>"",AI76,IF(AND(P76<>"",P76=V76),P76,"")) | AP76: =IF(AJ76<>"",AJ76,IF(AND(Q76<>"",Q76=W76),Q76,"")) | AQ76: =IF(AK76<>"",AK76,IF(AND(R76<>"",R76=X76),R76,"")) | AS76: =IF(COUNTA(M76:R76)+COUNTA(S76:X76)<12,"Menunggu coder",IF(AE76=0,"Sepakat",IF(SUMPRODUCT((Y76:AD76="Beda")*(AF76:AK76=""))=0,"Selesai adjudikasi","Perlu adjudikasi"))) -> Menunggu coder | AT76: =IF(COUNTIF(AL76:AQ76,"?*")<6,"",IF(IF(AND(AM76="R0",AQ76<>"K5"),"R0 harus K5; ","")&IF(AND(AM76="R1",AQ76="K3"),"R1 tidak boleh K3 (fungsional); ","")&IF(AND(AM76="R2",AQ76="K5"),"R2 tidak boleh K5; ","")&IF(AND(AM76="R2",OR(AL76="S6",AL76="S7",AL76="S8")),"R2 tidak boleh S6/S7/S8; ","")&IF(AND(AO76="P9",AN76<>"T17"),"P9 hanya dengan T17; ","")&IF(AND(OR(AN76="T17",AO76="P9"),AM76<>"R0"),"T17/P9 harus R0; ","")&IF(AND(AN76="T01",AO76<>"P6"),"T01 biasanya P6 (periksa); ","")&IF(AND(AO76="P1",AQ76<>"K4"),"P1 biasanya K4 (periksa); ","")="","OK",IF(AND(AM76="R0",AQ76<>"K5"),"R0 harus K5; ","")&IF(AND(AM76="R1",AQ76="K3"),"R1 tidak boleh K3 (fungsional); ","")&IF(AND(AM76="R2",AQ76="K5"),"R2 tidak boleh K5; ","")&IF(AND(AM76="R2",OR(AL76="S6",AL76="S7",AL76="S8")),"R2 tidak boleh S6/S7/S8; ","")&IF(AND(AO76="P9",AN76<>"T17"),"P9 hanya dengan T17; ","")&IF(AND(OR(AN76="T17",AO76="P9"),AM76<>"R0"),"T17/P9 harus R0; ","")&IF(AND(AN76="T01",AO76<>"P6"),"T01 biasanya P6 (periksa); ","")&IF(AND(AO76="P1",AQ76<>"K4"),"P1 biasanya K4 (periksa); ","")))
A77: 74 | B77: =IF(INDEX(Korpus!$A:$A,$A77)="","",INDEX(Korpus!$A:$A,$A77)) | C77: =TRIM(INDEX(Korpus!$D:$D,$A77)&" "&INDEX(Korpus!$E:$E,$A77)) | D77: =IF(INDEX(Korpus!$B:$B,$A77)="","",INDEX(Korpus!$B:$B,$A77)) | E77: =IF(INDEX(Korpus!$C:$C,$A77)="","",INDEX(Korpus!$C:$C,$A77)) | F77: =IF(INDEX(Korpus!$F:$F,$A77)="","",INDEX(Korpus!$F:$F,$A77)) | Y77: =IF(OR(M77="",S77=""),"",IF(M77=S77,"Sama","Beda")) | Z77: =IF(OR(N77="",T77=""),"",IF(N77=T77,"Sama","Beda")) | AA77: =IF(OR(O77="",U77=""),"",IF(O77=U77,"Sama","Beda")) | AB77: =IF(OR(P77="",V77=""),"",IF(P77=V77,"Sama","Beda")) | AC77: =IF(OR(Q77="",W77=""),"",IF(Q77=W77,"Sama","Beda")) | AD77: =IF(OR(R77="",X77=""),"",IF(R77=X77,"Sama","Beda")) | AE77: =COUNTIF(Y77:AD77,"Beda") -> 0 | AL77: =IF(AF77<>"",AF77,IF(AND(M77<>"",M77=S77),M77,"")) | AM77: =IF(AG77<>"",AG77,IF(AND(N77<>"",N77=T77),N77,"")) | AN77: =IF(AH77<>"",AH77,IF(AND(O77<>"",O77=U77),O77,"")) | AO77: =IF(AI77<>"",AI77,IF(AND(P77<>"",P77=V77),P77,"")) | AP77: =IF(AJ77<>"",AJ77,IF(AND(Q77<>"",Q77=W77),Q77,"")) | AQ77: =IF(AK77<>"",AK77,IF(AND(R77<>"",R77=X77),R77,"")) | AS77: =IF(COUNTA(M77:R77)+COUNTA(S77:X77)<12,"Menunggu coder",IF(AE77=0,"Sepakat",IF(SUMPRODUCT((Y77:AD77="Beda")*(AF77:AK77=""))=0,"Selesai adjudikasi","Perlu adjudikasi"))) -> Menunggu coder | AT77: =IF(COUNTIF(AL77:AQ77,"?*")<6,"",IF(IF(AND(AM77="R0",AQ77<>"K5"),"R0 harus K5; ","")&IF(AND(AM77="R1",AQ77="K3"),"R1 tidak boleh K3 (fungsional); ","")&IF(AND(AM77="R2",AQ77="K5"),"R2 tidak boleh K5; ","")&IF(AND(AM77="R2",OR(AL77="S6",AL77="S7",AL77="S8")),"R2 tidak boleh S6/S7/S8; ","")&IF(AND(AO77="P9",AN77<>"T17"),"P9 hanya dengan T17; ","")&IF(AND(OR(AN77="T17",AO77="P9"),AM77<>"R0"),"T17/P9 harus R0; ","")&IF(AND(AN77="T01",AO77<>"P6"),"T01 biasanya P6 (periksa); ","")&IF(AND(AO77="P1",AQ77<>"K4"),"P1 biasanya K4 (periksa); ","")="","OK",IF(AND(AM77="R0",AQ77<>"K5"),"R0 harus K5; ","")&IF(AND(AM77="R1",AQ77="K3"),"R1 tidak boleh K3 (fungsional); ","")&IF(AND(AM77="R2",AQ77="K5"),"R2 tidak boleh K5; ","")&IF(AND(AM77="R2",OR(AL77="S6",AL77="S7",AL77="S8")),"R2 tidak boleh S6/S7/S8; ","")&IF(AND(AO77="P9",AN77<>"T17"),"P9 hanya dengan T17; ","")&IF(AND(OR(AN77="T17",AO77="P9"),AM77<>"R0"),"T17/P9 harus R0; ","")&IF(AND(AN77="T01",AO77<>"P6"),"T01 biasanya P6 (periksa); ","")&IF(AND(AO77="P1",AQ77<>"K4"),"P1 biasanya K4 (periksa); ","")))
A78: 75 | B78: =IF(INDEX(Korpus!$A:$A,$A78)="","",INDEX(Korpus!$A:$A,$A78)) | C78: =TRIM(INDEX(Korpus!$D:$D,$A78)&" "&INDEX(Korpus!$E:$E,$A78)) | D78: =IF(INDEX(Korpus!$B:$B,$A78)="","",INDEX(Korpus!$B:$B,$A78)) | E78: =IF(INDEX(Korpus!$C:$C,$A78)="","",INDEX(Korpus!$C:$C,$A78)) | F78: =IF(INDEX(Korpus!$F:$F,$A78)="","",INDEX(Korpus!$F:$F,$A78)) | Y78: =IF(OR(M78="",S78=""),"",IF(M78=S78,"Sama","Beda")) | Z78: =IF(OR(N78="",T78=""),"",IF(N78=T78,"Sama","Beda")) | AA78: =IF(OR(O78="",U78=""),"",IF(O78=U78,"Sama","Beda")) | AB78: =IF(OR(P78="",V78=""),"",IF(P78=V78,"Sama","Beda")) | AC78: =IF(OR(Q78="",W78=""),"",IF(Q78=W78,"Sama","Beda")) | AD78: =IF(OR(R78="",X78=""),"",IF(R78=X78,"Sama","Beda")) | AE78: =COUNTIF(Y78:AD78,"Beda") -> 0 | AL78: =IF(AF78<>"",AF78,IF(AND(M78<>"",M78=S78),M78,"")) | AM78: =IF(AG78<>"",AG78,IF(AND(N78<>"",N78=T78),N78,"")) | AN78: =IF(AH78<>"",AH78,IF(AND(O78<>"",O78=U78),O78,"")) | AO78: =IF(AI78<>"",AI78,IF(AND(P78<>"",P78=V78),P78,"")) | AP78: =IF(AJ78<>"",AJ78,IF(AND(Q78<>"",Q78=W78),Q78,"")) | AQ78: =IF(AK78<>"",AK78,IF(AND(R78<>"",R78=X78),R78,"")) | AS78: =IF(COUNTA(M78:R78)+COUNTA(S78:X78)<12,"Menunggu coder",IF(AE78=0,"Sepakat",IF(SUMPRODUCT((Y78:AD78="Beda")*(AF78:AK78=""))=0,"Selesai adjudikasi","Perlu adjudikasi"))) -> Menunggu coder | AT78: =IF(COUNTIF(AL78:AQ78,"?*")<6,"",IF(IF(AND(AM78="R0",AQ78<>"K5"),"R0 harus K5; ","")&IF(AND(AM78="R1",AQ78="K3"),"R1 tidak boleh K3 (fungsional); ","")&IF(AND(AM78="R2",AQ78="K5"),"R2 tidak boleh K5; ","")&IF(AND(AM78="R2",OR(AL78="S6",AL78="S7",AL78="S8")),"R2 tidak boleh S6/S7/S8; ","")&IF(AND(AO78="P9",AN78<>"T17"),"P9 hanya dengan T17; ","")&IF(AND(OR(AN78="T17",AO78="P9"),AM78<>"R0"),"T17/P9 harus R0; ","")&IF(AND(AN78="T01",AO78<>"P6"),"T01 biasanya P6 (periksa); ","")&IF(AND(AO78="P1",AQ78<>"K4"),"P1 biasanya K4 (periksa); ","")="","OK",IF(AND(AM78="R0",AQ78<>"K5"),"R0 harus K5; ","")&IF(AND(AM78="R1",AQ78="K3"),"R1 tidak boleh K3 (fungsional); ","")&IF(AND(AM78="R2",AQ78="K5"),"R2 tidak boleh K5; ","")&IF(AND(AM78="R2",OR(AL78="S6",AL78="S7",AL78="S8")),"R2 tidak boleh S6/S7/S8; ","")&IF(AND(AO78="P9",AN78<>"T17"),"P9 hanya dengan T17; ","")&IF(AND(OR(AN78="T17",AO78="P9"),AM78<>"R0"),"T17/P9 harus R0; ","")&IF(AND(AN78="T01",AO78<>"P6"),"T01 biasanya P6 (periksa); ","")&IF(AND(AO78="P1",AQ78<>"K4"),"P1 biasanya K4 (periksa); ","")))
A79: 76 | B79: =IF(INDEX(Korpus!$A:$A,$A79)="","",INDEX(Korpus!$A:$A,$A79)) | C79: =TRIM(INDEX(Korpus!$D:$D,$A79)&" "&INDEX(Korpus!$E:$E,$A79)) | D79: =IF(INDEX(Korpus!$B:$B,$A79)="","",INDEX(Korpus!$B:$B,$A79)) | E79: =IF(INDEX(Korpus!$C:$C,$A79)="","",INDEX(Korpus!$C:$C,$A79)) | F79: =IF(INDEX(Korpus!$F:$F,$A79)="","",INDEX(Korpus!$F:$F,$A79)) | Y79: =IF(OR(M79="",S79=""),"",IF(M79=S79,"Sama","Beda")) | Z79: =IF(OR(N79="",T79=""),"",IF(N79=T79,"Sama","Beda")) | AA79: =IF(OR(O79="",U79=""),"",IF(O79=U79,"Sama","Beda")) | AB79: =IF(OR(P79="",V79=""),"",IF(P79=V79,"Sama","Beda")) | AC79: =IF(OR(Q79="",W79=""),"",IF(Q79=W79,"Sama","Beda")) | AD79: =IF(OR(R79="",X79=""),"",IF(R79=X79,"Sama","Beda")) | AE79: =COUNTIF(Y79:AD79,"Beda") -> 0 | AL79: =IF(AF79<>"",AF79,IF(AND(M79<>"",M79=S79),M79,"")) | AM79: =IF(AG79<>"",AG79,IF(AND(N79<>"",N79=T79),N79,"")) | AN79: =IF(AH79<>"",AH79,IF(AND(O79<>"",O79=U79),O79,"")) | AO79: =IF(AI79<>"",AI79,IF(AND(P79<>"",P79=V79),P79,"")) | AP79: =IF(AJ79<>"",AJ79,IF(AND(Q79<>"",Q79=W79),Q79,"")) | AQ79: =IF(AK79<>"",AK79,IF(AND(R79<>"",R79=X79),R79,"")) | AS79: =IF(COUNTA(M79:R79)+COUNTA(S79:X79)<12,"Menunggu coder",IF(AE79=0,"Sepakat",IF(SUMPRODUCT((Y79:AD79="Beda")*(AF79:AK79=""))=0,"Selesai adjudikasi","Perlu adjudikasi"))) -> Menunggu coder | AT79: =IF(COUNTIF(AL79:AQ79,"?*")<6,"",IF(IF(AND(AM79="R0",AQ79<>"K5"),"R0 harus K5; ","")&IF(AND(AM79="R1",AQ79="K3"),"R1 tidak boleh K3 (fungsional); ","")&IF(AND(AM79="R2",AQ79="K5"),"R2 tidak boleh K5; ","")&IF(AND(AM79="R2",OR(AL79="S6",AL79="S7",AL79="S8")),"R2 tidak boleh S6/S7/S8; ","")&IF(AND(AO79="P9",AN79<>"T17"),"P9 hanya dengan T17; ","")&IF(AND(OR(AN79="T17",AO79="P9"),AM79<>"R0"),"T17/P9 harus R0; ","")&IF(AND(AN79="T01",AO79<>"P6"),"T01 biasanya P6 (periksa); ","")&IF(AND(AO79="P1",AQ79<>"K4"),"P1 biasanya K4 (periksa); ","")="","OK",IF(AND(AM79="R0",AQ79<>"K5"),"R0 harus K5; ","")&IF(AND(AM79="R1",AQ79="K3"),"R1 tidak boleh K3 (fungsional); ","")&IF(AND(AM79="R2",AQ79="K5"),"R2 tidak boleh K5; ","")&IF(AND(AM79="R2",OR(AL79="S6",AL79="S7",AL79="S8")),"R2 tidak boleh S6/S7/S8; ","")&IF(AND(AO79="P9",AN79<>"T17"),"P9 hanya dengan T17; ","")&IF(AND(OR(AN79="T17",AO79="P9"),AM79<>"R0"),"T17/P9 harus R0; ","")&IF(AND(AN79="T01",AO79<>"P6"),"T01 biasanya P6 (periksa); ","")&IF(AND(AO79="P1",AQ79<>"K4"),"P1 biasanya K4 (periksa); ","")))
A80: 77 | B80: =IF(INDEX(Korpus!$A:$A,$A80)="","",INDEX(Korpus!$A:$A,$A80)) | C80: =TRIM(INDEX(Korpus!$D:$D,$A80)&" "&INDEX(Korpus!$E:$E,$A80)) | D80: =IF(INDEX(Korpus!$B:$B,$A80)="","",INDEX(Korpus!$B:$B,$A80)) | E80: =IF(INDEX(Korpus!$C:$C,$A80)="","",INDEX(Korpus!$C:$C,$A80)) | F80: =IF(INDEX(Korpus!$F:$F,$A80)="","",INDEX(Korpus!$F:$F,$A80)) | Y80: =IF(OR(M80="",S80=""),"",IF(M80=S80,"Sama","Beda")) | Z80: =IF(OR(N80="",T80=""),"",IF(N80=T80,"Sama","Beda")) | AA80: =IF(OR(O80="",U80=""),"",IF(O80=U80,"Sama","Beda")) | AB80: =IF(OR(P80="",V80=""),"",IF(P80=V80,"Sama","Beda")) | AC80: =IF(OR(Q80="",W80=""),"",IF(Q80=W80,"Sama","Beda")) | AD80: =IF(OR(R80="",X80=""),"",IF(R80=X80,"Sama","Beda")) | AE80: =COUNTIF(Y80:AD80,"Beda") -> 0 | AL80: =IF(AF80<>"",AF80,IF(AND(M80<>"",M80=S80),M80,"")) | AM80: =IF(AG80<>"",AG80,IF(AND(N80<>"",N80=T80),N80,"")) | AN80: =IF(AH80<>"",AH80,IF(AND(O80<>"",O80=U80),O80,"")) | AO80: =IF(AI80<>"",AI80,IF(AND(P80<>"",P80=V80),P80,"")) | AP80: =IF(AJ80<>"",AJ80,IF(AND(Q80<>"",Q80=W80),Q80,"")) | AQ80: =IF(AK80<>"",AK80,IF(AND(R80<>"",R80=X80),R80,"")) | AS80: =IF(COUNTA(M80:R80)+COUNTA(S80:X80)<12,"Menunggu coder",IF(AE80=0,"Sepakat",IF(SUMPRODUCT((Y80:AD80="Beda")*(AF80:AK80=""))=0,"Selesai adjudikasi","Perlu adjudikasi"))) -> Menunggu coder | AT80: =IF(COUNTIF(AL80:AQ80,"?*")<6,"",IF(IF(AND(AM80="R0",AQ80<>"K5"),"R0 harus K5; ","")&IF(AND(AM80="R1",AQ80="K3"),"R1 tidak boleh K3 (fungsional); ","")&IF(AND(AM80="R2",AQ80="K5"),"R2 tidak boleh K5; ","")&IF(AND(AM80="R2",OR(AL80="S6",AL80="S7",AL80="S8")),"R2 tidak boleh S6/S7/S8; ","")&IF(AND(AO80="P9",AN80<>"T17"),"P9 hanya dengan T17; ","")&IF(AND(OR(AN80="T17",AO80="P9"),AM80<>"R0"),"T17/P9 harus R0; ","")&IF(AND(AN80="T01",AO80<>"P6"),"T01 biasanya P6 (periksa); ","")&IF(AND(AO80="P1",AQ80<>"K4"),"P1 biasanya K4 (periksa); ","")="","OK",IF(AND(AM80="R0",AQ80<>"K5"),"R0 harus K5; ","")&IF(AND(AM80="R1",AQ80="K3"),"R1 tidak boleh K3 (fungsional); ","")&IF(AND(AM80="R2",AQ80="K5"),"R2 tidak boleh K5; ","")&IF(AND(AM80="R2",OR(AL80="S6",AL80="S7",AL80="S8")),"R2 tidak boleh S6/S7/S8; ","")&IF(AND(AO80="P9",AN80<>"T17"),"P9 hanya dengan T17; ","")&IF(AND(OR(AN80="T17",AO80="P9"),AM80<>"R0"),"T17/P9 harus R0; ","")&IF(AND(AN80="T01",AO80<>"P6"),"T01 biasanya P6 (periksa); ","")&IF(AND(AO80="P1",AQ80<>"K4"),"P1 biasanya K4 (periksa); ","")))
A81: 78 | B81: =IF(INDEX(Korpus!$A:$A,$A81)="","",INDEX(Korpus!$A:$A,$A81)) | C81: =TRIM(INDEX(Korpus!$D:$D,$A81)&" "&INDEX(Korpus!$E:$E,$A81)) | D81: =IF(INDEX(Korpus!$B:$B,$A81)="","",INDEX(Korpus!$B:$B,$A81)) | E81: =IF(INDEX(Korpus!$C:$C,$A81)="","",INDEX(Korpus!$C:$C,$A81)) | F81: =IF(INDEX(Korpus!$F:$F,$A81)="","",INDEX(Korpus!$F:$F,$A81)) | Y81: =IF(OR(M81="",S81=""),"",IF(M81=S81,"Sama","Beda")) | Z81: =IF(OR(N81="",T81=""),"",IF(N81=T81,"Sama","Beda")) | AA81: =IF(OR(O81="",U81=""),"",IF(O81=U81,"Sama","Beda")) | AB81: =IF(OR(P81="",V81=""),"",IF(P81=V81,"Sama","Beda")) | AC81: =IF(OR(Q81="",W81=""),"",IF(Q81=W81,"Sama","Beda")) | AD81: =IF(OR(R81="",X81=""),"",IF(R81=X81,"Sama","Beda")) | AE81: =COUNTIF(Y81:AD81,"Beda") -> 0 | AL81: =IF(AF81<>"",AF81,IF(AND(M81<>"",M81=S81),M81,"")) | AM81: =IF(AG81<>"",AG81,IF(AND(N81<>"",N81=T81),N81,"")) | AN81: =IF(AH81<>"",AH81,IF(AND(O81<>"",O81=U81),O81,"")) | AO81: =IF(AI81<>"",AI81,IF(AND(P81<>"",P81=V81),P81,"")) | AP81: =IF(AJ81<>"",AJ81,IF(AND(Q81<>"",Q81=W81),Q81,"")) | AQ81: =IF(AK81<>"",AK81,IF(AND(R81<>"",R81=X81),R81,"")) | AS81: =IF(COUNTA(M81:R81)+COUNTA(S81:X81)<12,"Menunggu coder",IF(AE81=0,"Sepakat",IF(SUMPRODUCT((Y81:AD81="Beda")*(AF81:AK81=""))=0,"Selesai adjudikasi","Perlu adjudikasi"))) -> Menunggu coder | AT81: =IF(COUNTIF(AL81:AQ81,"?*")<6,"",IF(IF(AND(AM81="R0",AQ81<>"K5"),"R0 harus K5; ","")&IF(AND(AM81="R1",AQ81="K3"),"R1 tidak boleh K3 (fungsional); ","")&IF(AND(AM81="R2",AQ81="K5"),"R2 tidak boleh K5; ","")&IF(AND(AM81="R2",OR(AL81="S6",AL81="S7",AL81="S8")),"R2 tidak boleh S6/S7/S8; ","")&IF(AND(AO81="P9",AN81<>"T17"),"P9 hanya dengan T17; ","")&IF(AND(OR(AN81="T17",AO81="P9"),AM81<>"R0"),"T17/P9 harus R0; ","")&IF(AND(AN81="T01",AO81<>"P6"),"T01 biasanya P6 (periksa); ","")&IF(AND(AO81="P1",AQ81<>"K4"),"P1 biasanya K4 (periksa); ","")="","OK",IF(AND(AM81="R0",AQ81<>"K5"),"R0 harus K5; ","")&IF(AND(AM81="R1",AQ81="K3"),"R1 tidak boleh K3 (fungsional); ","")&IF(AND(AM81="R2",AQ81="K5"),"R2 tidak boleh K5; ","")&IF(AND(AM81="R2",OR(AL81="S6",AL81="S7",AL81="S8")),"R2 tidak boleh S6/S7/S8; ","")&IF(AND(AO81="P9",AN81<>"T17"),"P9 hanya dengan T17; ","")&IF(AND(OR(AN81="T17",AO81="P9"),AM81<>"R0"),"T17/P9 harus R0; ","")&IF(AND(AN81="T01",AO81<>"P6"),"T01 biasanya P6 (periksa); ","")&IF(AND(AO81="P1",AQ81<>"K4"),"P1 biasanya K4 (periksa); ","")))
A82: 79 | B82: =IF(INDEX(Korpus!$A:$A,$A82)="","",INDEX(Korpus!$A:$A,$A82)) | C82: =TRIM(INDEX(Korpus!$D:$D,$A82)&" "&INDEX(Korpus!$E:$E,$A82)) | D82: =IF(INDEX(Korpus!$B:$B,$A82)="","",INDEX(Korpus!$B:$B,$A82)) | E82: =IF(INDEX(Korpus!$C:$C,$A82)="","",INDEX(Korpus!$C:$C,$A82)) | F82: =IF(INDEX(Korpus!$F:$F,$A82)="","",INDEX(Korpus!$F:$F,$A82)) | Y82: =IF(OR(M82="",S82=""),"",IF(M82=S82,"Sama","Beda")) | Z82: =IF(OR(N82="",T82=""),"",IF(N82=T82,"Sama","Beda")) | AA82: =IF(OR(O82="",U82=""),"",IF(O82=U82,"Sama","Beda")) | AB82: =IF(OR(P82="",V82=""),"",IF(P82=V82,"Sama","Beda")) | AC82: =IF(OR(Q82="",W82=""),"",IF(Q82=W82,"Sama","Beda")) | AD82: =IF(OR(R82="",X82=""),"",IF(R82=X82,"Sama","Beda")) | AE82: =COUNTIF(Y82:AD82,"Beda") -> 0 | AL82: =IF(AF82<>"",AF82,IF(AND(M82<>"",M82=S82),M82,"")) | AM82: =IF(AG82<>"",AG82,IF(AND(N82<>"",N82=T82),N82,"")) | AN82: =IF(AH82<>"",AH82,IF(AND(O82<>"",O82=U82),O82,"")) | AO82: =IF(AI82<>"",AI82,IF(AND(P82<>"",P82=V82),P82,"")) | AP82: =IF(AJ82<>"",AJ82,IF(AND(Q82<>"",Q82=W82),Q82,"")) | AQ82: =IF(AK82<>"",AK82,IF(AND(R82<>"",R82=X82),R82,"")) | AS82: =IF(COUNTA(M82:R82)+COUNTA(S82:X82)<12,"Menunggu coder",IF(AE82=0,"Sepakat",IF(SUMPRODUCT((Y82:AD82="Beda")*(AF82:AK82=""))=0,"Selesai adjudikasi","Perlu adjudikasi"))) -> Menunggu coder | AT82: =IF(COUNTIF(AL82:AQ82,"?*")<6,"",IF(IF(AND(AM82="R0",AQ82<>"K5"),"R0 harus K5; ","")&IF(AND(AM82="R1",AQ82="K3"),"R1 tidak boleh K3 (fungsional); ","")&IF(AND(AM82="R2",AQ82="K5"),"R2 tidak boleh K5; ","")&IF(AND(AM82="R2",OR(AL82="S6",AL82="S7",AL82="S8")),"R2 tidak boleh S6/S7/S8; ","")&IF(AND(AO82="P9",AN82<>"T17"),"P9 hanya dengan T17; ","")&IF(AND(OR(AN82="T17",AO82="P9"),AM82<>"R0"),"T17/P9 harus R0; ","")&IF(AND(AN82="T01",AO82<>"P6"),"T01 biasanya P6 (periksa); ","")&IF(AND(AO82="P1",AQ82<>"K4"),"P1 biasanya K4 (periksa); ","")="","OK",IF(AND(AM82="R0",AQ82<>"K5"),"R0 harus K5; ","")&IF(AND(AM82="R1",AQ82="K3"),"R1 tidak boleh K3 (fungsional); ","")&IF(AND(AM82="R2",AQ82="K5"),"R2 tidak boleh K5; ","")&IF(AND(AM82="R2",OR(AL82="S6",AL82="S7",AL82="S8")),"R2 tidak boleh S6/S7/S8; ","")&IF(AND(AO82="P9",AN82<>"T17"),"P9 hanya dengan T17; ","")&IF(AND(OR(AN82="T17",AO82="P9"),AM82<>"R0"),"T17/P9 harus R0; ","")&IF(AND(AN82="T01",AO82<>"P6"),"T01 biasanya P6 (periksa); ","")&IF(AND(AO82="P1",AQ82<>"K4"),"P1 biasanya K4 (periksa); ","")))
... A85: 82 | B85: =IF(INDEX(Korpus!$A:$A,$A85)="","",INDEX(Korpus!$A:$A,$A85)) | C85: =TRIM(INDEX(Korpus!$D:$D,$A85)&" "&INDEX(Korpus!$E:$E,$A85)) | D85: =IF(INDEX(Korpus!$B:$B,$A85)="","",INDEX(Korpus!$B:$B,$A85)) | E85: =IF(INDEX(Korpus!$C:$C,$A85)="","",INDEX(Korpus!$C:$C,$A85)) | F85: =IF(INDEX(Korpus!$F:$F,$A85)="","",INDEX(Korpus!$F:$F,$A85)) | Y85: =IF(OR(M85="",S85=""),"",IF(M85=S85,"Sama","Beda")) | Z85: =IF(OR(N85="",T85=""),"",IF(N85=T85,"Sama","Beda")) | AA85: =IF(OR(O85="",U85=""),"",IF(O85=U85,"Sama","Beda")) | AB85: =IF(OR(P85="",V85=""),"",IF(P85=V85,"Sama","Beda")) | AC85: =IF(OR(Q85="",W85=""),"",IF(Q85=W85,"Sama","Beda")) | AD85: =IF(OR(R85="",X85=""),"",IF(R85=X85,"Sama","Beda")) | AE85: =COUNTIF(Y85:AD85,"Beda") -> 0 | AL85: =IF(AF85<>"",AF85,IF(AND(M85<>"",M85=S85),M85,"")) | AM85: =IF(AG85<>"",AG85,IF(AND(N85<>"",N85=T85),N85,"")) | AN85: =IF(AH85<>"",AH85,IF(AND(O85<>"",O85=U85),O85,"")) | AO85: =IF(AI85<>"",AI85,IF(AND(P85<>"",P85=V85),P85,"")) | AP85: =IF(AJ85<>"",AJ85,IF(AND(Q85<>"",Q85=W85),Q85,"")) | AQ85: =IF(AK85<>"",AK85,IF(AND(R85<>"",R85=X85),R85,"")) | AS85: =IF(COUNTA(M85:R85)+COUNTA(S85:X85)<12,"Menunggu coder",IF(AE85=0,"Sepakat",IF(SUMPRODUCT((Y85:AD85="Beda")*(AF85:AK85=""))=0,"Selesai adjudikasi","Perlu adjudikasi"))) -> Menunggu coder | AT85: =IF(COUNTIF(AL85:AQ85,"?*")<6,"",IF(IF(AND(AM85="R0",AQ85<>"K5"),"R0 harus K5; ","")&IF(AND(AM85="R1",AQ85="K3"),"R1 tidak boleh K3 (fungsional); ","")&IF(AND(AM85="R2",AQ85="K5"),"R2 tidak boleh K5; ","")&IF(AND(AM85="R2",OR(AL85="S6",AL85="S7",AL85="S8")),"R2 tidak boleh S6/S7/S8; ","")&IF(AND(AO85="P9",AN85<>"T17"),"P9 hanya dengan T17; ","")&IF(AND(OR(AN85="T17",AO85="P9"),AM85<>"R0"),"T17/P9 harus R0; ","")&IF(AND(AN85="T01",AO85<>"P6"),"T01 biasanya P6 (periksa); ","")&IF(AND(AO85="P1",AQ85<>"K4"),"P1 biasanya K4 (periksa); ","")="","OK",IF(AND(AM85="R0",AQ85<>"K5"),"R0 harus K5; ","")&IF(AND(AM85="R1",AQ85="K3"),"R1 tidak boleh K3 (fungsional); ","")&IF(AND(AM85="R2",AQ85="K5"),"R2 tidak boleh K5; ","")&IF(AND(AM85="R2",OR(AL85="S6",AL85="S7",AL85="S8")),"R2 tidak boleh S6/S7/S8; ","")&IF(AND(AO85="P9",AN85<>"T17"),"P9 hanya dengan T17; ","")&IF(AND(OR(AN85="T17",AO85="P9"),AM85<>"R0"),"T17/P9 harus R0; ","")&IF(AND(AN85="T01",AO85<>"P6"),"T01 biasanya P6 (periksa); ","")&IF(AND(AO85="P1",AQ85<>"K4"),"P1 biasanya K4 (periksa); ","")))
A86: 83 | B86: =IF(INDEX(Korpus!$A:$A,$A86)="","",INDEX(Korpus!$A:$A,$A86)) | C86: =TRIM(INDEX(Korpus!$D:$D,$A86)&" "&INDEX(Korpus!$E:$E,$A86)) | D86: =IF(INDEX(Korpus!$B:$B,$A86)="","",INDEX(Korpus!$B:$B,$A86)) | E86: =IF(INDEX(Korpus!$C:$C,$A86)="","",INDEX(Korpus!$C:$C,$A86)) | F86: =IF(INDEX(Korpus!$F:$F,$A86)="","",INDEX(Korpus!$F:$F,$A86)) | G86: S5 | H86: R2 | I86: T14 | J86: P1 | K86: F2 | L86: K4 | Y86: =IF(OR(M86="",S86=""),"",IF(M86=S86,"Sama","Beda")) | Z86: =IF(OR(N86="",T86=""),"",IF(N86=T86,"Sama","Beda")) | AA86: =IF(OR(O86="",U86=""),"",IF(O86=U86,"Sama","Beda")) | AB86: =IF(OR(P86="",V86=""),"",IF(P86=V86,"Sama","Beda")) | AC86: =IF(OR(Q86="",W86=""),"",IF(Q86=W86,"Sama","Beda")) | AD86: =IF(OR(R86="",X86=""),"",IF(R86=X86,"Sama","Beda")) | AE86: =COUNTIF(Y86:AD86,"Beda") -> 0 | AL86: =IF(AF86<>"",AF86,IF(AND(M86<>"",M86=S86),M86,"")) | AM86: =IF(AG86<>"",AG86,IF(AND(N86<>"",N86=T86),N86,"")) | AN86: =IF(AH86<>"",AH86,IF(AND(O86<>"",O86=U86),O86,"")) | AO86: =IF(AI86<>"",AI86,IF(AND(P86<>"",P86=V86),P86,"")) | AP86: =IF(AJ86<>"",AJ86,IF(AND(Q86<>"",Q86=W86),Q86,"")) | AQ86: =IF(AK86<>"",AK86,IF(AND(R86<>"",R86=X86),R86,"")) | AS86: =IF(COUNTA(M86:R86)+COUNTA(S86:X86)<12,"Menunggu coder",IF(AE86=0,"Sepakat",IF(SUMPRODUCT((Y86:AD86="Beda")*(AF86:AK86=""))=0,"Selesai adjudikasi","Perlu adjudikasi"))) -> Menunggu coder | AT86: =IF(COUNTIF(AL86:AQ86,"?*")<6,"",IF(IF(AND(AM86="R0",AQ86<>"K5"),"R0 harus K5; ","")&IF(AND(AM86="R1",AQ86="K3"),"R1 tidak boleh K3 (fungsional); ","")&IF(AND(AM86="R2",AQ86="K5"),"R2 tidak boleh K5; ","")&IF(AND(AM86="R2",OR(AL86="S6",AL86="S7",AL86="S8")),"R2 tidak boleh S6/S7/S8; ","")&IF(AND(AO86="P9",AN86<>"T17"),"P9 hanya dengan T17; ","")&IF(AND(OR(AN86="T17",AO86="P9"),AM86<>"R0"),"T17/P9 harus R0; ","")&IF(AND(AN86="T01",AO86<>"P6"),"T01 biasanya P6 (periksa); ","")&IF(AND(AO86="P1",AQ86<>"K4"),"P1 biasanya K4 (periksa); ","")="","OK",IF(AND(AM86="R0",AQ86<>"K5"),"R0 harus K5; ","")&IF(AND(AM86="R1",AQ86="K3"),"R1 tidak boleh K3 (fungsional); ","")&IF(AND(AM86="R2",AQ86="K5"),"R2 tidak boleh K5; ","")&IF(AND(AM86="R2",OR(AL86="S6",AL86="S7",AL86="S8")),"R2 tidak boleh S6/S7/S8; ","")&IF(AND(AO86="P9",AN86<>"T17"),"P9 hanya dengan T17; ","")&IF(AND(OR(AN86="T17",AO86="P9"),AM86<>"R0"),"T17/P9 harus R0; ","")&IF(AND(AN86="T01",AO86<>"P6"),"T01 biasanya P6 (periksa); ","")&IF(AND(AO86="P1",AQ86<>"K4"),"P1 biasanya K4 (periksa); ","")))
A87: 84 | B87: =IF(INDEX(Korpus!$A:$A,$A87)="","",INDEX(Korpus!$A:$A,$A87)) | C87: =TRIM(INDEX(Korpus!$D:$D,$A87)&" "&INDEX(Korpus!$E:$E,$A87)) | D87: =IF(INDEX(Korpus!$B:$B,$A87)="","",INDEX(Korpus!$B:$B,$A87)) | E87: =IF(INDEX(Korpus!$C:$C,$A87)="","",INDEX(Korpus!$C:$C,$A87)) | F87: =IF(INDEX(Korpus!$F:$F,$A87)="","",INDEX(Korpus!$F:$F,$A87)) | Y87: =IF(OR(M87="",S87=""),"",IF(M87=S87,"Sama","Beda")) | Z87: =IF(OR(N87="",T87=""),"",IF(N87=T87,"Sama","Beda")) | AA87: =IF(OR(O87="",U87=""),"",IF(O87=U87,"Sama","Beda")) | AB87: =IF(OR(P87="",V87=""),"",IF(P87=V87,"Sama","Beda")) | AC87: =IF(OR(Q87="",W87=""),"",IF(Q87=W87,"Sama","Beda")) | AD87: =IF(OR(R87="",X87=""),"",IF(R87=X87,"Sama","Beda")) | AE87: =COUNTIF(Y87:AD87,"Beda") -> 0 | AL87: =IF(AF87<>"",AF87,IF(AND(M87<>"",M87=S87),M87,"")) | AM87: =IF(AG87<>"",AG87,IF(AND(N87<>"",N87=T87),N87,"")) | AN87: =IF(AH87<>"",AH87,IF(AND(O87<>"",O87=U87),O87,"")) | AO87: =IF(AI87<>"",AI87,IF(AND(P87<>"",P87=V87),P87,"")) | AP87: =IF(AJ87<>"",AJ87,IF(AND(Q87<>"",Q87=W87),Q87,"")) | AQ87: =IF(AK87<>"",AK87,IF(AND(R87<>"",R87=X87),R87,"")) | AS87: =IF(COUNTA(M87:R87)+COUNTA(S87:X87)<12,"Menunggu coder",IF(AE87=0,"Sepakat",IF(SUMPRODUCT((Y87:AD87="Beda")*(AF87:AK87=""))=0,"Selesai adjudikasi","Perlu adjudikasi"))) -> Menunggu coder | AT87: =IF(COUNTIF(AL87:AQ87,"?*")<6,"",IF(IF(AND(AM87="R0",AQ87<>"K5"),"R0 harus K5; ","")&IF(AND(AM87="R1",AQ87="K3"),"R1 tidak boleh K3 (fungsional); ","")&IF(AND(AM87="R2",AQ87="K5"),"R2 tidak boleh K5; ","")&IF(AND(AM87="R2",OR(AL87="S6",AL87="S7",AL87="S8")),"R2 tidak boleh S6/S7/S8; ","")&IF(AND(AO87="P9",AN87<>"T17"),"P9 hanya dengan T17; ","")&IF(AND(OR(AN87="T17",AO87="P9"),AM87<>"R0"),"T17/P9 harus R0; ","")&IF(AND(AN87="T01",AO87<>"P6"),"T01 biasanya P6 (periksa); ","")&IF(AND(AO87="P1",AQ87<>"K4"),"P1 biasanya K4 (periksa); ","")="","OK",IF(AND(AM87="R0",AQ87<>"K5"),"R0 harus K5; ","")&IF(AND(AM87="R1",AQ87="K3"),"R1 tidak boleh K3 (fungsional); ","")&IF(AND(AM87="R2",AQ87="K5"),"R2 tidak boleh K5; ","")&IF(AND(AM87="R2",OR(AL87="S6",AL87="S7",AL87="S8")),"R2 tidak boleh S6/S7/S8; ","")&IF(AND(AO87="P9",AN87<>"T17"),"P9 hanya dengan T17; ","")&IF(AND(OR(AN87="T17",AO87="P9"),AM87<>"R0"),"T17/P9 harus R0; ","")&IF(AND(AN87="T01",AO87<>"P6"),"T01 biasanya P6 (periksa); ","")&IF(AND(AO87="P1",AQ87<>"K4"),"P1 biasanya K4 (periksa); ","")))
A88: 85 | B88: =IF(INDEX(Korpus!$A:$A,$A88)="","",INDEX(Korpus!$A:$A,$A88)) | C88: =TRIM(INDEX(Korpus!$D:$D,$A88)&" "&INDEX(Korpus!$E:$E,$A88)) | D88: =IF(INDEX(Korpus!$B:$B,$A88)="","",INDEX(Korpus!$B:$B,$A88)) | E88: =IF(INDEX(Korpus!$C:$C,$A88)="","",INDEX(Korpus!$C:$C,$A88)) | F88: =IF(INDEX(Korpus!$F:$F,$A88)="","",INDEX(Korpus!$F:$F,$A88)) | Y88: =IF(OR(M88="",S88=""),"",IF(M88=S88,"Sama","Beda")) | Z88: =IF(OR(N88="",T88=""),"",IF(N88=T88,"Sama","Beda")) | AA88: =IF(OR(O88="",U88=""),"",IF(O88=U88,"Sama","Beda")) | AB88: =IF(OR(P88="",V88=""),"",IF(P88=V88,"Sama","Beda")) | AC88: =IF(OR(Q88="",W88=""),"",IF(Q88=W88,"Sama","Beda")) | AD88: =IF(OR(R88="",X88=""),"",IF(R88=X88,"Sama","Beda")) | AE88: =COUNTIF(Y88:AD88,"Beda") -> 0 | AL88: =IF(AF88<>"",AF88,IF(AND(M88<>"",M88=S88),M88,"")) | AM88: =IF(AG88<>"",AG88,IF(AND(N88<>"",N88=T88),N88,"")) | AN88: =IF(AH88<>"",AH88,IF(AND(O88<>"",O88=U88),O88,"")) | AO88: =IF(AI88<>"",AI88,IF(AND(P88<>"",P88=V88),P88,"")) | AP88: =IF(AJ88<>"",AJ88,IF(AND(Q88<>"",Q88=W88),Q88,"")) | AQ88: =IF(AK88<>"",AK88,IF(AND(R88<>"",R88=X88),R88,"")) | AS88: =IF(COUNTA(M88:R88)+COUNTA(S88:X88)<12,"Menunggu coder",IF(AE88=0,"Sepakat",IF(SUMPRODUCT((Y88:AD88="Beda")*(AF88:AK88=""))=0,"Selesai adjudikasi","Perlu adjudikasi"))) -> Menunggu coder | AT88: =IF(COUNTIF(AL88:AQ88,"?*")<6,"",IF(IF(AND(AM88="R0",AQ88<>"K5"),"R0 harus K5; ","")&IF(AND(AM88="R1",AQ88="K3"),"R1 tidak boleh K3 (fungsional); ","")&IF(AND(AM88="R2",AQ88="K5"),"R2 tidak boleh K5; ","")&IF(AND(AM88="R2",OR(AL88="S6",AL88="S7",AL88="S8")),"R2 tidak boleh S6/S7/S8; ","")&IF(AND(AO88="P9",AN88<>"T17"),"P9 hanya dengan T17; ","")&IF(AND(OR(AN88="T17",AO88="P9"),AM88<>"R0"),"T17/P9 harus R0; ","")&IF(AND(AN88="T01",AO88<>"P6"),"T01 biasanya P6 (periksa); ","")&IF(AND(AO88="P1",AQ88<>"K4"),"P1 biasanya K4 (periksa); ","")="","OK",IF(AND(AM88="R0",AQ88<>"K5"),"R0 harus K5; ","")&IF(AND(AM88="R1",AQ88="K3"),"R1 tidak boleh K3 (fungsional); ","")&IF(AND(AM88="R2",AQ88="K5"),"R2 tidak boleh K5; ","")&IF(AND(AM88="R2",OR(AL88="S6",AL88="S7",AL88="S8")),"R2 tidak boleh S6/S7/S8; ","")&IF(AND(AO88="P9",AN88<>"T17"),"P9 hanya dengan T17; ","")&IF(AND(OR(AN88="T17",AO88="P9"),AM88<>"R0"),"T17/P9 harus R0; ","")&IF(AND(AN88="T01",AO88<>"P6"),"T01 biasanya P6 (periksa); ","")&IF(AND(AO88="P1",AQ88<>"K4"),"P1 biasanya K4 (periksa); ","")))
A89: 86 | B89: =IF(INDEX(Korpus!$A:$A,$A89)="","",INDEX(Korpus!$A:$A,$A89)) | C89: =TRIM(INDEX(Korpus!$D:$D,$A89)&" "&INDEX(Korpus!$E:$E,$A89)) | D89: =IF(INDEX(Korpus!$B:$B,$A89)="","",INDEX(Korpus!$B:$B,$A89)) | E89: =IF(INDEX(Korpus!$C:$C,$A89)="","",INDEX(Korpus!$C:$C,$A89)) | F89: =IF(INDEX(Korpus!$F:$F,$A89)="","",INDEX(Korpus!$F:$F,$A89)) | G89: S6 | H89: R1 | I89: T15 | J89: P5 | K89: F2 | L89: K4 | Y89: =IF(OR(M89="",S89=""),"",IF(M89=S89,"Sama","Beda")) | Z89: =IF(OR(N89="",T89=""),"",IF(N89=T89,"Sama","Beda")) | AA89: =IF(OR(O89="",U89=""),"",IF(O89=U89,"Sama","Beda")) | AB89: =IF(OR(P89="",V89=""),"",IF(P89=V89,"Sama","Beda")) | AC89: =IF(OR(Q89="",W89=""),"",IF(Q89=W89,"Sama","Beda")) | AD89: =IF(OR(R89="",X89=""),"",IF(R89=X89,"Sama","Beda")) | AE89: =COUNTIF(Y89:AD89,"Beda") -> 0 | AL89: =IF(AF89<>"",AF89,IF(AND(M89<>"",M89=S89),M89,"")) | AM89: =IF(AG89<>"",AG89,IF(AND(N89<>"",N89=T89),N89,"")) | AN89: =IF(AH89<>"",AH89,IF(AND(O89<>"",O89=U89),O89,"")) | AO89: =IF(AI89<>"",AI89,IF(AND(P89<>"",P89=V89),P89,"")) | AP89: =IF(AJ89<>"",AJ89,IF(AND(Q89<>"",Q89=W89),Q89,"")) | AQ89: =IF(AK89<>"",AK89,IF(AND(R89<>"",R89=X89),R89,"")) | AS89: =IF(COUNTA(M89:R89)+COUNTA(S89:X89)<12,"Menunggu coder",IF(AE89=0,"Sepakat",IF(SUMPRODUCT((Y89:AD89="Beda")*(AF89:AK89=""))=0,"Selesai adjudikasi","Perlu adjudikasi"))) -> Menunggu coder | AT89: =IF(COUNTIF(AL89:AQ89,"?*")<6,"",IF(IF(AND(AM89="R0",AQ89<>"K5"),"R0 harus K5; ","")&IF(AND(AM89="R1",AQ89="K3"),"R1 tidak boleh K3 (fungsional); ","")&IF(AND(AM89="R2",AQ89="K5"),"R2 tidak boleh K5; ","")&IF(AND(AM89="R2",OR(AL89="S6",AL89="S7",AL89="S8")),"R2 tidak boleh S6/S7/S8; ","")&IF(AND(AO89="P9",AN89<>"T17"),"P9 hanya dengan T17; ","")&IF(AND(OR(AN89="T17",AO89="P9"),AM89<>"R0"),"T17/P9 harus R0; ","")&IF(AND(AN89="T01",AO89<>"P6"),"T01 biasanya P6 (periksa); ","")&IF(AND(AO89="P1",AQ89<>"K4"),"P1 biasanya K4 (periksa); ","")="","OK",IF(AND(AM89="R0",AQ89<>"K5"),"R0 harus K5; ","")&IF(AND(AM89="R1",AQ89="K3"),"R1 tidak boleh K3 (fungsional); ","")&IF(AND(AM89="R2",AQ89="K5"),"R2 tidak boleh K5; ","")&IF(AND(AM89="R2",OR(AL89="S6",AL89="S7",AL89="S8")),"R2 tidak boleh S6/S7/S8; ","")&IF(AND(AO89="P9",AN89<>"T17"),"P9 hanya dengan T17; ","")&IF(AND(OR(AN89="T17",AO89="P9"),AM89<>"R0"),"T17/P9 harus R0; ","")&IF(AND(AN89="T01",AO89<>"P6"),"T01 biasanya P6 (periksa); ","")&IF(AND(AO89="P1",AQ89<>"K4"),"P1 biasanya K4 (periksa); ","")))

Sheet Reliabilitas
A1: Reliabilitas: Krippendorff alpha (sebelum rekonsiliasi)
A2: Dihitung dari blok Coder A dan Coder B pada sheet Kunci Adjudikasi. Hanya unit yang diisi kedua coder yang dihitung.
A4: Variabel | B4: Tipe | C4: Unit berpasangan (N) | D4: Unit berbeda | E4: Nilai total (n = 2N) | F4: α | G4: Interpretasi (Bagian 13)
A5: V4 Subjek_Norma | B5: Nominal | C5: =SUMPRODUCT(('Kunci Adjudikasi'!$M$5:$M$89<>"")*('Kunci Adjudikasi'!$S$5:$S$89<>"")) -> 0 | D5: =SUMPRODUCT(('Kunci Adjudikasi'!$M$5:$M$89<>"")*('Kunci Adjudikasi'!$S$5:$S$89<>"")*('Kunci Adjudikasi'!$M$5:$M$89<>'Kunci Adjudikasi'!$S$5:$S$89)) -> 0 | E5: =2*C5 -> 0 | F5: =IF(C5=0,"",IF(((E5^2-SUM(C16:C24))/2)=0,"n/a",1-(E5-1)*D5/((E5^2-SUM(C16:C24))/2))) | G5: =IF(OR(F5="",F5="n/a"),"",IF(F5>=0.8,"Dapat diterima",IF(F5>=0.667,"Tentatif","Revisi variabel")))
A6: V5 Relevansi | B6: Ordinal | C6: =SUMPRODUCT(('Kunci Adjudikasi'!$N$5:$N$89<>"")*('Kunci Adjudikasi'!$T$5:$T$89<>"")) -> 0 | D6: =SUMPRODUCT(('Kunci Adjudikasi'!$N$5:$N$89<>"")*('Kunci Adjudikasi'!$T$5:$T$89<>"")*('Kunci Adjudikasi'!$N$5:$N$89<>'Kunci Adjudikasi'!$T$5:$T$89)) -> 0 | E6: =2*C6 -> 0 | F6: =IF(C6=0,"",IF(SUM(D33:D35)=0,"n/a",1-(E6-1)*SUMPRODUCT(B33:B35,C33:C35)/SUM(D33:D35))) | G6: =IF(OR(F6="",F6="n/a"),"",IF(F6>=0.8,"Dapat diterima",IF(F6>=0.667,"Tentatif","Revisi variabel")))
A7: V6 Tema_Utama | B7: Nominal | C7: =SUMPRODUCT(('Kunci Adjudikasi'!$O$5:$O$89<>"")*('Kunci Adjudikasi'!$U$5:$U$89<>"")) -> 0 | D7: =SUMPRODUCT(('Kunci Adjudikasi'!$O$5:$O$89<>"")*('Kunci Adjudikasi'!$U$5:$U$89<>"")*('Kunci Adjudikasi'!$O$5:$O$89<>'Kunci Adjudikasi'!$U$5:$U$89)) -> 0 | E7: =2*C7 -> 0 | F7: =IF(C7=0,"",IF(((E7^2-SUM(C40:C57))/2)=0,"n/a",1-(E7-1)*D7/((E7^2-SUM(C40:C57))/2))) | G7: =IF(OR(F7="",F7="n/a"),"",IF(F7>=0.8,"Dapat diterima",IF(F7>=0.667,"Tentatif","Revisi variabel")))
A8: V7 Jenis_Pernyataan | B8: Nominal | C8: =SUMPRODUCT(('Kunci Adjudikasi'!$P$5:$P$89<>"")*('Kunci Adjudikasi'!$V$5:$V$89<>"")) -> 0 | D8: =SUMPRODUCT(('Kunci Adjudikasi'!$P$5:$P$89<>"")*('Kunci Adjudikasi'!$V$5:$V$89<>"")*('Kunci Adjudikasi'!$P$5:$P$89<>'Kunci Adjudikasi'!$V$5:$V$89)) -> 0 | E8: =2*C8 -> 0 | F8: =IF(C8=0,"",IF(((E8^2-SUM(C62:C70))/2)=0,"n/a",1-(E8-1)*D8/((E8^2-SUM(C62:C70))/2))) | G8: =IF(OR(F8="",F8="n/a"),"",IF(F8>=0.8,"Dapat diterima",IF(F8>=0.667,"Tentatif","Revisi variabel")))
A9: V8 Tahap_Scraping | B9: Nominal | C9: =SUMPRODUCT(('Kunci Adjudikasi'!$Q$5:$Q$89<>"")*('Kunci Adjudikasi'!$W$5:$W$89<>"")) -> 0 | D9: =SUMPRODUCT(('Kunci Adjudikasi'!$Q$5:$Q$89<>"")*('Kunci Adjudikasi'!$W$5:$W$89<>"")*('Kunci Adjudikasi'!$Q$5:$Q$89<>'Kunci Adjudikasi'!$W$5:$W$89)) -> 0 | E9: =2*C9 -> 0 | F9: =IF(C9=0,"",IF(((E9^2-SUM(C75:C82))/2)=0,"n/a",1-(E9-1)*D9/((E9^2-SUM(C75:C82))/2))) | G9: =IF(OR(F9="",F9="n/a"),"",IF(F9>=0.8,"Dapat diterima",IF(F9>=0.667,"Tentatif","Revisi variabel")))
A10: V9 Kebutuhan_SRS | B10: Nominal | C10: =SUMPRODUCT(('Kunci Adjudikasi'!$R$5:$R$89<>"")*('Kunci Adjudikasi'!$X$5:$X$89<>"")) -> 0 | D10: =SUMPRODUCT(('Kunci Adjudikasi'!$R$5:$R$89<>"")*('Kunci Adjudikasi'!$X$5:$X$89<>"")*('Kunci Adjudikasi'!$R$5:$R$89<>'Kunci Adjudikasi'!$X$5:$X$89)) -> 0 | E10: =2*C10 -> 0 | F10: =IF(C10=0,"",IF(((E10^2-SUM(C87:C91))/2)=0,"n/a",1-(E10-1)*D10/((E10^2-SUM(C87:C91))/2))) | G10: =IF(OR(F10="",F10="n/a"),"",IF(F10>=0.8,"Dapat diterima",IF(F10>=0.667,"Tentatif","Revisi variabel")))
A12: Catatan: α dihitung ulang otomatis setiap data coder ditempel. Jika semua nilai satu variabel identik di kedua coder dan hanya satu kategori terpakai, α tidak terdefinisi (n/a).
A14: Rincian V4 Subjek_Norma
A15: Kategori | B15: n kode (kedua coder) | C15: n²
A16: S1 | B16: =COUNTIFS('Kunci Adjudikasi'!$M$5:$M$89,A16,'Kunci Adjudikasi'!$S$5:$S$89,"<>")+COUNTIFS('Kunci Adjudikasi'!$S$5:$S$89,A16,'Kunci Adjudikasi'!$M$5:$M$89,"<>") -> 0 | C16: =B16^2 -> 0
A17: S2 | B17: =COUNTIFS('Kunci Adjudikasi'!$M$5:$M$89,A17,'Kunci Adjudikasi'!$S$5:$S$89,"<>")+COUNTIFS('Kunci Adjudikasi'!$S$5:$S$89,A17,'Kunci Adjudikasi'!$M$5:$M$89,"<>") -> 0 | C17: =B17^2 -> 0
A18: S3 | B18: =COUNTIFS('Kunci Adjudikasi'!$M$5:$M$89,A18,'Kunci Adjudikasi'!$S$5:$S$89,"<>")+COUNTIFS('Kunci Adjudikasi'!$S$5:$S$89,A18,'Kunci Adjudikasi'!$M$5:$M$89,"<>") -> 0 | C18: =B18^2 -> 0
A19: S4 | B19: =COUNTIFS('Kunci Adjudikasi'!$M$5:$M$89,A19,'Kunci Adjudikasi'!$S$5:$S$89,"<>")+COUNTIFS('Kunci Adjudikasi'!$S$5:$S$89,A19,'Kunci Adjudikasi'!$M$5:$M$89,"<>") -> 0 | C19: =B19^2 -> 0
A20: S5 | B20: =COUNTIFS('Kunci Adjudikasi'!$M$5:$M$89,A20,'Kunci Adjudikasi'!$S$5:$S$89,"<>")+COUNTIFS('Kunci Adjudikasi'!$S$5:$S$89,A20,'Kunci Adjudikasi'!$M$5:$M$89,"<>") -> 0 | C20: =B20^2 -> 0
A21: S6 | B21: =COUNTIFS('Kunci Adjudikasi'!$M$5:$M$89,A21,'Kunci Adjudikasi'!$S$5:$S$89,"<>")+COUNTIFS('Kunci Adjudikasi'!$S$5:$S$89,A21,'Kunci Adjudikasi'!$M$5:$M$89,"<>") -> 0 | C21: =B21^2 -> 0
A22: S7 | B22: =COUNTIFS('Kunci Adjudikasi'!$M$5:$M$89,A22,'Kunci Adjudikasi'!$S$5:$S$89,"<>")+COUNTIFS('Kunci Adjudikasi'!$S$5:$S$89,A22,'Kunci Adjudikasi'!$M$5:$M$89,"<>") -> 0 | C22: =B22^2 -> 0
A23: S8 | B23: =COUNTIFS('Kunci Adjudikasi'!$M$5:$M$89,A23,'Kunci Adjudikasi'!$S$5:$S$89,"<>")+COUNTIFS('Kunci Adjudikasi'!$S$5:$S$89,A23,'Kunci Adjudikasi'!$M$5:$M$89,"<>") -> 0 | C23: =B23^2 -> 0
A24: S9 | B24: =COUNTIFS('Kunci Adjudikasi'!$M$5:$M$89,A24,'Kunci Adjudikasi'!$S$5:$S$89,"<>")+COUNTIFS('Kunci Adjudikasi'!$S$5:$S$89,A24,'Kunci Adjudikasi'!$M$5:$M$89,"<>") -> 0 | C24: =B24^2 -> 0
A27: Rincian V5 Relevansi
A28: Kategori | B28: n kode (kedua coder) | C28: Nilai kumulatif
A29: R0 | B29: =COUNTIFS('Kunci Adjudikasi'!$N$5:$N$89,A29,'Kunci Adjudikasi'!$T$5:$T$89,"<>")+COUNTIFS('Kunci Adjudikasi'!$T$5:$T$89,A29,'Kunci Adjudikasi'!$N$5:$N$89,"<>") -> 0 | C29: =SUM($B$29:B29) -> 0
A30: R1 | B30: =COUNTIFS('Kunci Adjudikasi'!$N$5:$N$89,A30,'Kunci Adjudikasi'!$T$5:$T$89,"<>")+COUNTIFS('Kunci Adjudikasi'!$T$5:$T$89,A30,'Kunci Adjudikasi'!$N$5:$N$89,"<>") -> 0 | C30: =SUM($B$29:B30) -> 0
A31: R2 | B31: =COUNTIFS('Kunci Adjudikasi'!$N$5:$N$89,A31,'Kunci Adjudikasi'!$T$5:$T$89,"<>")+COUNTIFS('Kunci Adjudikasi'!$T$5:$T$89,A31,'Kunci Adjudikasi'!$N$5:$N$89,"<>") -> 0 | C31: =SUM($B$29:B31) -> 0
A32: Pasangan | B32: Unit berbeda (D) | C32: δ² | D32: n_c·n_k·δ²
A33: R0-R1 | B33: =SUMPRODUCT(('Kunci Adjudikasi'!$N$5:$N$89="R0")*('Kunci Adjudikasi'!$T$5:$T$89="R1")+('Kunci Adjudikasi'!$N$5:$N$89="R1")*('Kunci Adjudikasi'!$T$5:$T$89="R0")) -> 0 | C33: =((B29+B30)/2)^2 -> 0 | D33: =B29*B30*C33 -> 0
A34: R1-R2 | B34: =SUMPRODUCT(('Kunci Adjudikasi'!$N$5:$N$89="R1")*('Kunci Adjudikasi'!$T$5:$T$89="R2")+('Kunci Adjudikasi'!$N$5:$N$89="R2")*('Kunci Adjudikasi'!$T$5:$T$89="R1")) -> 0 | C34: =((B30+B31)/2)^2 -> 0 | D34: =B30*B31*C34 -> 0
A35: R0-R2 | B35: =SUMPRODUCT(('Kunci Adjudikasi'!$N$5:$N$89="R0")*('Kunci Adjudikasi'!$T$5:$T$89="R2")+('Kunci Adjudikasi'!$N$5:$N$89="R2")*('Kunci Adjudikasi'!$T$5:$T$89="R0")) -> 0 | C35: =(B30+(B29+B31)/2)^2 -> 0 | D35: =B29*B31*C35 -> 0
A38: Rincian V6 Tema_Utama
A39: Kategori | B39: n kode (kedua coder) | C39: n²
A40: T01 | B40: =COUNTIFS('Kunci Adjudikasi'!$O$5:$O$89,A40,'Kunci Adjudikasi'!$U$5:$U$89,"<>")+COUNTIFS('Kunci Adjudikasi'!$U$5:$U$89,A40,'Kunci Adjudikasi'!$O$5:$O$89,"<>") -> 0 | C40: =B40^2 -> 0
A41: T02 | B41: =COUNTIFS('Kunci Adjudikasi'!$O$5:$O$89,A41,'Kunci Adjudikasi'!$U$5:$U$89,"<>")+COUNTIFS('Kunci Adjudikasi'!$U$5:$U$89,A41,'Kunci Adjudikasi'!$O$5:$O$89,"<>") -> 0 | C41: =B41^2 -> 0
A42: T03 | B42: =COUNTIFS('Kunci Adjudikasi'!$O$5:$O$89,A42,'Kunci Adjudikasi'!$U$5:$U$89,"<>")+COUNTIFS('Kunci Adjudikasi'!$U$5:$U$89,A42,'Kunci Adjudikasi'!$O$5:$O$89,"<>") -> 0 | C42: =B42^2 -> 0
A43: T04 | B43: =COUNTIFS('Kunci Adjudikasi'!$O$5:$O$89,A43,'Kunci Adjudikasi'!$U$5:$U$89,"<>")+COUNTIFS('Kunci Adjudikasi'!$U$5:$U$89,A43,'Kunci Adjudikasi'!$O$5:$O$89,"<>") -> 0 | C43: =B43^2 -> 0
A44: T05 | B44: =COUNTIFS('Kunci Adjudikasi'!$O$5:$O$89,A44,'Kunci Adjudikasi'!$U$5:$U$89,"<>")+COUNTIFS('Kunci Adjudikasi'!$U$5:$U$89,A44,'Kunci Adjudikasi'!$O$5:$O$89,"<>") -> 0 | C44: =B44^2 -> 0
