Workbook

Sheet Petunjuk
A1: Lembar Coding: Analisis Isi Krippendorff
A2: Codebook versi 1.0.3 (25 Oktober 2026). Panduan Coder untuk Penyusunan SRS Web Scraping yang Mengintegrasikan Aspek Legalitas dan Etika Privasi Data.
B4: Kode coder (isi satu kali): | C4: Afriansyah | D4: V2 pada Lembar Coding terisi otomatis dari sel ini.
B6: Prosedur singkat (Bagian 5 codebook)
B7: 1 | C7: Baca kolom Isi secara utuh, lalu kolom Rujukan. Buka BAB dan Bagian (kolom R dan S, tersembunyi) hanya bila perlu memahami rujukan antarunit.
B8: 2 | C8: Tentukan V4 Subjek Norma terlebih dahulu (Bagian 7.1), lalu V5 Relevansi dengan Uji Implikasi (Bagian 6 dan 7.2).
B9: 3 | C9: Tentukan V6 Tema Utama dengan pohon keputusan (Bagian 7.3), lalu V7 (Bagian 7.4), V8 (Bagian 7.5), dan V9 (Bagian 7.6).
B10: 4 | C10: Untuk unit R2, tulis V11 Draf Kebutuhan satu kalimat (opsional). Catat keraguan di V12. Kode residual T99 hanya bila tidak ada tema yang cocok.
B11: 5 | C11: Periksa kolom Cek Konsistensi (Q) setiap selesai satu baris (Bagian 9). Bila tidak OK, ulangi coding atau jelaskan di V12.
B12: 6 | C12: Kodekan setiap unit secara independen. Jangan berdiskusi dengan coder lain sebelum seluruh unit selesai.
B13: Legenda
B14: Sel kuning | C14: Sel yang diisi coder (V4 sampai V12). Sel V4 sampai V10 memakai daftar pilihan (Kode - Label).
B15: Sel putih | C15: Terisi otomatis dari sheet Korpus atau formula. Jangan diubah.
B16: Kolom Pilot | C16: Unit bertanda Ya dipakai pada uji coba (pilot): baris 13, 21, 25, 30, 35, 42, 44, 52, 54, 56, 70, 79, 81.
B18: Variabel dan nilai sah (Bagian 4)
B19: V1 ID_Unit | C19: Nomor baris Excel (2 sampai 86), terisi otomatis
B20: V2 Kode_Coder | C20: Dari sel C4
B21: V3 Dokumen | C21: Salinan kolom Dokumen, terisi otomatis
B22: V4 Subjek_Norma | C22: S1 sampai S9
B23: V5 Relevansi | C23: R0, R1, R2
B24: V6 Tema_Utama | C24: T01 sampai T16, T99
B25: V7 Jenis_Pernyataan | C25: P1 sampai P8
B26: V8 Tahap_Scraping | C26: F1 sampai F8
B27: V9 Kebutuhan_SRS | C27: K1 sampai K5 (K1 keamanan, K2 mutu data dan akuntabilitas, K3 fungsional, K4 batasan hukum, K5 tidak menghasilkan kebutuhan)
B28: V10 Tema_Sekunder | C28: T01 sampai T16 (opsional)
B29: V11 Draf_Kebutuhan | C29: Teks bebas, satu kalimat "Sistem harus/tidak boleh..." (opsional, untuk R2)
B30: V12 Catatan | C30: Teks bebas
B32: Contoh pengisian satu baris (Bagian 3 dan 10)
B33: Isi (ringkas) | C33: Baris 67, Pasal 40 UU 27/2022: wajib menghentikan pemrosesan setelah persetujuan ditarik, paling lambat 3 x 24 jam.
B34: Kode | C34: V4 S1 | V5 R2 | V6 T08 | V7 P2 | V8 F6 | V9 K3. Alasan: kewajiban dengan batas waktu yang dapat diuji.

Sheet Lembar Coding
A1: V1 ID_Unit | B1: V2 Kode_Coder | C1: V3 Dokumen | D1: Rujukan (Pasal atau Paragraf dan Kalimat) | E1: Isi | F1: V4 Subjek_Norma | G1: V5 Relevansi | H1: V6 Tema_Utama | I1: V7 Jenis_Pernyataan | J1: V8 Tahap_Scraping | K1: V9 Kebutuhan_SRS | L1: V10 Tema_Sekunder | M1: V11 Draf_Kebutuhan | N1: V12 Catatan | O1: Pilot | P1: Kelengkapan V4 sampai V9 | Q1: Cek Konsistensi (Bagian 9) | R1: BAB | S1: Bagian
A2: 2 | B2: =IF(Petunjuk!$C$4="","",Petunjuk!$C$4) -> Afriansyah | C2: =IF(INDEX(Korpus!$A:$A,$A2)="","",INDEX(Korpus!$A:$A,$A2)) -> 2019MHN201 | D2: =TRIM(INDEX(Korpus!$D:$D,$A2)&" "&INDEX(Korpus!$E:$E,$A2)) -> Paragraf 3 Kalimat 1 | E2: =IF(INDEX(Korpus!$F:$F,$A2)="","",INDEX(Korpus!$F:$F,$A2)) -> Melihat banyaknya kasus penyalahgunaan data pribadi, sangat penting untuk memberikan perlindungan data pribadi. | P2: =IF(COUNTA(F2:K2)=6,"Lengkap","Belum lengkap ("&(6-COUNTA(F2:K2))&")") -> Belum lengkap (6) | Q2: =IF(COUNTA(F2:K2)<6,"",IF(IF(AND(LEFT(G2,2)="R0",LEFT(K2,2)<>"K5"),"R0 harus K5; ","")&IF(AND(LEFT(G2,2)="R1",LEFT(K2,2)="K3"),"R1 tidak boleh K3 (fungsional); ","")&IF(AND(LEFT(G2,2)="R2",LEFT(K2,2)="K5"),"R2 tidak boleh K5; ","")&IF(AND(LEFT(G2,2)="R2",OR(LEFT(F2,2)="S6",LEFT(F2,2)="S7",LEFT(F2,2)="S8")),"R2 tidak boleh S6/S7/S8; ","")&IF(AND(LEFT(G2,2)="R2",OR(LEFT(H2,3)="T02",LEFT(I2,2)="P8")),"T02 atau P8 tidak boleh R2; ","")&IF(AND(LEFT(H2,3)="T01",LEFT(I2,2)<>"P6",N2=""),"T01 biasanya P6; jelaskan di V12; ","")&IF(AND(LEFT(I2,2)="P1",LEFT(K2,2)<>"K4",N2=""),"P1 biasanya K4; jelaskan di V12; ","")="","OK",IF(AND(LEFT(G2,2)="R0",LEFT(K2,2)<>"K5"),"R0 harus K5; ","")&IF(AND(LEFT(G2,2)="R1",LEFT(K2,2)="K3"),"R1 tidak boleh K3 (fungsional); ","")&IF(AND(LEFT(G2,2)="R2",LEFT(K2,2)="K5"),"R2 tidak boleh K5; ","")&IF(AND(LEFT(G2,2)="R2",OR(LEFT(F2,2)="S6",LEFT(F2,2)="S7",LEFT(F2,2)="S8")),"R2 tidak boleh S6/S7/S8; ","")&IF(AND(LEFT(G2,2)="R2",OR(LEFT(H2,3)="T02",LEFT(I2,2)="P8")),"T02 atau P8 tidak boleh R2; ","")&IF(AND(LEFT(H2,3)="T01",LEFT(I2,2)<>"P6",N2=""),"T01 biasanya P6; jelaskan di V12; ","")&IF(AND(LEFT(I2,2)="P1",LEFT(K2,2)<>"K4",N2=""),"P1 biasanya K4; jelaskan di V12; ",""))) | R2: =IF(INDEX(Korpus!$B:$B,$A2)="","",INDEX(Korpus!$B:$B,$A2)) -> C. Pembahasan | S2: =IF(INDEX(Korpus!$C:$C,$A2)="","",INDEX(Korpus!$C:$C,$A2)) -> 5. Pentingnya Perlindungan Data Pribadi
A3: 3 | B3: =IF(Petunjuk!$C$4="","",Petunjuk!$C$4) -> Afriansyah | C3: =IF(INDEX(Korpus!$A:$A,$A3)="","",INDEX(Korpus!$A:$A,$A3)) -> 2019MHN201 | D3: =TRIM(INDEX(Korpus!$D:$D,$A3)&" "&INDEX(Korpus!$E:$E,$A3)) -> Paragraf 3 Kalimat 2 | E3: =IF(INDEX(Korpus!$F:$F,$A3)="","",INDEX(Korpus!$F:$F,$A3)) -> Pentingnya memberikan perlindungan data pribadi mulai menguat seiring dengan meningkatnya jumlah pengguna telepon seluler dan internet. | P3: =IF(COUNTA(F3:K3)=6,"Lengkap","Belum lengkap ("&(6-COUNTA(F3:K3))&")") -> Belum lengkap (6) | Q3: =IF(COUNTA(F3:K3)<6,"",IF(IF(AND(LEFT(G3,2)="R0",LEFT(K3,2)<>"K5"),"R0 harus K5; ","")&IF(AND(LEFT(G3,2)="R1",LEFT(K3,2)="K3"),"R1 tidak boleh K3 (fungsional); ","")&IF(AND(LEFT(G3,2)="R2",LEFT(K3,2)="K5"),"R2 tidak boleh K5; ","")&IF(AND(LEFT(G3,2)="R2",OR(LEFT(F3,2)="S6",LEFT(F3,2)="S7",LEFT(F3,2)="S8")),"R2 tidak boleh S6/S7/S8; ","")&IF(AND(LEFT(G3,2)="R2",OR(LEFT(H3,3)="T02",LEFT(I3,2)="P8")),"T02 atau P8 tidak boleh R2; ","")&IF(AND(LEFT(H3,3)="T01",LEFT(I3,2)<>"P6",N3=""),"T01 biasanya P6; jelaskan di V12; ","")&IF(AND(LEFT(I3,2)="P1",LEFT(K3,2)<>"K4",N3=""),"P1 biasanya K4; jelaskan di V12; ","")="","OK",IF(AND(LEFT(G3,2)="R0",LEFT(K3,2)<>"K5"),"R0 harus K5; ","")&IF(AND(LEFT(G3,2)="R1",LEFT(K3,2)="K3"),"R1 tidak boleh K3 (fungsional); ","")&IF(AND(LEFT(G3,2)="R2",LEFT(K3,2)="K5"),"R2 tidak boleh K5; ","")&IF(AND(LEFT(G3,2)="R2",OR(LEFT(F3,2)="S6",LEFT(F3,2)="S7",LEFT(F3,2)="S8")),"R2 tidak boleh S6/S7/S8; ","")&IF(AND(LEFT(G3,2)="R2",OR(LEFT(H3,3)="T02",LEFT(I3,2)="P8")),"T02 atau P8 tidak boleh R2; ","")&IF(AND(LEFT(H3,3)="T01",LEFT(I3,2)<>"P6",N3=""),"T01 biasanya P6; jelaskan di V12; ","")&IF(AND(LEFT(I3,2)="P1",LEFT(K3,2)<>"K4",N3=""),"P1 biasanya K4; jelaskan di V12; ",""))) | R3: =IF(INDEX(Korpus!$B:$B,$A3)="","",INDEX(Korpus!$B:$B,$A3)) -> C. Pembahasan | S3: =IF(INDEX(Korpus!$C:$C,$A3)="","",INDEX(Korpus!$C:$C,$A3)) -> 5. Pentingnya Perlindungan Data Pribadi
A4: 4 | B4: =IF(Petunjuk!$C$4="","",Petunjuk!$C$4) -> Afriansyah | C4: =IF(INDEX(Korpus!$A:$A,$A4)="","",INDEX(Korpus!$A:$A,$A4)) -> 2019MHN201 | D4: =TRIM(INDEX(Korpus!$D:$D,$A4)&" "&INDEX(Korpus!$E:$E,$A4)) -> Paragraf 3 Kalimat 3 | E4: =IF(INDEX(Korpus!$F:$F,$A4)="","",INDEX(Korpus!$F:$F,$A4)) -> Sejumlah kasus yang mencuat, terutama yang memiliki keterkaitan dengan kebocoran data pribadi seseorang dan bermuara kepada aksi penipuan atau tindak kriminal pornografi, menguatkan wacana pentingnya pembuatan aturan hukum untuk melindungi data pribadi. | P4: =IF(COUNTA(F4:K4)=6,"Lengkap","Belum lengkap ("&(6-COUNTA(F4:K4))&")") -> Belum lengkap (6) | Q4: =IF(COUNTA(F4:K4)<6,"",IF(IF(AND(LEFT(G4,2)="R0",LEFT(K4,2)<>"K5"),"R0 harus K5; ","")&IF(AND(LEFT(G4,2)="R1",LEFT(K4,2)="K3"),"R1 tidak boleh K3 (fungsional); ","")&IF(AND(LEFT(G4,2)="R2",LEFT(K4,2)="K5"),"R2 tidak boleh K5; ","")&IF(AND(LEFT(G4,2)="R2",OR(LEFT(F4,2)="S6",LEFT(F4,2)="S7",LEFT(F4,2)="S8")),"R2 tidak boleh S6/S7/S8; ","")&IF(AND(LEFT(G4,2)="R2",OR(LEFT(H4,3)="T02",LEFT(I4,2)="P8")),"T02 atau P8 tidak boleh R2; ","")&IF(AND(LEFT(H4,3)="T01",LEFT(I4,2)<>"P6",N4=""),"T01 biasanya P6; jelaskan di V12; ","")&IF(AND(LEFT(I4,2)="P1",LEFT(K4,2)<>"K4",N4=""),"P1 biasanya K4; jelaskan di V12; ","")="","OK",IF(AND(LEFT(G4,2)="R0",LEFT(K4,2)<>"K5"),"R0 harus K5; ","")&IF(AND(LEFT(G4,2)="R1",LEFT(K4,2)="K3"),"R1 tidak boleh K3 (fungsional); ","")&IF(AND(LEFT(G4,2)="R2",LEFT(K4,2)="K5"),"R2 tidak boleh K5; ","")&IF(AND(LEFT(G4,2)="R2",OR(LEFT(F4,2)="S6",LEFT(F4,2)="S7",LEFT(F4,2)="S8")),"R2 tidak boleh S6/S7/S8; ","")&IF(AND(LEFT(G4,2)="R2",OR(LEFT(H4,3)="T02",LEFT(I4,2)="P8")),"T02 atau P8 tidak boleh R2; ","")&IF(AND(LEFT(H4,3)="T01",LEFT(I4,2)<>"P6",N4=""),"T01 biasanya P6; jelaskan di V12; ","")&IF(AND(LEFT(I4,2)="P1",LEFT(K4,2)<>"K4",N4=""),"P1 biasanya K4; jelaskan di V12; ",""))) | R4: =IF(INDEX(Korpus!$B:$B,$A4)="","",INDEX(Korpus!$B:$B,$A4)) -> C. Pembahasan | S4: =IF(INDEX(Korpus!$C:$C,$A4)="","",INDEX(Korpus!$C:$C,$A4)) -> 5. Pentingnya Perlindungan Data Pribadi
A5: 5 | B5: =IF(Petunjuk!$C$4="","",Petunjuk!$C$4) -> Afriansyah | C5: =IF(INDEX(Korpus!$A:$A,$A5)="","",INDEX(Korpus!$A:$A,$A5)) -> 2019MHN201 | D5: =TRIM(INDEX(Korpus!$D:$D,$A5)&" "&INDEX(Korpus!$E:$E,$A5)) -> Paragraf 3 Kalimat 4 | E5: =IF(INDEX(Korpus!$F:$F,$A5)="","",INDEX(Korpus!$F:$F,$A5)) -> Perlindungan data pribadi berhubungan dengan konsep privasi. | P5: =IF(COUNTA(F5:K5)=6,"Lengkap","Belum lengkap ("&(6-COUNTA(F5:K5))&")") -> Belum lengkap (6) | Q5: =IF(COUNTA(F5:K5)<6,"",IF(IF(AND(LEFT(G5,2)="R0",LEFT(K5,2)<>"K5"),"R0 harus K5; ","")&IF(AND(LEFT(G5,2)="R1",LEFT(K5,2)="K3"),"R1 tidak boleh K3 (fungsional); ","")&IF(AND(LEFT(G5,2)="R2",LEFT(K5,2)="K5"),"R2 tidak boleh K5; ","")&IF(AND(LEFT(G5,2)="R2",OR(LEFT(F5,2)="S6",LEFT(F5,2)="S7",LEFT(F5,2)="S8")),"R2 tidak boleh S6/S7/S8; ","")&IF(AND(LEFT(G5,2)="R2",OR(LEFT(H5,3)="T02",LEFT(I5,2)="P8")),"T02 atau P8 tidak boleh R2; ","")&IF(AND(LEFT(H5,3)="T01",LEFT(I5,2)<>"P6",N5=""),"T01 biasanya P6; jelaskan di V12; ","")&IF(AND(LEFT(I5,2)="P1",LEFT(K5,2)<>"K4",N5=""),"P1 biasanya K4; jelaskan di V12; ","")="","OK",IF(AND(LEFT(G5,2)="R0",LEFT(K5,2)<>"K5"),"R0 harus K5; ","")&IF(AND(LEFT(G5,2)="R1",LEFT(K5,2)="K3"),"R1 tidak boleh K3 (fungsional); ","")&IF(AND(LEFT(G5,2)="R2",LEFT(K5,2)="K5"),"R2 tidak boleh K5; ","")&IF(AND(LEFT(G5,2)="R2",OR(LEFT(F5,2)="S6",LEFT(F5,2)="S7",LEFT(F5,2)="S8")),"R2 tidak boleh S6/S7/S8; ","")&IF(AND(LEFT(G5,2)="R2",OR(LEFT(H5,3)="T02",LEFT(I5,2)="P8")),"T02 atau P8 tidak boleh R2; ","")&IF(AND(LEFT(H5,3)="T01",LEFT(I5,2)<>"P6",N5=""),"T01 biasanya P6; jelaskan di V12; ","")&IF(AND(LEFT(I5,2)="P1",LEFT(K5,2)<>"K4",N5=""),"P1 biasanya K4; jelaskan di V12; ",""))) | R5: =IF(INDEX(Korpus!$B:$B,$A5)="","",INDEX(Korpus!$B:$B,$A5)) -> C. Pembahasan | S5: =IF(INDEX(Korpus!$C:$C,$A5)="","",INDEX(Korpus!$C:$C,$A5)) -> 5. Pentingnya Perlindungan Data Pribadi
A6: 6 | B6: =IF(Petunjuk!$C$4="","",Petunjuk!$C$4) -> Afriansyah | C6: =IF(INDEX(Korpus!$A:$A,$A6)="","",INDEX(Korpus!$A:$A,$A6)) -> 2019MHN201 | D6: =TRIM(INDEX(Korpus!$D:$D,$A6)&" "&INDEX(Korpus!$E:$E,$A6)) -> Paragraf 3 Kalimat 5 | E6: =IF(INDEX(Korpus!$F:$F,$A6)="","",INDEX(Korpus!$F:$F,$A6)) -> Konsep privasi sendiri adalah gagasan untuk menjaga integritas dan martabat pribadi. | P6: =IF(COUNTA(F6:K6)=6,"Lengkap","Belum lengkap ("&(6-COUNTA(F6:K6))&")") -> Belum lengkap (6) | Q6: =IF(COUNTA(F6:K6)<6,"",IF(IF(AND(LEFT(G6,2)="R0",LEFT(K6,2)<>"K5"),"R0 harus K5; ","")&IF(AND(LEFT(G6,2)="R1",LEFT(K6,2)="K3"),"R1 tidak boleh K3 (fungsional); ","")&IF(AND(LEFT(G6,2)="R2",LEFT(K6,2)="K5"),"R2 tidak boleh K5; ","")&IF(AND(LEFT(G6,2)="R2",OR(LEFT(F6,2)="S6",LEFT(F6,2)="S7",LEFT(F6,2)="S8")),"R2 tidak boleh S6/S7/S8; ","")&IF(AND(LEFT(G6,2)="R2",OR(LEFT(H6,3)="T02",LEFT(I6,2)="P8")),"T02 atau P8 tidak boleh R2; ","")&IF(AND(LEFT(H6,3)="T01",LEFT(I6,2)<>"P6",N6=""),"T01 biasanya P6; jelaskan di V12; ","")&IF(AND(LEFT(I6,2)="P1",LEFT(K6,2)<>"K4",N6=""),"P1 biasanya K4; jelaskan di V12; ","")="","OK",IF(AND(LEFT(G6,2)="R0",LEFT(K6,2)<>"K5"),"R0 harus K5; ","")&IF(AND(LEFT(G6,2)="R1",LEFT(K6,2)="K3"),"R1 tidak boleh K3 (fungsional); ","")&IF(AND(LEFT(G6,2)="R2",LEFT(K6,2)="K5"),"R2 tidak boleh K5; ","")&IF(AND(LEFT(G6,2)="R2",OR(LEFT(F6,2)="S6",LEFT(F6,2)="S7",LEFT(F6,2)="S8")),"R2 tidak boleh S6/S7/S8; ","")&IF(AND(LEFT(G6,2)="R2",OR(LEFT(H6,3)="T02",LEFT(I6,2)="P8")),"T02 atau P8 tidak boleh R2; ","")&IF(AND(LEFT(H6,3)="T01",LEFT(I6,2)<>"P6",N6=""),"T01 biasanya P6; jelaskan di V12; ","")&IF(AND(LEFT(I6,2)="P1",LEFT(K6,2)<>"K4",N6=""),"P1 biasanya K4; jelaskan di V12; ",""))) | R6: =IF(INDEX(Korpus!$B:$B,$A6)="","",INDEX(Korpus!$B:$B,$A6)) -> C. Pembahasan | S6: =IF(INDEX(Korpus!$C:$C,$A6)="","",INDEX(Korpus!$C:$C,$A6)) -> 5. Pentingnya Perlindungan Data Pribadi
A7: 7 | B7: =IF(Petunjuk!$C$4="","",Petunjuk!$C$4) -> Afriansyah | C7: =IF(INDEX(Korpus!$A:$A,$A7)="","",INDEX(Korpus!$A:$A,$A7)) -> 2019MHN201 | D7: =TRIM(INDEX(Korpus!$D:$D,$A7)&" "&INDEX(Korpus!$E:$E,$A7)) -> Paragraf 3 Kalimat 6 | E7: =IF(INDEX(Korpus!$F:$F,$A7)="","",INDEX(Korpus!$F:$F,$A7)) -> Hak privasi juga merupakan kemampuan individu untuk menentukan siapa yang memegang informasi tentang mereka dan bagaimana informasi tersebut digunakan. | P7: =IF(COUNTA(F7:K7)=6,"Lengkap","Belum lengkap ("&(6-COUNTA(F7:K7))&")") -> Belum lengkap (6) | Q7: =IF(COUNTA(F7:K7)<6,"",IF(IF(AND(LEFT(G7,2)="R0",LEFT(K7,2)<>"K5"),"R0 harus K5; ","")&IF(AND(LEFT(G7,2)="R1",LEFT(K7,2)="K3"),"R1 tidak boleh K3 (fungsional); ","")&IF(AND(LEFT(G7,2)="R2",LEFT(K7,2)="K5"),"R2 tidak boleh K5; ","")&IF(AND(LEFT(G7,2)="R2",OR(LEFT(F7,2)="S6",LEFT(F7,2)="S7",LEFT(F7,2)="S8")),"R2 tidak boleh S6/S7/S8; ","")&IF(AND(LEFT(G7,2)="R2",OR(LEFT(H7,3)="T02",LEFT(I7,2)="P8")),"T02 atau P8 tidak boleh R2; ","")&IF(AND(LEFT(H7,3)="T01",LEFT(I7,2)<>"P6",N7=""),"T01 biasanya P6; jelaskan di V12; ","")&IF(AND(LEFT(I7,2)="P1",LEFT(K7,2)<>"K4",N7=""),"P1 biasanya K4; jelaskan di V12; ","")="","OK",IF(AND(LEFT(G7,2)="R0",LEFT(K7,2)<>"K5"),"R0 harus K5; ","")&IF(AND(LEFT(G7,2)="R1",LEFT(K7,2)="K3"),"R1 tidak boleh K3 (fungsional); ","")&IF(AND(LEFT(G7,2)="R2",LEFT(K7,2)="K5"),"R2 tidak boleh K5; ","")&IF(AND(LEFT(G7,2)="R2",OR(LEFT(F7,2)="S6",LEFT(F7,2)="S7",LEFT(F7,2)="S8")),"R2 tidak boleh S6/S7/S8; ","")&IF(AND(LEFT(G7,2)="R2",OR(LEFT(H7,3)="T02",LEFT(I7,2)="P8")),"T02 atau P8 tidak boleh R2; ","")&IF(AND(LEFT(H7,3)="T01",LEFT(I7,2)<>"P6",N7=""),"T01 biasanya P6; jelaskan di V12; ","")&IF(AND(LEFT(I7,2)="P1",LEFT(K7,2)<>"K4",N7=""),"P1 biasanya K4; jelaskan di V12; ",""))) | R7: =IF(INDEX(Korpus!$B:$B,$A7)="","",INDEX(Korpus!$B:$B,$A7)) -> C. Pembahasan | S7: =IF(INDEX(Korpus!$C:$C,$A7)="","",INDEX(Korpus!$C:$C,$A7)) -> 5. Pentingnya Perlindungan Data Pribadi
A8: 8 | B8: =IF(Petunjuk!$C$4="","",Petunjuk!$C$4) -> Afriansyah | C8: =IF(INDEX(Korpus!$A:$A,$A8)="","",INDEX(Korpus!$A:$A,$A8)) -> 2019MHN201 | D8: =TRIM(INDEX(Korpus!$D:$D,$A8)&" "&INDEX(Korpus!$E:$E,$A8)) -> Paragraf 4 Kalimat 1 | E8: =IF(INDEX(Korpus!$F:$F,$A8)="","",INDEX(Korpus!$F:$F,$A8)) -> Konsep perlindungan data mengisyaratkan bahwa individu memiliki hak untuk menentukan apakah mereka akan membagi atau bertukar data pribadi mereka atau tidak. | P8: =IF(COUNTA(F8:K8)=6,"Lengkap","Belum lengkap ("&(6-COUNTA(F8:K8))&")") -> Belum lengkap (6) | Q8: =IF(COUNTA(F8:K8)<6,"",IF(IF(AND(LEFT(G8,2)="R0",LEFT(K8,2)<>"K5"),"R0 harus K5; ","")&IF(AND(LEFT(G8,2)="R1",LEFT(K8,2)="K3"),"R1 tidak boleh K3 (fungsional); ","")&IF(AND(LEFT(G8,2)="R2",LEFT(K8,2)="K5"),"R2 tidak boleh K5; ","")&IF(AND(LEFT(G8,2)="R2",OR(LEFT(F8,2)="S6",LEFT(F8,2)="S7",LEFT(F8,2)="S8")),"R2 tidak boleh S6/S7/S8; ","")&IF(AND(LEFT(G8,2)="R2",OR(LEFT(H8,3)="T02",LEFT(I8,2)="P8")),"T02 atau P8 tidak boleh R2; ","")&IF(AND(LEFT(H8,3)="T01",LEFT(I8,2)<>"P6",N8=""),"T01 biasanya P6; jelaskan di V12; ","")&IF(AND(LEFT(I8,2)="P1",LEFT(K8,2)<>"K4",N8=""),"P1 biasanya K4; jelaskan di V12; ","")="","OK",IF(AND(LEFT(G8,2)="R0",LEFT(K8,2)<>"K5"),"R0 harus K5; ","")&IF(AND(LEFT(G8,2)="R1",LEFT(K8,2)="K3"),"R1 tidak boleh K3 (fungsional); ","")&IF(AND(LEFT(G8,2)="R2",LEFT(K8,2)="K5"),"R2 tidak boleh K5; ","")&IF(AND(LEFT(G8,2)="R2",OR(LEFT(F8,2)="S6",LEFT(F8,2)="S7",LEFT(F8,2)="S8")),"R2 tidak boleh S6/S7/S8; ","")&IF(AND(LEFT(G8,2)="R2",OR(LEFT(H8,3)="T02",LEFT(I8,2)="P8")),"T02 atau P8 tidak boleh R2; ","")&IF(AND(LEFT(H8,3)="T01",LEFT(I8,2)<>"P6",N8=""),"T01 biasanya P6; jelaskan di V12; ","")&IF(AND(LEFT(I8,2)="P1",LEFT(K8,2)<>"K4",N8=""),"P1 biasanya K4; jelaskan di V12; ",""))) | R8: =IF(INDEX(Korpus!$B:$B,$A8)="","",INDEX(Korpus!$B:$B,$A8)) -> C. Pembahasan | S8: =IF(INDEX(Korpus!$C:$C,$A8)="","",INDEX(Korpus!$C:$C,$A8)) -> 5. Pentingnya Perlindungan Data Pribadi
A9: 9 | B9: =IF(Petunjuk!$C$4="","",Petunjuk!$C$4) -> Afriansyah | C9: =IF(INDEX(Korpus!$A:$A,$A9)="","",INDEX(Korpus!$A:$A,$A9)) -> 2019MHN201 | D9: =TRIM(INDEX(Korpus!$D:$D,$A9)&" "&INDEX(Korpus!$E:$E,$A9)) -> Paragraf 4 Kalimat 2 | E9: =IF(INDEX(Korpus!$F:$F,$A9)="","",INDEX(Korpus!$F:$F,$A9)) -> Selain itu, individu juga memiliki hak untuk menentukan syarat-syarat pelaksanaan pemindahan data pribadi tersebut. | P9: =IF(COUNTA(F9:K9)=6,"Lengkap","Belum lengkap ("&(6-COUNTA(F9:K9))&")") -> Belum lengkap (6) | Q9: =IF(COUNTA(F9:K9)<6,"",IF(IF(AND(LEFT(G9,2)="R0",LEFT(K9,2)<>"K5"),"R0 harus K5; ","")&IF(AND(LEFT(G9,2)="R1",LEFT(K9,2)="K3"),"R1 tidak boleh K3 (fungsional); ","")&IF(AND(LEFT(G9,2)="R2",LEFT(K9,2)="K5"),"R2 tidak boleh K5; ","")&IF(AND(LEFT(G9,2)="R2",OR(LEFT(F9,2)="S6",LEFT(F9,2)="S7",LEFT(F9,2)="S8")),"R2 tidak boleh S6/S7/S8; ","")&IF(AND(LEFT(G9,2)="R2",OR(LEFT(H9,3)="T02",LEFT(I9,2)="P8")),"T02 atau P8 tidak boleh R2; ","")&IF(AND(LEFT(H9,3)="T01",LEFT(I9,2)<>"P6",N9=""),"T01 biasanya P6; jelaskan di V12; ","")&IF(AND(LEFT(I9,2)="P1",LEFT(K9,2)<>"K4",N9=""),"P1 biasanya K4; jelaskan di V12; ","")="","OK",IF(AND(LEFT(G9,2)="R0",LEFT(K9,2)<>"K5"),"R0 harus K5; ","")&IF(AND(LEFT(G9,2)="R1",LEFT(K9,2)="K3"),"R1 tidak boleh K3 (fungsional); ","")&IF(AND(LEFT(G9,2)="R2",LEFT(K9,2)="K5"),"R2 tidak boleh K5; ","")&IF(AND(LEFT(G9,2)="R2",OR(LEFT(F9,2)="S6",LEFT(F9,2)="S7",LEFT(F9,2)="S8")),"R2 tidak boleh S6/S7/S8; ","")&IF(AND(LEFT(G9,2)="R2",OR(LEFT(H9,3)="T02",LEFT(I9,2)="P8")),"T02 atau P8 tidak boleh R2; ","")&IF(AND(LEFT(H9,3)="T01",LEFT(I9,2)<>"P6",N9=""),"T01 biasanya P6; jelaskan di V12; ","")&IF(AND(LEFT(I9,2)="P1",LEFT(K9,2)<>"K4",N9=""),"P1 biasanya K4; jelaskan di V12; ",""))) | R9: =IF(INDEX(Korpus!$B:$B,$A9)="","",INDEX(Korpus!$B:$B,$A9)) -> C. Pembahasan | S9: =IF(INDEX(Korpus!$C:$C,$A9)="","",INDEX(Korpus!$C:$C,$A9)) -> 5. Pentingnya Perlindungan Data Pribadi
A10: 10 | B10: =IF(Petunjuk!$C$4="","",Petunjuk!$C$4) -> Afriansyah | C10: =IF(INDEX(Korpus!$A:$A,$A10)="","",INDEX(Korpus!$A:$A,$A10)) -> 2019MHN201 | D10: =TRIM(INDEX(Korpus!$D:$D,$A10)&" "&INDEX(Korpus!$E:$E,$A10)) -> Paragraf 4 Kalimat 3 | E10: =IF(INDEX(Korpus!$F:$F,$A10)="","",INDEX(Korpus!$F:$F,$A10)) -> Lebih jauh, perlindungan privasi. | P10: =IF(COUNTA(F10:K10)=6,"Lengkap","Belum lengkap ("&(6-COUNTA(F10:K10))&")") -> Belum lengkap (6) | Q10: =IF(COUNTA(F10:K10)<6,"",IF(IF(AND(LEFT(G10,2)="R0",LEFT(K10,2)<>"K5"),"R0 harus K5; ","")&IF(AND(LEFT(G10,2)="R1",LEFT(K10,2)="K3"),"R1 tidak boleh K3 (fungsional); ","")&IF(AND(LEFT(G10,2)="R2",LEFT(K10,2)="K5"),"R2 tidak boleh K5; ","")&IF(AND(LEFT(G10,2)="R2",OR(LEFT(F10,2)="S6",LEFT(F10,2)="S7",LEFT(F10,2)="S8")),"R2 tidak boleh S6/S7/S8; ","")&IF(AND(LEFT(G10,2)="R2",OR(LEFT(H10,3)="T02",LEFT(I10,2)="P8")),"T02 atau P8 tidak boleh R2; ","")&IF(AND(LEFT(H10,3)="T01",LEFT(I10,2)<>"P6",N10=""),"T01 biasanya P6; jelaskan di V12; ","")&IF(AND(LEFT(I10,2)="P1",LEFT(K10,2)<>"K4",N10=""),"P1 biasanya K4; jelaskan di V12; ","")="","OK",IF(AND(LEFT(G10,2)="R0",LEFT(K10,2)<>"K5"),"R0 harus K5; ","")&IF(AND(LEFT(G10,2)="R1",LEFT(K10,2)="K3"),"R1 tidak boleh K3 (fungsional); ","")&IF(AND(LEFT(G10,2)="R2",LEFT(K10,2)="K5"),"R2 tidak boleh K5; ","")&IF(AND(LEFT(G10,2)="R2",OR(LEFT(F10,2)="S6",LEFT(F10,2)="S7",LEFT(F10,2)="S8")),"R2 tidak boleh S6/S7/S8; ","")&IF(AND(LEFT(G10,2)="R2",OR(LEFT(H10,3)="T02",LEFT(I10,2)="P8")),"T02 atau P8 tidak boleh R2; ","")&IF(AND(LEFT(H10,3)="T01",LEFT(I10,2)<>"P6",N10=""),"T01 biasanya P6; jelaskan di V12; ","")&IF(AND(LEFT(I10,2)="P1",LEFT(K10,2)<>"K4",N10=""),"P1 biasanya K4; jelaskan di V12; ",""))) | R10: =IF(INDEX(Korpus!$B:$B,$A10)="","",INDEX(Korpus!$B:$B,$A10)) -> C. Pembahasan | S10: =IF(INDEX(Korpus!$C:$C,$A10)="","",INDEX(Korpus!$C:$C,$A10)) -> 5. Pentingnya Perlindungan Data Pribadi
A11: 11 | B11: =IF(Petunjuk!$C$4="","",Petunjuk!$C$4) -> Afriansyah | C11: =IF(INDEX(Korpus!$A:$A,$A11)="","",INDEX(Korpus!$A:$A,$A11)) -> 2019MHN201 | D11: =TRIM(INDEX(Korpus!$D:$D,$A11)&" "&INDEX(Korpus!$E:$E,$A11)) -> Paragraf 4 Kalimat 4 | E11: =IF(INDEX(Korpus!$F:$F,$A11)="","",INDEX(Korpus!$F:$F,$A11)) -> Hak privasi telah berkembang sehingga dapat digunakan untuk merumuskan hak untuk melindungi data pribadi. | P11: =IF(COUNTA(F11:K11)=6,"Lengkap","Belum lengkap ("&(6-COUNTA(F11:K11))&")") -> Belum lengkap (6) | Q11: =IF(COUNTA(F11:K11)<6,"",IF(IF(AND(LEFT(G11,2)="R0",LEFT(K11,2)<>"K5"),"R0 harus K5; ","")&IF(AND(LEFT(G11,2)="R1",LEFT(K11,2)="K3"),"R1 tidak boleh K3 (fungsional); ","")&IF(AND(LEFT(G11,2)="R2",LEFT(K11,2)="K5"),"R2 tidak boleh K5; ","")&IF(AND(LEFT(G11,2)="R2",OR(LEFT(F11,2)="S6",LEFT(F11,2)="S7",LEFT(F11,2)="S8")),"R2 tidak boleh S6/S7/S8; ","")&IF(AND(LEFT(G11,2)="R2",OR(LEFT(H11,3)="T02",LEFT(I11,2)="P8")),"T02 atau P8 tidak boleh R2; ","")&IF(AND(LEFT(H11,3)="T01",LEFT(I11,2)<>"P6",N11=""),"T01 biasanya P6; jelaskan di V12; ","")&IF(AND(LEFT(I11,2)="P1",LEFT(K11,2)<>"K4",N11=""),"P1 biasanya K4; jelaskan di V12; ","")="","OK",IF(AND(LEFT(G11,2)="R0",LEFT(K11,2)<>"K5"),"R0 harus K5; ","")&IF(AND(LEFT(G11,2)="R1",LEFT(K11,2)="K3"),"R1 tidak boleh K3 (fungsional); ","")&IF(AND(LEFT(G11,2)="R2",LEFT(K11,2)="K5"),"R2 tidak boleh K5; ","")&IF(AND(LEFT(G11,2)="R2",OR(LEFT(F11,2)="S6",LEFT(F11,2)="S7",LEFT(F11,2)="S8")),"R2 tidak boleh S6/S7/S8; ","")&IF(AND(LEFT(G11,2)="R2",OR(LEFT(H11,3)="T02",LEFT(I11,2)="P8")),"T02 atau P8 tidak boleh R2; ","")&IF(AND(LEFT(H11,3)="T01",LEFT(I11,2)<>"P6",N11=""),"T01 biasanya P6; jelaskan di V12; ","")&IF(AND(LEFT(I11,2)="P1",LEFT(K11,2)<>"K4",N11=""),"P1 biasanya K4; jelaskan di V12; ",""))) | R11: =IF(INDEX(Korpus!$B:$B,$A11)="","",INDEX(Korpus!$B:$B,$A11)) -> C. Pembahasan | S11: =IF(INDEX(Korpus!$C:$C,$A11)="","",INDEX(Korpus!$C:$C,$A11)) -> 5. Pentingnya Perlindungan Data Pribadi
A12: 12 | B12: =IF(Petunjuk!$C$4="","",Petunjuk!$C$4) -> Afriansyah | C12: =IF(INDEX(Korpus!$A:$A,$A12)="","",INDEX(Korpus!$A:$A,$A12)) -> 2019MHN201 | D12: =TRIM(INDEX(Korpus!$D:$D,$A12)&" "&INDEX(Korpus!$E:$E,$A12)) -> Paragraf 5 Kalimat 1 | E12: =IF(INDEX(Korpus!$F:$F,$A12)="","",INDEX(Korpus!$F:$F,$A12)) -> Perlindungan data pribadi telah diatur di dalam UUD NKRI Tahun 1945. | P12: =IF(COUNTA(F12:K12)=6,"Lengkap","Belum lengkap ("&(6-COUNTA(F12:K12))&")") -> Belum lengkap (6) | Q12: =IF(COUNTA(F12:K12)<6,"",IF(IF(AND(LEFT(G12,2)="R0",LEFT(K12,2)<>"K5"),"R0 harus K5; ","")&IF(AND(LEFT(G12,2)="R1",LEFT(K12,2)="K3"),"R1 tidak boleh K3 (fungsional); ","")&IF(AND(LEFT(G12,2)="R2",LEFT(K12,2)="K5"),"R2 tidak boleh K5; ","")&IF(AND(LEFT(G12,2)="R2",OR(LEFT(F12,2)="S6",LEFT(F12,2)="S7",LEFT(F12,2)="S8")),"R2 tidak boleh S6/S7/S8; ","")&IF(AND(LEFT(G12,2)="R2",OR(LEFT(H12,3)="T02",LEFT(I12,2)="P8")),"T02 atau P8 tidak boleh R2; ","")&IF(AND(LEFT(H12,3)="T01",LEFT(I12,2)<>"P6",N12=""),"T01 biasanya P6; jelaskan di V12; ","")&IF(AND(LEFT(I12,2)="P1",LEFT(K12,2)<>"K4",N12=""),"P1 biasanya K4; jelaskan di V12; ","")="","OK",IF(AND(LEFT(G12,2)="R0",LEFT(K12,2)<>"K5"),"R0 harus K5; ","")&IF(AND(LEFT(G12,2)="R1",LEFT(K12,2)="K3"),"R1 tidak boleh K3 (fungsional); ","")&IF(AND(LEFT(G12,2)="R2",LEFT(K12,2)="K5"),"R2 tidak boleh K5; ","")&IF(AND(LEFT(G12,2)="R2",OR(LEFT(F12,2)="S6",LEFT(F12,2)="S7",LEFT(F12,2)="S8")),"R2 tidak boleh S6/S7/S8; ","")&IF(AND(LEFT(G12,2)="R2",OR(LEFT(H12,3)="T02",LEFT(I12,2)="P8")),"T02 atau P8 tidak boleh R2; ","")&IF(AND(LEFT(H12,3)="T01",LEFT(I12,2)<>"P6",N12=""),"T01 biasanya P6; jelaskan di V12; ","")&IF(AND(LEFT(I12,2)="P1",LEFT(K12,2)<>"K4",N12=""),"P1 biasanya K4; jelaskan di V12; ",""))) | R12: =IF(INDEX(Korpus!$B:$B,$A12)="","",INDEX(Korpus!$B:$B,$A12)) -> C. Pembahasan | S12: =IF(INDEX(Korpus!$C:$C,$A12)="","",INDEX(Korpus!$C:$C,$A12)) -> 5. Pentingnya Perlindungan Data Pribadi
A13: 13 | B13: =IF(Petunjuk!$C$4="","",Petunjuk!$C$4) -> Afriansyah | C13: =IF(INDEX(Korpus!$A:$A,$A13)="","",INDEX(Korpus!$A:$A,$A13)) -> 2019MHN201 | D13: =TRIM(INDEX(Korpus!$D:$D,$A13)&" "&INDEX(Korpus!$E:$E,$A13)) -> Paragraf 5 Kalimat 2 | E13: =IF(INDEX(Korpus!$F:$F,$A13)="","",INDEX(Korpus!$F:$F,$A13)) -> Dalam Pasal 28 G ayat (1) disebutkan bahwa “Setiap orang berhak atas perlindungan diri pribadi, data juga berhubungan dengan konsep hak keluarga, kehormatan, martabat, dan harta benda yang di bawah kekuasaannya, serta berhak atas rasa aman dan perlindungan dari ancaman ketakutan untuk berbuat atau tidak berbuat sesuatu yang merupakan hak asasi.” | F13: S5 - Setiap Orang atau pihak umum | H13: T01 - Definisi, Istilah, dan Ruang Lingkup | I13: P3 - Hak | J13: F7 - Tata kelola dan hak subjek | O13: Ya | P13: =IF(COUNTA(F13:K13)=6,"Lengkap","Belum lengkap ("&(6-COUNTA(F13:K13))&")") -> Belum lengkap (2) | Q13: =IF(COUNTA(F13:K13)<6,"",IF(IF(AND(LEFT(G13,2)="R0",LEFT(K13,2)<>"K5"),"R0 harus K5; ","")&IF(AND(LEFT(G13,2)="R1",LEFT(K13,2)="K3"),"R1 tidak boleh K3 (fungsional); ","")&IF(AND(LEFT(G13,2)="R2",LEFT(K13,2)="K5"),"R2 tidak boleh K5; ","")&IF(AND(LEFT(G13,2)="R2",OR(LEFT(F13,2)="S6",LEFT(F13,2)="S7",LEFT(F13,2)="S8")),"R2 tidak boleh S6/S7/S8; ","")&IF(AND(LEFT(G13,2)="R2",OR(LEFT(H13,3)="T02",LEFT(I13,2)="P8")),"T02 atau P8 tidak boleh R2; ","")&IF(AND(LEFT(H13,3)="T01",LEFT(I13,2)<>"P6",N13=""),"T01 biasanya P6; jelaskan di V12; ","")&IF(AND(LEFT(I13,2)="P1",LEFT(K13,2)<>"K4",N13=""),"P1 biasanya K4; jelaskan di V12; ","")="","OK",IF(AND(LEFT(G13,2)="R0",LEFT(K13,2)<>"K5"),"R0 harus K5; ","")&IF(AND(LEFT(G13,2)="R1",LEFT(K13,2)="K3"),"R1 tidak boleh K3 (fungsional); ","")&IF(AND(LEFT(G13,2)="R2",LEFT(K13,2)="K5"),"R2 tidak boleh K5; ","")&IF(AND(LEFT(G13,2)="R2",OR(LEFT(F13,2)="S6",LEFT(F13,2)="S7",LEFT(F13,2)="S8")),"R2 tidak boleh S6/S7/S8; ","")&IF(AND(LEFT(G13,2)="R2",OR(LEFT(H13,3)="T02",LEFT(I13,2)="P8")),"T02 atau P8 tidak boleh R2; ","")&IF(AND(LEFT(H13,3)="T01",LEFT(I13,2)<>"P6",N13=""),"T01 biasanya P6; jelaskan di V12; ","")&IF(AND(LEFT(I13,2)="P1",LEFT(K13,2)<>"K4",N13=""),"P1 biasanya K4; jelaskan di V12; ",""))) | R13: =IF(INDEX(Korpus!$B:$B,$A13)="","",INDEX(Korpus!$B:$B,$A13)) -> C. Pembahasan | S13: =IF(INDEX(Korpus!$C:$C,$A13)="","",INDEX(Korpus!$C:$C,$A13)) -> 5. Pentingnya Perlindungan Data Pribadi
A14: 14 | B14: =IF(Petunjuk!$C$4="","",Petunjuk!$C$4) -> Afriansyah | C14: =IF(INDEX(Korpus!$A:$A,$A14)="","",INDEX(Korpus!$A:$A,$A14)) -> 2019MHN201 | D14: =TRIM(INDEX(Korpus!$D:$D,$A14)&" "&INDEX(Korpus!$E:$E,$A14)) -> Paragraf 6 Kalimat 1 | E14: =IF(INDEX(Korpus!$F:$F,$A14)="","",INDEX(Korpus!$F:$F,$A14)) -> Selain itu beberapa peraturan nasional secara umum telah mengatur untuk memberikan perlindungan data pribadi antara lain: | P14: =IF(COUNTA(F14:K14)=6,"Lengkap","Belum lengkap ("&(6-COUNTA(F14:K14))&")") -> Belum lengkap (6) | Q14: =IF(COUNTA(F14:K14)<6,"",IF(IF(AND(LEFT(G14,2)="R0",LEFT(K14,2)<>"K5"),"R0 harus K5; ","")&IF(AND(LEFT(G14,2)="R1",LEFT(K14,2)="K3"),"R1 tidak boleh K3 (fungsional); ","")&IF(AND(LEFT(G14,2)="R2",LEFT(K14,2)="K5"),"R2 tidak boleh K5; ","")&IF(AND(LEFT(G14,2)="R2",OR(LEFT(F14,2)="S6",LEFT(F14,2)="S7",LEFT(F14,2)="S8")),"R2 tidak boleh S6/S7/S8; ","")&IF(AND(LEFT(G14,2)="R2",OR(LEFT(H14,3)="T02",LEFT(I14,2)="P8")),"T02 atau P8 tidak boleh R2; ","")&IF(AND(LEFT(H14,3)="T01",LEFT(I14,2)<>"P6",N14=""),"T01 biasanya P6; jelaskan di V12; ","")&IF(AND(LEFT(I14,2)="P1",LEFT(K14,2)<>"K4",N14=""),"P1 biasanya K4; jelaskan di V12; ","")="","OK",IF(AND(LEFT(G14,2)="R0",LEFT(K14,2)<>"K5"),"R0 harus K5; ","")&IF(AND(LEFT(G14,2)="R1",LEFT(K14,2)="K3"),"R1 tidak boleh K3 (fungsional); ","")&IF(AND(LEFT(G14,2)="R2",LEFT(K14,2)="K5"),"R2 tidak boleh K5; ","")&IF(AND(LEFT(G14,2)="R2",OR(LEFT(F14,2)="S6",LEFT(F14,2)="S7",LEFT(F14,2)="S8")),"R2 tidak boleh S6/S7/S8; ","")&IF(AND(LEFT(G14,2)="R2",OR(LEFT(H14,3)="T02",LEFT(I14,2)="P8")),"T02 atau P8 tidak boleh R2; ","")&IF(AND(LEFT(H14,3)="T01",LEFT(I14,2)<>"P6",N14=""),"T01 biasanya P6; jelaskan di V12; ","")&IF(AND(LEFT(I14,2)="P1",LEFT(K14,2)<>"K4",N14=""),"P1 biasanya K4; jelaskan di V12; ",""))) | R14: =IF(INDEX(Korpus!$B:$B,$A14)="","",INDEX(Korpus!$B:$B,$A14)) -> C. Pembahasan | S14: =IF(INDEX(Korpus!$C:$C,$A14)="","",INDEX(Korpus!$C:$C,$A14)) -> 5. Pentingnya Perlindungan Data Pribadi
A15: 15 | B15: =IF(Petunjuk!$C$4="","",Petunjuk!$C$4) -> Afriansyah | C15: =IF(INDEX(Korpus!$A:$A,$A15)="","",INDEX(Korpus!$A:$A,$A15)) -> 2019MHN201 | D15: =TRIM(INDEX(Korpus!$D:$D,$A15)&" "&INDEX(Korpus!$E:$E,$A15)) -> Paragraf 6 Kalimat 2 | E15: =IF(INDEX(Korpus!$F:$F,$A15)="","",INDEX(Korpus!$F:$F,$A15)) -> 1) Undang-Undang Nomor 19 Tahun 2016 Tentang Perubahan Atas Undang-Undang Nomor 11 Tahun 2008 Tentang Informasi dan Transaksi Elektronik | P15: =IF(COUNTA(F15:K15)=6,"Lengkap","Belum lengkap ("&(6-COUNTA(F15:K15))&")") -> Belum lengkap (6) | Q15: =IF(COUNTA(F15:K15)<6,"",IF(IF(AND(LEFT(G15,2)="R0",LEFT(K15,2)<>"K5"),"R0 harus K5; ","")&IF(AND(LEFT(G15,2)="R1",LEFT(K15,2)="K3"),"R1 tidak boleh K3 (fungsional); ","")&IF(AND(LEFT(G15,2)="R2",LEFT(K15,2)="K5"),"R2 tidak boleh K5; ","")&IF(AND(LEFT(G15,2)="R2",OR(LEFT(F15,2)="S6",LEFT(F15,2)="S7",LEFT(F15,2)="S8")),"R2 tidak boleh S6/S7/S8; ","")&IF(AND(LEFT(G15,2)="R2",OR(LEFT(H15,3)="T02",LEFT(I15,2)="P8")),"T02 atau P8 tidak boleh R2; ","")&IF(AND(LEFT(H15,3)="T01",LEFT(I15,2)<>"P6",N15=""),"T01 biasanya P6; jelaskan di V12; ","")&IF(AND(LEFT(I15,2)="P1",LEFT(K15,2)<>"K4",N15=""),"P1 biasanya K4; jelaskan di V12; ","")="","OK",IF(AND(LEFT(G15,2)="R0",LEFT(K15,2)<>"K5"),"R0 harus K5; ","")&IF(AND(LEFT(G15,2)="R1",LEFT(K15,2)="K3"),"R1 tidak boleh K3 (fungsional); ","")&IF(AND(LEFT(G15,2)="R2",LEFT(K15,2)="K5"),"R2 tidak boleh K5; ","")&IF(AND(LEFT(G15,2)="R2",OR(LEFT(F15,2)="S6",LEFT(F15,2)="S7",LEFT(F15,2)="S8")),"R2 tidak boleh S6/S7/S8; ","")&IF(AND(LEFT(G15,2)="R2",OR(LEFT(H15,3)="T02",LEFT(I15,2)="P8")),"T02 atau P8 tidak boleh R2; ","")&IF(AND(LEFT(H15,3)="T01",LEFT(I15,2)<>"P6",N15=""),"T01 biasanya P6; jelaskan di V12; ","")&IF(AND(LEFT(I15,2)="P1",LEFT(K15,2)<>"K4",N15=""),"P1 biasanya K4; jelaskan di V12; ",""))) | R15: =IF(INDEX(Korpus!$B:$B,$A15)="","",INDEX(Korpus!$B:$B,$A15)) -> C. Pembahasan | S15: =IF(INDEX(Korpus!$C:$C,$A15)="","",INDEX(Korpus!$C:$C,$A15)) -> 5. Pentingnya Perlindungan Data Pribadi
A16: 16 | B16: =IF(Petunjuk!$C$4="","",Petunjuk!$C$4) -> Afriansyah | C16: =IF(INDEX(Korpus!$A:$A,$A16)="","",INDEX(Korpus!$A:$A,$A16)) -> 2019MHN201 | D16: =TRIM(INDEX(Korpus!$D:$D,$A16)&" "&INDEX(Korpus!$E:$E,$A16)) -> Paragraf 6 Kalimat 3 | E16: =IF(INDEX(Korpus!$F:$F,$A16)="","",INDEX(Korpus!$F:$F,$A16)) -> 2) Undang-Undang Nomor 11 Tahun 2008 Tentang Informasi dan Transaksi Elektronik | P16: =IF(COUNTA(F16:K16)=6,"Lengkap","Belum lengkap ("&(6-COUNTA(F16:K16))&")") -> Belum lengkap (6) | Q16: =IF(COUNTA(F16:K16)<6,"",IF(IF(AND(LEFT(G16,2)="R0",LEFT(K16,2)<>"K5"),"R0 harus K5; ","")&IF(AND(LEFT(G16,2)="R1",LEFT(K16,2)="K3"),"R1 tidak boleh K3 (fungsional); ","")&IF(AND(LEFT(G16,2)="R2",LEFT(K16,2)="K5"),"R2 tidak boleh K5; ","")&IF(AND(LEFT(G16,2)="R2",OR(LEFT(F16,2)="S6",LEFT(F16,2)="S7",LEFT(F16,2)="S8")),"R2 tidak boleh S6/S7/S8; ","")&IF(AND(LEFT(G16,2)="R2",OR(LEFT(H16,3)="T02",LEFT(I16,2)="P8")),"T02 atau P8 tidak boleh R2; ","")&IF(AND(LEFT(H16,3)="T01",LEFT(I16,2)<>"P6",N16=""),"T01 biasanya P6; jelaskan di V12; ","")&IF(AND(LEFT(I16,2)="P1",LEFT(K16,2)<>"K4",N16=""),"P1 biasanya K4; jelaskan di V12; ","")="","OK",IF(AND(LEFT(G16,2)="R0",LEFT(K16,2)<>"K5"),"R0 harus K5; ","")&IF(AND(LEFT(G16,2)="R1",LEFT(K16,2)="K3"),"R1 tidak boleh K3 (fungsional); ","")&IF(AND(LEFT(G16,2)="R2",LEFT(K16,2)="K5"),"R2 tidak boleh K5; ","")&IF(AND(LEFT(G16,2)="R2",OR(LEFT(F16,2)="S6",LEFT(F16,2)="S7",LEFT(F16,2)="S8")),"R2 tidak boleh S6/S7/S8; ","")&IF(AND(LEFT(G16,2)="R2",OR(LEFT(H16,3)="T02",LEFT(I16,2)="P8")),"T02 atau P8 tidak boleh R2; ","")&IF(AND(LEFT(H16,3)="T01",LEFT(I16,2)<>"P6",N16=""),"T01 biasanya P6; jelaskan di V12; ","")&IF(AND(LEFT(I16,2)="P1",LEFT(K16,2)<>"K4",N16=""),"P1 biasanya K4; jelaskan di V12; ",""))) | R16: =IF(INDEX(Korpus!$B:$B,$A16)="","",INDEX(Korpus!$B:$B,$A16)) -> C. Pembahasan | S16: =IF(INDEX(Korpus!$C:$C,$A16)="","",INDEX(Korpus!$C:$C,$A16)) -> 5. Pentingnya Perlindungan Data Pribadi
A17: 17 | B17: =IF(Petunjuk!$C$4="","",Petunjuk!$C$4) -> Afriansyah | C17: =IF(INDEX(Korpus!$A:$A,$A17)="","",INDEX(Korpus!$A:$A,$A17)) -> 2019MHN201 | D17: =TRIM(INDEX(Korpus!$D:$D,$A17)&" "&INDEX(Korpus!$E:$E,$A17)) -> Paragraf 6 Kalimat 13 | E17: =IF(INDEX(Korpus!$F:$F,$A17)="","",INDEX(Korpus!$F:$F,$A17)) -> 12) Peraturan Menteri Komunikasi dan Informasi Nomor 20 Tahun 2016 Tentang Perlindungan Data Pribadi Dalam Sistem Elektronik | P17: =IF(COUNTA(F17:K17)=6,"Lengkap","Belum lengkap ("&(6-COUNTA(F17:K17))&")") -> Belum lengkap (6) | Q17: =IF(COUNTA(F17:K17)<6,"",IF(IF(AND(LEFT(G17,2)="R0",LEFT(K17,2)<>"K5"),"R0 harus K5; ","")&IF(AND(LEFT(G17,2)="R1",LEFT(K17,2)="K3"),"R1 tidak boleh K3 (fungsional); ","")&IF(AND(LEFT(G17,2)="R2",LEFT(K17,2)="K5"),"R2 tidak boleh K5; ","")&IF(AND(LEFT(G17,2)="R2",OR(LEFT(F17,2)="S6",LEFT(F17,2)="S7",LEFT(F17,2)="S8")),"R2 tidak boleh S6/S7/S8; ","")&IF(AND(LEFT(G17,2)="R2",OR(LEFT(H17,3)="T02",LEFT(I17,2)="P8")),"T02 atau P8 tidak boleh R2; ","")&IF(AND(LEFT(H17,3)="T01",LEFT(I17,2)<>"P6",N17=""),"T01 biasanya P6; jelaskan di V12; ","")&IF(AND(LEFT(I17,2)="P1",LEFT(K17,2)<>"K4",N17=""),"P1 biasanya K4; jelaskan di V12; ","")="","OK",IF(AND(LEFT(G17,2)="R0",LEFT(K17,2)<>"K5"),"R0 harus K5; ","")&IF(AND(LEFT(G17,2)="R1",LEFT(K17,2)="K3"),"R1 tidak boleh K3 (fungsional); ","")&IF(AND(LEFT(G17,2)="R2",LEFT(K17,2)="K5"),"R2 tidak boleh K5; ","")&IF(AND(LEFT(G17,2)="R2",OR(LEFT(F17,2)="S6",LEFT(F17,2)="S7",LEFT(F17,2)="S8")),"R2 tidak boleh S6/S7/S8; ","")&IF(AND(LEFT(G17,2)="R2",OR(LEFT(H17,3)="T02",LEFT(I17,2)="P8")),"T02 atau P8 tidak boleh R2; ","")&IF(AND(LEFT(H17,3)="T01",LEFT(I17,2)<>"P6",N17=""),"T01 biasanya P6; jelaskan di V12; ","")&IF(AND(LEFT(I17,2)="P1",LEFT(K17,2)<>"K4",N17=""),"P1 biasanya K4; jelaskan di V12; ",""))) | R17: =IF(INDEX(Korpus!$B:$B,$A17)="","",INDEX(Korpus!$B:$B,$A17)) -> C. Pembahasan | S17: =IF(INDEX(Korpus!$C:$C,$A17)="","",INDEX(Korpus!$C:$C,$A17)) -> 5. Pentingnya Perlindungan Data Pribadi
A18: 18 | B18: =IF(Petunjuk!$C$4="","",Petunjuk!$C$4) -> Afriansyah | C18: =IF(INDEX(Korpus!$A:$A,$A18)="","",INDEX(Korpus!$A:$A,$A18)) -> 2019MHN201 | D18: =TRIM(INDEX(Korpus!$D:$D,$A18)&" "&INDEX(Korpus!$E:$E,$A18)) -> Paragraf 6 Kalimat 14 | E18: =IF(INDEX(Korpus!$F:$F,$A18)="","",INDEX(Korpus!$F:$F,$A18)) -> 13) Peraturan Pemerintah Nomor 82 Tahun 2012 Tentang Penyelenggaraan Sistem dan Transaksi Elektronik | P18: =IF(COUNTA(F18:K18)=6,"Lengkap","Belum lengkap ("&(6-COUNTA(F18:K18))&")") -> Belum lengkap (6) | Q18: =IF(COUNTA(F18:K18)<6,"",IF(IF(AND(LEFT(G18,2)="R0",LEFT(K18,2)<>"K5"),"R0 harus K5; ","")&IF(AND(LEFT(G18,2)="R1",LEFT(K18,2)="K3"),"R1 tidak boleh K3 (fungsional); ","")&IF(AND(LEFT(G18,2)="R2",LEFT(K18,2)="K5"),"R2 tidak boleh K5; ","")&IF(AND(LEFT(G18,2)="R2",OR(LEFT(F18,2)="S6",LEFT(F18,2)="S7",LEFT(F18,2)="S8")),"R2 tidak boleh S6/S7/S8; ","")&IF(AND(LEFT(G18,2)="R2",OR(LEFT(H18,3)="T02",LEFT(I18,2)="P8")),"T02 atau P8 tidak boleh R2; ","")&IF(AND(LEFT(H18,3)="T01",LEFT(I18,2)<>"P6",N18=""),"T01 biasanya P6; jelaskan di V12; ","")&IF(AND(LEFT(I18,2)="P1",LEFT(K18,2)<>"K4",N18=""),"P1 biasanya K4; jelaskan di V12; ","")="","OK",IF(AND(LEFT(G18,2)="R0",LEFT(K18,2)<>"K5"),"R0 harus K5; ","")&IF(AND(LEFT(G18,2)="R1",LEFT(K18,2)="K3"),"R1 tidak boleh K3 (fungsional); ","")&IF(AND(LEFT(G18,2)="R2",LEFT(K18,2)="K5"),"R2 tidak boleh K5; ","")&IF(AND(LEFT(G18,2)="R2",OR(LEFT(F18,2)="S6",LEFT(F18,2)="S7",LEFT(F18,2)="S8")),"R2 tidak boleh S6/S7/S8; ","")&IF(AND(LEFT(G18,2)="R2",OR(LEFT(H18,3)="T02",LEFT(I18,2)="P8")),"T02 atau P8 tidak boleh R2; ","")&IF(AND(LEFT(H18,3)="T01",LEFT(I18,2)<>"P6",N18=""),"T01 biasanya P6; jelaskan di V12; ","")&IF(AND(LEFT(I18,2)="P1",LEFT(K18,2)<>"K4",N18=""),"P1 biasanya K4; jelaskan di V12; ",""))) | R18: =IF(INDEX(Korpus!$B:$B,$A18)="","",INDEX(Korpus!$B:$B,$A18)) -> C. Pembahasan | S18: =IF(INDEX(Korpus!$C:$C,$A18)="","",INDEX(Korpus!$C:$C,$A18)) -> 5. Pentingnya Perlindungan Data Pribadi
A19: 19 | B19: =IF(Petunjuk!$C$4="","",Petunjuk!$C$4) -> Afriansyah | C19: =IF(INDEX(Korpus!$A:$A,$A19)="","",INDEX(Korpus!$A:$A,$A19)) -> 2019MHN201 | D19: =TRIM(INDEX(Korpus!$D:$D,$A19)&" "&INDEX(Korpus!$E:$E,$A19)) -> Paragraf 6 Kalimat 16 | E19: =IF(INDEX(Korpus!$F:$F,$A19)="","",INDEX(Korpus!$F:$F,$A19)) -> 15) Peraturan Menteri Komunikasi dan Informasi Nomor 4 Tahun 2016 Tentang Sistem Manajemen Pengaman Informasi | P19: =IF(COUNTA(F19:K19)=6,"Lengkap","Belum lengkap ("&(6-COUNTA(F19:K19))&")") -> Belum lengkap (6) | Q19: =IF(COUNTA(F19:K19)<6,"",IF(IF(AND(LEFT(G19,2)="R0",LEFT(K19,2)<>"K5"),"R0 harus K5; ","")&IF(AND(LEFT(G19,2)="R1",LEFT(K19,2)="K3"),"R1 tidak boleh K3 (fungsional); ","")&IF(AND(LEFT(G19,2)="R2",LEFT(K19,2)="K5"),"R2 tidak boleh K5; ","")&IF(AND(LEFT(G19,2)="R2",OR(LEFT(F19,2)="S6",LEFT(F19,2)="S7",LEFT(F19,2)="S8")),"R2 tidak boleh S6/S7/S8; ","")&IF(AND(LEFT(G19,2)="R2",OR(LEFT(H19,3)="T02",LEFT(I19,2)="P8")),"T02 atau P8 tidak boleh R2; ","")&IF(AND(LEFT(H19,3)="T01",LEFT(I19,2)<>"P6",N19=""),"T01 biasanya P6; jelaskan di V12; ","")&IF(AND(LEFT(I19,2)="P1",LEFT(K19,2)<>"K4",N19=""),"P1 biasanya K4; jelaskan di V12; ","")="","OK",IF(AND(LEFT(G19,2)="R0",LEFT(K19,2)<>"K5"),"R0 harus K5; ","")&IF(AND(LEFT(G19,2)="R1",LEFT(K19,2)="K3"),"R1 tidak boleh K3 (fungsional); ","")&IF(AND(LEFT(G19,2)="R2",LEFT(K19,2)="K5"),"R2 tidak boleh K5; ","")&IF(AND(LEFT(G19,2)="R2",OR(LEFT(F19,2)="S6",LEFT(F19,2)="S7",LEFT(F19,2)="S8")),"R2 tidak boleh S6/S7/S8; ","")&IF(AND(LEFT(G19,2)="R2",OR(LEFT(H19,3)="T02",LEFT(I19,2)="P8")),"T02 atau P8 tidak boleh R2; ","")&IF(AND(LEFT(H19,3)="T01",LEFT(I19,2)<>"P6",N19=""),"T01 biasanya P6; jelaskan di V12; ","")&IF(AND(LEFT(I19,2)="P1",LEFT(K19,2)<>"K4",N19=""),"P1 biasanya K4; jelaskan di V12; ",""))) | R19: =IF(INDEX(Korpus!$B:$B,$A19)="","",INDEX(Korpus!$B:$B,$A19)) -> C. Pembahasan | S19: =IF(INDEX(Korpus!$C:$C,$A19)="","",INDEX(Korpus!$C:$C,$A19)) -> 5. Pentingnya Perlindungan Data Pribadi
A20: 20 | B20: =IF(Petunjuk!$C$4="","",Petunjuk!$C$4) -> Afriansyah | C20: =IF(INDEX(Korpus!$A:$A,$A20)="","",INDEX(Korpus!$A:$A,$A20)) -> 2019MHN201 | D20: =TRIM(INDEX(Korpus!$D:$D,$A20)&" "&INDEX(Korpus!$E:$E,$A20)) -> Paragraf 7 Kalimat 2 | E20: =IF(INDEX(Korpus!$F:$F,$A20)="","",INDEX(Korpus!$F:$F,$A20)) -> Dalam Pasal 26 huruf a disebutkan bahwa menjaga kerahasiaan, keutuhan, dan ketersediaan data pribadi, data transaksi, dan data keuangan yang dikelolanya sejak data diperoleh hingga data tersebut dimusnahkan. | P20: =IF(COUNTA(F20:K20)=6,"Lengkap","Belum lengkap ("&(6-COUNTA(F20:K20))&")") -> Belum lengkap (6) | Q20: =IF(COUNTA(F20:K20)<6,"",IF(IF(AND(LEFT(G20,2)="R0",LEFT(K20,2)<>"K5"),"R0 harus K5; ","")&IF(AND(LEFT(G20,2)="R1",LEFT(K20,2)="K3"),"R1 tidak boleh K3 (fungsional); ","")&IF(AND(LEFT(G20,2)="R2",LEFT(K20,2)="K5"),"R2 tidak boleh K5; ","")&IF(AND(LEFT(G20,2)="R2",OR(LEFT(F20,2)="S6",LEFT(F20,2)="S7",LEFT(F20,2)="S8")),"R2 tidak boleh S6/S7/S8; ","")&IF(AND(LEFT(G20,2)="R2",OR(LEFT(H20,3)="T02",LEFT(I20,2)="P8")),"T02 atau P8 tidak boleh R2; ","")&IF(AND(LEFT(H20,3)="T01",LEFT(I20,2)<>"P6",N20=""),"T01 biasanya P6; jelaskan di V12; ","")&IF(AND(LEFT(I20,2)="P1",LEFT(K20,2)<>"K4",N20=""),"P1 biasanya K4; jelaskan di V12; ","")="","OK",IF(AND(LEFT(G20,2)="R0",LEFT(K20,2)<>"K5"),"R0 harus K5; ","")&IF(AND(LEFT(G20,2)="R1",LEFT(K20,2)="K3"),"R1 tidak boleh K3 (fungsional); ","")&IF(AND(LEFT(G20,2)="R2",LEFT(K20,2)="K5"),"R2 tidak boleh K5; ","")&IF(AND(LEFT(G20,2)="R2",OR(LEFT(F20,2)="S6",LEFT(F20,2)="S7",LEFT(F20,2)="S8")),"R2 tidak boleh S6/S7/S8; ","")&IF(AND(LEFT(G20,2)="R2",OR(LEFT(H20,3)="T02",LEFT(I20,2)="P8")),"T02 atau P8 tidak boleh R2; ","")&IF(AND(LEFT(H20,3)="T01",LEFT(I20,2)<>"P6",N20=""),"T01 biasanya P6; jelaskan di V12; ","")&IF(AND(LEFT(I20,2)="P1",LEFT(K20,2)<>"K4",N20=""),"P1 biasanya K4; jelaskan di V12; ",""))) | R20: =IF(INDEX(Korpus!$B:$B,$A20)="","",INDEX(Korpus!$B:$B,$A20)) -> C. Pembahasan | S20: =IF(INDEX(Korpus!$C:$C,$A20)="","",INDEX(Korpus!$C:$C,$A20)) -> 5. Pentingnya Perlindungan Data Pribadi
A21: 21 | B21: =IF(Petunjuk!$C$4="","",Petunjuk!$C$4) -> Afriansyah | C21: =IF(INDEX(Korpus!$A:$A,$A21)="","",INDEX(Korpus!$A:$A,$A21)) -> 2019MHN201 | D21: =TRIM(INDEX(Korpus!$D:$D,$A21)&" "&INDEX(Korpus!$E:$E,$A21)) -> Paragraf 7 Kalimat 3 | E21: =IF(INDEX(Korpus!$F:$F,$A21)="","",INDEX(Korpus!$F:$F,$A21)) -> Selain itu Peraturan OJK Nomor 13 Tahun 2018 Tentang Inovasi Keuangan Digital di Sektor Keuangan, telah memasukkan poin terkait perlindungan dan kerahasiaan data. | F21: S7 - Otoritas Penetap atau Pengawas Kebijakan | I21: P8 - Deskriptif, argumentatif, dan rujukan | J21: F7 - Tata kelola dan hak subjek | O21: Ya | P21: =IF(COUNTA(F21:K21)=6,"Lengkap","Belum lengkap ("&(6-COUNTA(F21:K21))&")") -> Belum lengkap (3) | Q21: =IF(COUNTA(F21:K21)<6,"",IF(IF(AND(LEFT(G21,2)="R0",LEFT(K21,2)<>"K5"),"R0 harus K5; ","")&IF(AND(LEFT(G21,2)="R1",LEFT(K21,2)="K3"),"R1 tidak boleh K3 (fungsional); ","")&IF(AND(LEFT(G21,2)="R2",LEFT(K21,2)="K5"),"R2 tidak boleh K5; ","")&IF(AND(LEFT(G21,2)="R2",OR(LEFT(F21,2)="S6",LEFT(F21,2)="S7",LEFT(F21,2)="S8")),"R2 tidak boleh S6/S7/S8; ","")&IF(AND(LEFT(G21,2)="R2",OR(LEFT(H21,3)="T02",LEFT(I21,2)="P8")),"T02 atau P8 tidak boleh R2; ","")&IF(AND(LEFT(H21,3)="T01",LEFT(I21,2)<>"P6",N21=""),"T01 biasanya P6; jelaskan di V12; ","")&IF(AND(LEFT(I21,2)="P1",LEFT(K21,2)<>"K4",N21=""),"P1 biasanya K4; jelaskan di V12; ","")="","OK",IF(AND(LEFT(G21,2)="R0",LEFT(K21,2)<>"K5"),"R0 harus K5; ","")&IF(AND(LEFT(G21,2)="R1",LEFT(K21,2)="K3"),"R1 tidak boleh K3 (fungsional); ","")&IF(AND(LEFT(G21,2)="R2",LEFT(K21,2)="K5"),"R2 tidak boleh K5; ","")&IF(AND(LEFT(G21,2)="R2",OR(LEFT(F21,2)="S6",LEFT(F21,2)="S7",LEFT(F21,2)="S8")),"R2 tidak boleh S6/S7/S8; ","")&IF(AND(LEFT(G21,2)="R2",OR(LEFT(H21,3)="T02",LEFT(I21,2)="P8")),"T02 atau P8 tidak boleh R2; ","")&IF(AND(LEFT(H21,3)="T01",LEFT(I21,2)<>"P6",N21=""),"T01 biasanya P6; jelaskan di V12; ","")&IF(AND(LEFT(I21,2)="P1",LEFT(K21,2)<>"K4",N21=""),"P1 biasanya K4; jelaskan di V12; ",""))) | R21: =IF(INDEX(Korpus!$B:$B,$A21)="","",INDEX(Korpus!$B:$B,$A21)) -> C. Pembahasan | S21: =IF(INDEX(Korpus!$C:$C,$A21)="","",INDEX(Korpus!$C:$C,$A21)) -> 5. Pentingnya Perlindungan Data Pribadi
A22: 22 | B22: =IF(Petunjuk!$C$4="","",Petunjuk!$C$4) -> Afriansyah | C22: =IF(INDEX(Korpus!$A:$A,$A22)="","",INDEX(Korpus!$A:$A,$A22)) -> 2019MHN201 | D22: =TRIM(INDEX(Korpus!$D:$D,$A22)&" "&INDEX(Korpus!$E:$E,$A22)) -> Paragraf 7 Kalimat 4 | E22: =IF(INDEX(Korpus!$F:$F,$A22)="","",INDEX(Korpus!$F:$F,$A22)) -> Pasal 30 ayat (1) menyebutkan bahwa Penyelenggara wajib menjaga kerahasiaan data pribadi, data transaksi, dan data keuangan yang dikelolanya sejak diperoleh hingga data tersebut dimusnahkan. | P22: =IF(COUNTA(F22:K22)=6,"Lengkap","Belum lengkap ("&(6-COUNTA(F22:K22))&")") -> Belum lengkap (6) | Q22: =IF(COUNTA(F22:K22)<6,"",IF(IF(AND(LEFT(G22,2)="R0",LEFT(K22,2)<>"K5"),"R0 harus K5; ","")&IF(AND(LEFT(G22,2)="R1",LEFT(K22,2)="K3"),"R1 tidak boleh K3 (fungsional); ","")&IF(AND(LEFT(G22,2)="R2",LEFT(K22,2)="K5"),"R2 tidak boleh K5; ","")&IF(AND(LEFT(G22,2)="R2",OR(LEFT(F22,2)="S6",LEFT(F22,2)="S7",LEFT(F22,2)="S8")),"R2 tidak boleh S6/S7/S8; ","")&IF(AND(LEFT(G22,2)="R2",OR(LEFT(H22,3)="T02",LEFT(I22,2)="P8")),"T02 atau P8 tidak boleh R2; ","")&IF(AND(LEFT(H22,3)="T01",LEFT(I22,2)<>"P6",N22=""),"T01 biasanya P6; jelaskan di V12; ","")&IF(AND(LEFT(I22,2)="P1",LEFT(K22,2)<>"K4",N22=""),"P1 biasanya K4; jelaskan di V12; ","")="","OK",IF(AND(LEFT(G22,2)="R0",LEFT(K22,2)<>"K5"),"R0 harus K5; ","")&IF(AND(LEFT(G22,2)="R1",LEFT(K22,2)="K3"),"R1 tidak boleh K3 (fungsional); ","")&IF(AND(LEFT(G22,2)="R2",LEFT(K22,2)="K5"),"R2 tidak boleh K5; ","")&IF(AND(LEFT(G22,2)="R2",OR(LEFT(F22,2)="S6",LEFT(F22,2)="S7",LEFT(F22,2)="S8")),"R2 tidak boleh S6/S7/S8; ","")&IF(AND(LEFT(G22,2)="R2",OR(LEFT(H22,3)="T02",LEFT(I22,2)="P8")),"T02 atau P8 tidak boleh R2; ","")&IF(AND(LEFT(H22,3)="T01",LEFT(I22,2)<>"P6",N22=""),"T01 biasanya P6; jelaskan di V12; ","")&IF(AND(LEFT(I22,2)="P1",LEFT(K22,2)<>"K4",N22=""),"P1 biasanya K4; jelaskan di V12; ",""))) | R22: =IF(INDEX(Korpus!$B:$B,$A22)="","",INDEX(Korpus!$B:$B,$A22)) -> C. Pembahasan | S22: =IF(INDEX(Korpus!$C:$C,$A22)="","",INDEX(Korpus!$C:$C,$A22)) -> 5. Pentingnya Perlindungan Data Pribadi
A23: 23 | B23: =IF(Petunjuk!$C$4="","",Petunjuk!$C$4) -> Afriansyah | C23: =IF(INDEX(Korpus!$A:$A,$A23)="","",INDEX(Korpus!$A:$A,$A23)) -> 2019MHN201 | D23: =TRIM(INDEX(Korpus!$D:$D,$A23)&" "&INDEX(Korpus!$E:$E,$A23)) -> Paragraf 8 Kalimat 1 | E23: =IF(INDEX(Korpus!$F:$F,$A23)="","",INDEX(Korpus!$F:$F,$A23)) -> Banyaknya peraturan yang mengatur tentang perlindungan data pribadi menunjukkan pentingnya data pribadi untuk dilindungi. | P23: =IF(COUNTA(F23:K23)=6,"Lengkap","Belum lengkap ("&(6-COUNTA(F23:K23))&")") -> Belum lengkap (6) | Q23: =IF(COUNTA(F23:K23)<6,"",IF(IF(AND(LEFT(G23,2)="R0",LEFT(K23,2)<>"K5"),"R0 harus K5; ","")&IF(AND(LEFT(G23,2)="R1",LEFT(K23,2)="K3"),"R1 tidak boleh K3 (fungsional); ","")&IF(AND(LEFT(G23,2)="R2",LEFT(K23,2)="K5"),"R2 tidak boleh K5; ","")&IF(AND(LEFT(G23,2)="R2",OR(LEFT(F23,2)="S6",LEFT(F23,2)="S7",LEFT(F23,2)="S8")),"R2 tidak boleh S6/S7/S8; ","")&IF(AND(LEFT(G23,2)="R2",OR(LEFT(H23,3)="T02",LEFT(I23,2)="P8")),"T02 atau P8 tidak boleh R2; ","")&IF(AND(LEFT(H23,3)="T01",LEFT(I23,2)<>"P6",N23=""),"T01 biasanya P6; jelaskan di V12; ","")&IF(AND(LEFT(I23,2)="P1",LEFT(K23,2)<>"K4",N23=""),"P1 biasanya K4; jelaskan di V12; ","")="","OK",IF(AND(LEFT(G23,2)="R0",LEFT(K23,2)<>"K5"),"R0 harus K5; ","")&IF(AND(LEFT(G23,2)="R1",LEFT(K23,2)="K3"),"R1 tidak boleh K3 (fungsional); ","")&IF(AND(LEFT(G23,2)="R2",LEFT(K23,2)="K5"),"R2 tidak boleh K5; ","")&IF(AND(LEFT(G23,2)="R2",OR(LEFT(F23,2)="S6",LEFT(F23,2)="S7",LEFT(F23,2)="S8")),"R2 tidak boleh S6/S7/S8; ","")&IF(AND(LEFT(G23,2)="R2",OR(LEFT(H23,3)="T02",LEFT(I23,2)="P8")),"T02 atau P8 tidak boleh R2; ","")&IF(AND(LEFT(H23,3)="T01",LEFT(I23,2)<>"P6",N23=""),"T01 biasanya P6; jelaskan di V12; ","")&IF(AND(LEFT(I23,2)="P1",LEFT(K23,2)<>"K4",N23=""),"P1 biasanya K4; jelaskan di V12; ",""))) | R23: =IF(INDEX(Korpus!$B:$B,$A23)="","",INDEX(Korpus!$B:$B,$A23)) -> C. Pembahasan | S23: =IF(INDEX(Korpus!$C:$C,$A23)="","",INDEX(Korpus!$C:$C,$A23)) -> 5. Pentingnya Perlindungan Data Pribadi
A24: 24 | B24: =IF(Petunjuk!$C$4="","",Petunjuk!$C$4) -> Afriansyah | C24: =IF(INDEX(Korpus!$A:$A,$A24)="","",INDEX(Korpus!$A:$A,$A24)) -> 2019MHN201 | D24: =TRIM(INDEX(Korpus!$D:$D,$A24)&" "&INDEX(Korpus!$E:$E,$A24)) -> Paragraf 8 Kalimat 3 | E24: =IF(INDEX(Korpus!$F:$F,$A24)="","",INDEX(Korpus!$F:$F,$A24)) -> Oleh karena itu perlu disusun suatu undang-undang yang secara khusus dapat memberikan perlindungan data pribadi. | P24: =IF(COUNTA(F24:K24)=6,"Lengkap","Belum lengkap ("&(6-COUNTA(F24:K24))&")") -> Belum lengkap (6) | Q24: =IF(COUNTA(F24:K24)<6,"",IF(IF(AND(LEFT(G24,2)="R0",LEFT(K24,2)<>"K5"),"R0 harus K5; ","")&IF(AND(LEFT(G24,2)="R1",LEFT(K24,2)="K3"),"R1 tidak boleh K3 (fungsional); ","")&IF(AND(LEFT(G24,2)="R2",LEFT(K24,2)="K5"),"R2 tidak boleh K5; ","")&IF(AND(LEFT(G24,2)="R2",OR(LEFT(F24,2)="S6",LEFT(F24,2)="S7",LEFT(F24,2)="S8")),"R2 tidak boleh S6/S7/S8; ","")&IF(AND(LEFT(G24,2)="R2",OR(LEFT(H24,3)="T02",LEFT(I24,2)="P8")),"T02 atau P8 tidak boleh R2; ","")&IF(AND(LEFT(H24,3)="T01",LEFT(I24,2)<>"P6",N24=""),"T01 biasanya P6; jelaskan di V12; ","")&IF(AND(LEFT(I24,2)="P1",LEFT(K24,2)<>"K4",N24=""),"P1 biasanya K4; jelaskan di V12; ","")="","OK",IF(AND(LEFT(G24,2)="R0",LEFT(K24,2)<>"K5"),"R0 harus K5; ","")&IF(AND(LEFT(G24,2)="R1",LEFT(K24,2)="K3"),"R1 tidak boleh K3 (fungsional); ","")&IF(AND(LEFT(G24,2)="R2",LEFT(K24,2)="K5"),"R2 tidak boleh K5; ","")&IF(AND(LEFT(G24,2)="R2",OR(LEFT(F24,2)="S6",LEFT(F24,2)="S7",LEFT(F24,2)="S8")),"R2 tidak boleh S6/S7/S8; ","")&IF(AND(LEFT(G24,2)="R2",OR(LEFT(H24,3)="T02",LEFT(I24,2)="P8")),"T02 atau P8 tidak boleh R2; ","")&IF(AND(LEFT(H24,3)="T01",LEFT(I24,2)<>"P6",N24=""),"T01 biasanya P6; jelaskan di V12; ","")&IF(AND(LEFT(I24,2)="P1",LEFT(K24,2)<>"K4",N24=""),"P1 biasanya K4; jelaskan di V12; ",""))) | R24: =IF(INDEX(Korpus!$B:$B,$A24)="","",INDEX(Korpus!$B:$B,$A24)) -> C. Pembahasan | S24: =IF(INDEX(Korpus!$C:$C,$A24)="","",INDEX(Korpus!$C:$C,$A24)) -> 5. Pentingnya Perlindungan Data Pribadi
A25: 25 | B25: =IF(Petunjuk!$C$4="","",Petunjuk!$C$4) -> Afriansyah | C25: =IF(INDEX(Korpus!$A:$A,$A25)="","",INDEX(Korpus!$A:$A,$A25)) -> 2019MHN201 | D25: =TRIM(INDEX(Korpus!$D:$D,$A25)&" "&INDEX(Korpus!$E:$E,$A25)) -> Paragraf 1 Kalimat 3 | E25: =IF(INDEX(Korpus!$F:$F,$A25)="","",INDEX(Korpus!$F:$F,$A25)) -> Selain itu juga sudah ada Peraturan Menteri Nomor 20 Tahun 2016 tentang Perlindungan Data Pribadi namun belum cukup memberikan perlindungan kepada konsumen. | F25: S7 - Otoritas Penetap atau Pengawas Kebijakan | J25: F7 - Tata kelola dan hak subjek | K25: K4 - Batasan atau aturan bisnis hukum. Apakah teks membatasi apa yang boleh dilakukan sistem, atau apa dan siapa yang tercakup? | O25: Ya | P25: =IF(COUNTA(F25:K25)=6,"Lengkap","Belum lengkap ("&(6-COUNTA(F25:K25))&")") -> Belum lengkap (3) | Q25: =IF(COUNTA(F25:K25)<6,"",IF(IF(AND(LEFT(G25,2)="R0",LEFT(K25,2)<>"K5"),"R0 harus K5; ","")&IF(AND(LEFT(G25,2)="R1",LEFT(K25,2)="K3"),"R1 tidak boleh K3 (fungsional); ","")&IF(AND(LEFT(G25,2)="R2",LEFT(K25,2)="K5"),"R2 tidak boleh K5; ","")&IF(AND(LEFT(G25,2)="R2",OR(LEFT(F25,2)="S6",LEFT(F25,2)="S7",LEFT(F25,2)="S8")),"R2 tidak boleh S6/S7/S8; ","")&IF(AND(LEFT(G25,2)="R2",OR(LEFT(H25,3)="T02",LEFT(I25,2)="P8")),"T02 atau P8 tidak boleh R2; ","")&IF(AND(LEFT(H25,3)="T01",LEFT(I25,2)<>"P6",N25=""),"T01 biasanya P6; jelaskan di V12; ","")&IF(AND(LEFT(I25,2)="P1",LEFT(K25,2)<>"K4",N25=""),"P1 biasanya K4; jelaskan di V12; ","")="","OK",IF(AND(LEFT(G25,2)="R0",LEFT(K25,2)<>"K5"),"R0 harus K5; ","")&IF(AND(LEFT(G25,2)="R1",LEFT(K25,2)="K3"),"R1 tidak boleh K3 (fungsional); ","")&IF(AND(LEFT(G25,2)="R2",LEFT(K25,2)="K5"),"R2 tidak boleh K5; ","")&IF(AND(LEFT(G25,2)="R2",OR(LEFT(F25,2)="S6",LEFT(F25,2)="S7",LEFT(F25,2)="S8")),"R2 tidak boleh S6/S7/S8; ","")&IF(AND(LEFT(G25,2)="R2",OR(LEFT(H25,3)="T02",LEFT(I25,2)="P8")),"T02 atau P8 tidak boleh R2; ","")&IF(AND(LEFT(H25,3)="T01",LEFT(I25,2)<>"P6",N25=""),"T01 biasanya P6; jelaskan di V12; ","")&IF(AND(LEFT(I25,2)="P1",LEFT(K25,2)<>"K4",N25=""),"P1 biasanya K4; jelaskan di V12; ",""))) | R25: =IF(INDEX(Korpus!$B:$B,$A25)="","",INDEX(Korpus!$B:$B,$A25)) -> D. Penutup | S25: =IF(INDEX(Korpus!$C:$C,$A25)="","",INDEX(Korpus!$C:$C,$A25))
A26: 26 | B26: =IF(Petunjuk!$C$4="","",Petunjuk!$C$4) -> Afriansyah | C26: =IF(INDEX(Korpus!$A:$A,$A26)="","",INDEX(Korpus!$A:$A,$A26)) -> 2019MHN201 | D26: =TRIM(INDEX(Korpus!$D:$D,$A26)&" "&INDEX(Korpus!$E:$E,$A26)) -> Paragraf 1 Kalimat 4 | E26: =IF(INDEX(Korpus!$F:$F,$A26)="","",INDEX(Korpus!$F:$F,$A26)) -> Oleh karenanya Pemerintah perlu segera memberikan perlindungan data pribadi nasabah agar tidak disalahgunakan. | P26: =IF(COUNTA(F26:K26)=6,"Lengkap","Belum lengkap ("&(6-COUNTA(F26:K26))&")") -> Belum lengkap (6) | Q26: =IF(COUNTA(F26:K26)<6,"",IF(IF(AND(LEFT(G26,2)="R0",LEFT(K26,2)<>"K5"),"R0 harus K5; ","")&IF(AND(LEFT(G26,2)="R1",LEFT(K26,2)="K3"),"R1 tidak boleh K3 (fungsional); ","")&IF(AND(LEFT(G26,2)="R2",LEFT(K26,2)="K5"),"R2 tidak boleh K5; ","")&IF(AND(LEFT(G26,2)="R2",OR(LEFT(F26,2)="S6",LEFT(F26,2)="S7",LEFT(F26,2)="S8")),"R2 tidak boleh S6/S7/S8; ","")&IF(AND(LEFT(G26,2)="R2",OR(LEFT(H26,3)="T02",LEFT(I26,2)="P8")),"T02 atau P8 tidak boleh R2; ","")&IF(AND(LEFT(H26,3)="T01",LEFT(I26,2)<>"P6",N26=""),"T01 biasanya P6; jelaskan di V12; ","")&IF(AND(LEFT(I26,2)="P1",LEFT(K26,2)<>"K4",N26=""),"P1 biasanya K4; jelaskan di V12; ","")="","OK",IF(AND(LEFT(G26,2)="R0",LEFT(K26,2)<>"K5"),"R0 harus K5; ","")&IF(AND(LEFT(G26,2)="R1",LEFT(K26,2)="K3"),"R1 tidak boleh K3 (fungsional); ","")&IF(AND(LEFT(G26,2)="R2",LEFT(K26,2)="K5"),"R2 tidak boleh K5; ","")&IF(AND(LEFT(G26,2)="R2",OR(LEFT(F26,2)="S6",LEFT(F26,2)="S7",LEFT(F26,2)="S8")),"R2 tidak boleh S6/S7/S8; ","")&IF(AND(LEFT(G26,2)="R2",OR(LEFT(H26,3)="T02",LEFT(I26,2)="P8")),"T02 atau P8 tidak boleh R2; ","")&IF(AND(LEFT(H26,3)="T01",LEFT(I26,2)<>"P6",N26=""),"T01 biasanya P6; jelaskan di V12; ","")&IF(AND(LEFT(I26,2)="P1",LEFT(K26,2)<>"K4",N26=""),"P1 biasanya K4; jelaskan di V12; ",""))) | R26: =IF(INDEX(Korpus!$B:$B,$A26)="","",INDEX(Korpus!$B:$B,$A26)) -> D. Penutup | S26: =IF(INDEX(Korpus!$C:$C,$A26)="","",INDEX(Korpus!$C:$C,$A26))
A27: 27 | B27: =IF(Petunjuk!$C$4="","",Petunjuk!$C$4) -> Afriansyah | C27: =IF(INDEX(Korpus!$A:$A,$A27)="","",INDEX(Korpus!$A:$A,$A27)) -> UU 23 Thn 2002 (Perlindungan Anak) | D27: =TRIM(INDEX(Korpus!$D:$D,$A27)&" "&INDEX(Korpus!$E:$E,$A27)) -> Pasal 27 | E27: =IF(INDEX(Korpus!$F:$F,$A27)="","",INDEX(Korpus!$F:$F,$A27)) -> (1) Identitas diri setiap anak harus diberikan sejak kelahirannya.(2) Identitas sebagaimana dimaksud dalam ayat (1) dituangkan dalam akta kelahiran.(3) Pembuatan akta kelahiran didasarkan pada surat keterangan dari orang yang menyaksikan dan/atau membantu proses kelahiran. Dalam hal anak yang proses kelahirannya tidak diketahui, dan orang tuanya tidak diketahui keberadaannya, pembuatan akta kelahiran untuk anak tersebut didasarkan pada keterangan orang yang menemukannya. | P27: =IF(COUNTA(F27:K27)=6,"Lengkap","Belum lengkap ("&(6-COUNTA(F27:K27))&")") -> Belum lengkap (6) | Q27: =IF(COUNTA(F27:K27)<6,"",IF(IF(AND(LEFT(G27,2)="R0",LEFT(K27,2)<>"K5"),"R0 harus K5; ","")&IF(AND(LEFT(G27,2)="R1",LEFT(K27,2)="K3"),"R1 tidak boleh K3 (fungsional); ","")&IF(AND(LEFT(G27,2)="R2",LEFT(K27,2)="K5"),"R2 tidak boleh K5; ","")&IF(AND(LEFT(G27,2)="R2",OR(LEFT(F27,2)="S6",LEFT(F27,2)="S7",LEFT(F27,2)="S8")),"R2 tidak boleh S6/S7/S8; ","")&IF(AND(LEFT(G27,2)="R2",OR(LEFT(H27,3)="T02",LEFT(I27,2)="P8")),"T02 atau P8 tidak boleh R2; ","")&IF(AND(LEFT(H27,3)="T01",LEFT(I27,2)<>"P6",N27=""),"T01 biasanya P6; jelaskan di V12; ","")&IF(AND(LEFT(I27,2)="P1",LEFT(K27,2)<>"K4",N27=""),"P1 biasanya K4; jelaskan di V12; ","")="","OK",IF(AND(LEFT(G27,2)="R0",LEFT(K27,2)<>"K5"),"R0 harus K5; ","")&IF(AND(LEFT(G27,2)="R1",LEFT(K27,2)="K3"),"R1 tidak boleh K3 (fungsional); ","")&IF(AND(LEFT(G27,2)="R2",LEFT(K27,2)="K5"),"R2 tidak boleh K5; ","")&IF(AND(LEFT(G27,2)="R2",OR(LEFT(F27,2)="S6",LEFT(F27,2)="S7",LEFT(F27,2)="S8")),"R2 tidak boleh S6/S7/S8; ","")&IF(AND(LEFT(G27,2)="R2",OR(LEFT(H27,3)="T02",LEFT(I27,2)="P8")),"T02 atau P8 tidak boleh R2; ","")&IF(AND(LEFT(H27,3)="T01",LEFT(I27,2)<>"P6",N27=""),"T01 biasanya P6; jelaskan di V12; ","")&IF(AND(LEFT(I27,2)="P1",LEFT(K27,2)<>"K4",N27=""),"P1 biasanya K4; jelaskan di V12; ",""))) | R27: =IF(INDEX(Korpus!$B:$B,$A27)="","",INDEX(Korpus!$B:$B,$A27)) -> BAB V KEDUDUKAN ANAK | S27: =IF(INDEX(Korpus!$C:$C,$A27)="","",INDEX(Korpus!$C:$C,$A27)) -> Bagian Kesatu Identitas Anak
A28: 28 | B28: =IF(Petunjuk!$C$4="","",Petunjuk!$C$4) -> Afriansyah | C28: =IF(INDEX(Korpus!$A:$A,$A28)="","",INDEX(Korpus!$A:$A,$A28)) -> UU 27 Thn 2022 (PDP) | D28: =TRIM(INDEX(Korpus!$D:$D,$A28)&" "&INDEX(Korpus!$E:$E,$A28)) -> Pasal 1 | E28: =IF(INDEX(Korpus!$F:$F,$A28)="","",INDEX(Korpus!$F:$F,$A28)) -> Dalam Undang-Undang ini yang dimaksud dengan: 1. Data Pribadi adalah data tentang orang perseorangan yang teridentifikasi atau dapat diidentifikasi secara tersendiri atau dikombinasi dengan informasi lainnya baik secara langsung maupun tidak langsung melalui sistem elektronik atau nonelektronik. 2. Pelindungan Data Pribadi adalah keseluruhan upaya untuk melindungi Data Pribadi dalam rangkaian pemrosesan Data Pribadi guna menjamin hak konstitusional subjek Data Pribadi. 3. Informasi adalah keterangan, pernyataan, gagasan, dan tanda-tanda yang mengandung nilai, makna, dan pesan, baik data, fakta, maupun penjelasannya yang dapat dilihat, didengar, dan dibaca yang disajikan dalam berbagai kemasan dan format sesuai dengan perkembangan teknologi informasi dan komunikasi secara elektronik ataupun nonelektronik. 4. Pengendali Data Pribadi adalah setiap orang, badan publik, dan organisasi internasional yang bertindak sendiri-sendiri atau bersama-sama dalam menentukan tujuan dan melakukan kendali pemrosesan Data Pribadi. 5. Prosesor Data Pribadi adalah setiap orang, badan publik, dan organisasi internasional yang bertindak sendiri-sendiri atau bersama-sama dalam melakukan pemrosesan Data Pribadi atas nama Pengendali Data Pribadi. 6. Subjek Data Pribadi adalah orang perseorangan yang pada dirinya melekat Data Pribadi. 7. Setiap Orang adalah orang perseorangan atau korporasi. 8. Korporasi adalah kumpulan orang dan/ atau kekayaan yang terorganisasi baik yang berbadan hukum maupun tidak berbadan hukum. 9. Badan Publik adalah lembaga eksekutif, legislatif, yudikatif, dan badan lain yang fungsi dan tugas pokoknya berkaitan dengan penyelenggaraan negara, yang sebagian atau seluruh dananya bersumber dari Anggaran Pendapatan dan Belanja Negara dan/ atau Anggaran Pendapatan dan Belanja Daerah, atau organisasi nonpemerintah sepanjang sebagian atau seluruh dananya bersumber dari Anggaran Pendapatan dan Belanja Negara dan/ atau Anggaran. Pendapatan dan Belanja Daerah, sumbangan masyarakat, dan/atau luar negeri. 10. Organisasi Internasional adalah organisasi yang diakui sebagai subjek hukum internasional dan mempunyai kapasitas untuk membuat perjanjian internasional. | P28: =IF(COUNTA(F28:K28)=6,"Lengkap","Belum lengkap ("&(6-COUNTA(F28:K28))&")") -> Belum lengkap (6) | Q28: =IF(COUNTA(F28:K28)<6,"",IF(IF(AND(LEFT(G28,2)="R0",LEFT(K28,2)<>"K5"),"R0 harus K5; ","")&IF(AND(LEFT(G28,2)="R1",LEFT(K28,2)="K3"),"R1 tidak boleh K3 (fungsional); ","")&IF(AND(LEFT(G28,2)="R2",LEFT(K28,2)="K5"),"R2 tidak boleh K5; ","")&IF(AND(LEFT(G28,2)="R2",OR(LEFT(F28,2)="S6",LEFT(F28,2)="S7",LEFT(F28,2)="S8")),"R2 tidak boleh S6/S7/S8; ","")&IF(AND(LEFT(G28,2)="R2",OR(LEFT(H28,3)="T02",LEFT(I28,2)="P8")),"T02 atau P8 tidak boleh R2; ","")&IF(AND(LEFT(H28,3)="T01",LEFT(I28,2)<>"P6",N28=""),"T01 biasanya P6; jelaskan di V12; ","")&IF(AND(LEFT(I28,2)="P1",LEFT(K28,2)<>"K4",N28=""),"P1 biasanya K4; jelaskan di V12; ","")="","OK",IF(AND(LEFT(G28,2)="R0",LEFT(K28,2)<>"K5"),"R0 harus K5; ","")&IF(AND(LEFT(G28,2)="R1",LEFT(K28,2)="K3"),"R1 tidak boleh K3 (fungsional); ","")&IF(AND(LEFT(G28,2)="R2",LEFT(K28,2)="K5"),"R2 tidak boleh K5; ","")&IF(AND(LEFT(G28,2)="R2",OR(LEFT(F28,2)="S6",LEFT(F28,2)="S7",LEFT(F28,2)="S8")),"R2 tidak boleh S6/S7/S8; ","")&IF(AND(LEFT(G28,2)="R2",OR(LEFT(H28,3)="T02",LEFT(I28,2)="P8")),"T02 atau P8 tidak boleh R2; ","")&IF(AND(LEFT(H28,3)="T01",LEFT(I28,2)<>"P6",N28=""),"T01 biasanya P6; jelaskan di V12; ","")&IF(AND(LEFT(I28,2)="P1",LEFT(K28,2)<>"K4",N28=""),"P1 biasanya K4; jelaskan di V12; ",""))) | R28: =IF(INDEX(Korpus!$B:$B,$A28)="","",INDEX(Korpus!$B:$B,$A28)) -> BAB I KETENTUAN UMUM | S28: =IF(INDEX(Korpus!$C:$C,$A28)="","",INDEX(Korpus!$C:$C,$A28))
A29: 29 | B29: =IF(Petunjuk!$C$4="","",Petunjuk!$C$4) -> Afriansyah | C29: =IF(INDEX(Korpus!$A:$A,$A29)="","",INDEX(Korpus!$A:$A,$A29)) -> UU 27 Thn 2022 (PDP) | D29: =TRIM(INDEX(Korpus!$D:$D,$A29)&" "&INDEX(Korpus!$E:$E,$A29)) -> Pasal 2 | E29: =IF(INDEX(Korpus!$F:$F,$A29)="","",INDEX(Korpus!$F:$F,$A29)) -> (1) Undang-Undang ini berlaku untuk Setiap Orang, Badan Publik, dan Organisasi Internasional yang melakukan perbuatan hukum sebagaimana diatur dalam Undang-Undang ini: a. yang berada di wilayah hukum Negara Republik Indonesia; dan b. di luar wilayah hukum Negara Republik Indonesia, yang memiliki akibat hukum: 1. di wilayah hukum Negara Republik Indonesia; dan/atau 2. bagi Subjek Data Pribadi warga negara Indonesia di luar wilayah hukum Negara Republik Indonesia.(2) Undang-Undang ini tidak berlaku untuk pemrosesan Data Pribadi oleh orang perseorangan dalam kegiatan pribadi atau rumah tangga. | P29: =IF(COUNTA(F29:K29)=6,"Lengkap","Belum lengkap ("&(6-COUNTA(F29:K29))&")") -> Belum lengkap (6) | Q29: =IF(COUNTA(F29:K29)<6,"",IF(IF(AND(LEFT(G29,2)="R0",LEFT(K29,2)<>"K5"),"R0 harus K5; ","")&IF(AND(LEFT(G29,2)="R1",LEFT(K29,2)="K3"),"R1 tidak boleh K3 (fungsional); ","")&IF(AND(LEFT(G29,2)="R2",LEFT(K29,2)="K5"),"R2 tidak boleh K5; ","")&IF(AND(LEFT(G29,2)="R2",OR(LEFT(F29,2)="S6",LEFT(F29,2)="S7",LEFT(F29,2)="S8")),"R2 tidak boleh S6/S7/S8; ","")&IF(AND(LEFT(G29,2)="R2",OR(LEFT(H29,3)="T02",LEFT(I29,2)="P8")),"T02 atau P8 tidak boleh R2; ","")&IF(AND(LEFT(H29,3)="T01",LEFT(I29,2)<>"P6",N29=""),"T01 biasanya P6; jelaskan di V12; ","")&IF(AND(LEFT(I29,2)="P1",LEFT(K29,2)<>"K4",N29=""),"P1 biasanya K4; jelaskan di V12; ","")="","OK",IF(AND(LEFT(G29,2)="R0",LEFT(K29,2)<>"K5"),"R0 harus K5; ","")&IF(AND(LEFT(G29,2)="R1",LEFT(K29,2)="K3"),"R1 tidak boleh K3 (fungsional); ","")&IF(AND(LEFT(G29,2)="R2",LEFT(K29,2)="K5"),"R2 tidak boleh K5; ","")&IF(AND(LEFT(G29,2)="R2",OR(LEFT(F29,2)="S6",LEFT(F29,2)="S7",LEFT(F29,2)="S8")),"R2 tidak boleh S6/S7/S8; ","")&IF(AND(LEFT(G29,2)="R2",OR(LEFT(H29,3)="T02",LEFT(I29,2)="P8")),"T02 atau P8 tidak boleh R2; ","")&IF(AND(LEFT(H29,3)="T01",LEFT(I29,2)<>"P6",N29=""),"T01 biasanya P6; jelaskan di V12; ","")&IF(AND(LEFT(I29,2)="P1",LEFT(K29,2)<>"K4",N29=""),"P1 biasanya K4; jelaskan di V12; ",""))) | R29: =IF(INDEX(Korpus!$B:$B,$A29)="","",INDEX(Korpus!$B:$B,$A29)) -> BAB I KETENTUAN UMUM | S29: =IF(INDEX(Korpus!$C:$C,$A29)="","",INDEX(Korpus!$C:$C,$A29))
A30: 30 | B30: =IF(Petunjuk!$C$4="","",Petunjuk!$C$4) -> Afriansyah | C30: =IF(INDEX(Korpus!$A:$A,$A30)="","",INDEX(Korpus!$A:$A,$A30)) -> UU 27 Thn 2022 (PDP) | D30: =TRIM(INDEX(Korpus!$D:$D,$A30)&" "&INDEX(Korpus!$E:$E,$A30)) -> Pasal 3 | E30: =IF(INDEX(Korpus!$F:$F,$A30)="","",INDEX(Korpus!$F:$F,$A30)) -> a. perlindungan; b. kepastian hukum; c. kepentingan umum; d. Kemanfaatan; e. Kehati-hatian; f. Keseimbangan; g. Pertanggungjawaban; dan h. kerahasiaan. | O30: Ya | P30: =IF(COUNTA(F30:K30)=6,"Lengkap","Belum lengkap ("&(6-COUNTA(F30:K30))&")") -> Belum lengkap (6) | Q30: =IF(COUNTA(F30:K30)<6,"",IF(IF(AND(LEFT(G30,2)="R0",LEFT(K30,2)<>"K5"),"R0 harus K5; ","")&IF(AND(LEFT(G30,2)="R1",LEFT(K30,2)="K3"),"R1 tidak boleh K3 (fungsional); ","")&IF(AND(LEFT(G30,2)="R2",LEFT(K30,2)="K5"),"R2 tidak boleh K5; ","")&IF(AND(LEFT(G30,2)="R2",OR(LEFT(F30,2)="S6",LEFT(F30,2)="S7",LEFT(F30,2)="S8")),"R2 tidak boleh S6/S7/S8; ","")&IF(AND(LEFT(G30,2)="R2",OR(LEFT(H30,3)="T02",LEFT(I30,2)="P8")),"T02 atau P8 tidak boleh R2; ","")&IF(AND(LEFT(H30,3)="T01",LEFT(I30,2)<>"P6",N30=""),"T01 biasanya P6; jelaskan di V12; ","")&IF(AND(LEFT(I30,2)="P1",LEFT(K30,2)<>"K4",N30=""),"P1 biasanya K4; jelaskan di V12; ","")="","OK",IF(AND(LEFT(G30,2)="R0",LEFT(K30,2)<>"K5"),"R0 harus K5; ","")&IF(AND(LEFT(G30,2)="R1",LEFT(K30,2)="K3"),"R1 tidak boleh K3 (fungsional); ","")&IF(AND(LEFT(G30,2)="R2",LEFT(K30,2)="K5"),"R2 tidak boleh K5; ","")&IF(AND(LEFT(G30,2)="R2",OR(LEFT(F30,2)="S6",LEFT(F30,2)="S7",LEFT(F30,2)="S8")),"R2 tidak boleh S6/S7/S8; ","")&IF(AND(LEFT(G30,2)="R2",OR(LEFT(H30,3)="T02",LEFT(I30,2)="P8")),"T02 atau P8 tidak boleh R2; ","")&IF(AND(LEFT(H30,3)="T01",LEFT(I30,2)<>"P6",N30=""),"T01 biasanya P6; jelaskan di V12; ","")&IF(AND(LEFT(I30,2)="P1",LEFT(K30,2)<>"K4",N30=""),"P1 biasanya K4; jelaskan di V12; ",""))) | R30: =IF(INDEX(Korpus!$B:$B,$A30)="","",INDEX(Korpus!$B:$B,$A30)) -> BAB II ASAS | S30: =IF(INDEX(Korpus!$C:$C,$A30)="","",INDEX(Korpus!$C:$C,$A30))
A31: 31 | B31: =IF(Petunjuk!$C$4="","",Petunjuk!$C$4) -> Afriansyah | C31: =IF(INDEX(Korpus!$A:$A,$A31)="","",INDEX(Korpus!$A:$A,$A31)) -> UU 27 Thn 2022 (PDP) | D31: =TRIM(INDEX(Korpus!$D:$D,$A31)&" "&INDEX(Korpus!$E:$E,$A31)) -> Pasal 4 | E31: =IF(INDEX(Korpus!$F:$F,$A31)="","",INDEX(Korpus!$F:$F,$A31)) -> (1) Data Pribadi terdiri atas: a. Data Pribadi yang bersifat spesifik; danb. Data Pribadi yang bersifat umum.(2) Data Pribadi yang bersifat spesifik sebagaimana dimaksud pada ayat (l) huruf a meliputi: a. Data dan informasi kesehatan; b. Data biometrik; c. Data genetika; d. Catatan kejahatan; e. Data anak; f. Data keterangan pribadi; dan/ atau g. Data lainnya sesuai dengan ketentuan peraturan perundang-undangan.(3) Data Pribadi yang bersifat umum sebagaimana dimaksud pada ayat (l) huruf b meliputi: a. Nama lengkap; b. Jenis kelamin; c. Kewarganegaraan; d. Agama; e. Status perkawinan; dan/ atau f. Data Pribadi yang dikombinasikan untuk mengidentifikasi seseorang. | P31: =IF(COUNTA(F31:K31)=6,"Lengkap","Belum lengkap ("&(6-COUNTA(F31:K31))&")") -> Belum lengkap (6) | Q31: =IF(COUNTA(F31:K31)<6,"",IF(IF(AND(LEFT(G31,2)="R0",LEFT(K31,2)<>"K5"),"R0 harus K5; ","")&IF(AND(LEFT(G31,2)="R1",LEFT(K31,2)="K3"),"R1 tidak boleh K3 (fungsional); ","")&IF(AND(LEFT(G31,2)="R2",LEFT(K31,2)="K5"),"R2 tidak boleh K5; ","")&IF(AND(LEFT(G31,2)="R2",OR(LEFT(F31,2)="S6",LEFT(F31,2)="S7",LEFT(F31,2)="S8")),"R2 tidak boleh S6/S7/S8; ","")&IF(AND(LEFT(G31,2)="R2",OR(LEFT(H31,3)="T02",LEFT(I31,2)="P8")),"T02 atau P8 tidak boleh R2; ","")&IF(AND(LEFT(H31,3)="T01",LEFT(I31,2)<>"P6",N31=""),"T01 biasanya P6; jelaskan di V12; ","")&IF(AND(LEFT(I31,2)="P1",LEFT(K31,2)<>"K4",N31=""),"P1 biasanya K4; jelaskan di V12; ","")="","OK",IF(AND(LEFT(G31,2)="R0",LEFT(K31,2)<>"K5"),"R0 harus K5; ","")&IF(AND(LEFT(G31,2)="R1",LEFT(K31,2)="K3"),"R1 tidak boleh K3 (fungsional); ","")&IF(AND(LEFT(G31,2)="R2",LEFT(K31,2)="K5"),"R2 tidak boleh K5; ","")&IF(AND(LEFT(G31,2)="R2",OR(LEFT(F31,2)="S6",LEFT(F31,2)="S7",LEFT(F31,2)="S8")),"R2 tidak boleh S6/S7/S8; ","")&IF(AND(LEFT(G31,2)="R2",OR(LEFT(H31,3)="T02",LEFT(I31,2)="P8")),"T02 atau P8 tidak boleh R2; ","")&IF(AND(LEFT(H31,3)="T01",LEFT(I31,2)<>"P6",N31=""),"T01 biasanya P6; jelaskan di V12; ","")&IF(AND(LEFT(I31,2)="P1",LEFT(K31,2)<>"K4",N31=""),"P1 biasanya K4; jelaskan di V12; ",""))) | R31: =IF(INDEX(Korpus!$B:$B,$A31)="","",INDEX(Korpus!$B:$B,$A31)) -> BAB III JENIS DATA PRIBADI | S31: =IF(INDEX(Korpus!$C:$C,$A31)="","",INDEX(Korpus!$C:$C,$A31))
A32: 32 | B32: =IF(Petunjuk!$C$4="","",Petunjuk!$C$4) -> Afriansyah | C32: =IF(INDEX(Korpus!$A:$A,$A32)="","",INDEX(Korpus!$A:$A,$A32)) -> UU 27 Thn 2022 (PDP) | D32: =TRIM(INDEX(Korpus!$D:$D,$A32)&" "&INDEX(Korpus!$E:$E,$A32)) -> Pasal 5 | E32: =IF(INDEX(Korpus!$F:$F,$A32)="","",INDEX(Korpus!$F:$F,$A32)) -> Subjek Data Pribadi berhak mendapatkan Informasi tentang kejelasan identitas, dasar kepentingan hukum, tujuan permintaan dan penggunaan Data Pribadi, dan akuntabilitas pihak yang meminta Data Pribadi. | P32: =IF(COUNTA(F32:K32)=6,"Lengkap","Belum lengkap ("&(6-COUNTA(F32:K32))&")") -> Belum lengkap (6) | Q32: =IF(COUNTA(F32:K32)<6,"",IF(IF(AND(LEFT(G32,2)="R0",LEFT(K32,2)<>"K5"),"R0 harus K5; ","")&IF(AND(LEFT(G32,2)="R1",LEFT(K32,2)="K3"),"R1 tidak boleh K3 (fungsional); ","")&IF(AND(LEFT(G32,2)="R2",LEFT(K32,2)="K5"),"R2 tidak boleh K5; ","")&IF(AND(LEFT(G32,2)="R2",OR(LEFT(F32,2)="S6",LEFT(F32,2)="S7",LEFT(F32,2)="S8")),"R2 tidak boleh S6/S7/S8; ","")&IF(AND(LEFT(G32,2)="R2",OR(LEFT(H32,3)="T02",LEFT(I32,2)="P8")),"T02 atau P8 tidak boleh R2; ","")&IF(AND(LEFT(H32,3)="T01",LEFT(I32,2)<>"P6",N32=""),"T01 biasanya P6; jelaskan di V12; ","")&IF(AND(LEFT(I32,2)="P1",LEFT(K32,2)<>"K4",N32=""),"P1 biasanya K4; jelaskan di V12; ","")="","OK",IF(AND(LEFT(G32,2)="R0",LEFT(K32,2)<>"K5"),"R0 harus K5; ","")&IF(AND(LEFT(G32,2)="R1",LEFT(K32,2)="K3"),"R1 tidak boleh K3 (fungsional); ","")&IF(AND(LEFT(G32,2)="R2",LEFT(K32,2)="K5"),"R2 tidak boleh K5; ","")&IF(AND(LEFT(G32,2)="R2",OR(LEFT(F32,2)="S6",LEFT(F32,2)="S7",LEFT(F32,2)="S8")),"R2 tidak boleh S6/S7/S8; ","")&IF(AND(LEFT(G32,2)="R2",OR(LEFT(H32,3)="T02",LEFT(I32,2)="P8")),"T02 atau P8 tidak boleh R2; ","")&IF(AND(LEFT(H32,3)="T01",LEFT(I32,2)<>"P6",N32=""),"T01 biasanya P6; jelaskan di V12; ","")&IF(AND(LEFT(I32,2)="P1",LEFT(K32,2)<>"K4",N32=""),"P1 biasanya K4; jelaskan di V12; ",""))) | R32: =IF(INDEX(Korpus!$B:$B,$A32)="","",INDEX(Korpus!$B:$B,$A32)) -> BAB IV HAK SUBJEK DATA PRIBADI | S32: =IF(INDEX(Korpus!$C:$C,$A32)="","",INDEX(Korpus!$C:$C,$A32))
A33: 33 | B33: =IF(Petunjuk!$C$4="","",Petunjuk!$C$4) -> Afriansyah | C33: =IF(INDEX(Korpus!$A:$A,$A33)="","",INDEX(Korpus!$A:$A,$A33)) -> UU 27 Thn 2022 (PDP) | D33: =TRIM(INDEX(Korpus!$D:$D,$A33)&" "&INDEX(Korpus!$E:$E,$A33)) -> Pasal 6 | E33: =IF(INDEX(Korpus!$F:$F,$A33)="","",INDEX(Korpus!$F:$F,$A33)) -> Subjek Data Pribadi berhak melengkapi, memperbarui, dan/atau memperbaiki kesalahan dan/atau ketidakakuratan Data Pribadi tentang dirinya sesuai dengan tujuan pemrosesan Data Pribadi. | P33: =IF(COUNTA(F33:K33)=6,"Lengkap","Belum lengkap ("&(6-COUNTA(F33:K33))&")") -> Belum lengkap (6) | Q33: =IF(COUNTA(F33:K33)<6,"",IF(IF(AND(LEFT(G33,2)="R0",LEFT(K33,2)<>"K5"),"R0 harus K5; ","")&IF(AND(LEFT(G33,2)="R1",LEFT(K33,2)="K3"),"R1 tidak boleh K3 (fungsional); ","")&IF(AND(LEFT(G33,2)="R2",LEFT(K33,2)="K5"),"R2 tidak boleh K5; ","")&IF(AND(LEFT(G33,2)="R2",OR(LEFT(F33,2)="S6",LEFT(F33,2)="S7",LEFT(F33,2)="S8")),"R2 tidak boleh S6/S7/S8; ","")&IF(AND(LEFT(G33,2)="R2",OR(LEFT(H33,3)="T02",LEFT(I33,2)="P8")),"T02 atau P8 tidak boleh R2; ","")&IF(AND(LEFT(H33,3)="T01",LEFT(I33,2)<>"P6",N33=""),"T01 biasanya P6; jelaskan di V12; ","")&IF(AND(LEFT(I33,2)="P1",LEFT(K33,2)<>"K4",N33=""),"P1 biasanya K4; jelaskan di V12; ","")="","OK",IF(AND(LEFT(G33,2)="R0",LEFT(K33,2)<>"K5"),"R0 harus K5; ","")&IF(AND(LEFT(G33,2)="R1",LEFT(K33,2)="K3"),"R1 tidak boleh K3 (fungsional); ","")&IF(AND(LEFT(G33,2)="R2",LEFT(K33,2)="K5"),"R2 tidak boleh K5; ","")&IF(AND(LEFT(G33,2)="R2",OR(LEFT(F33,2)="S6",LEFT(F33,2)="S7",LEFT(F33,2)="S8")),"R2 tidak boleh S6/S7/S8; ","")&IF(AND(LEFT(G33,2)="R2",OR(LEFT(H33,3)="T02",LEFT(I33,2)="P8")),"T02 atau P8 tidak boleh R2; ","")&IF(AND(LEFT(H33,3)="T01",LEFT(I33,2)<>"P6",N33=""),"T01 biasanya P6; jelaskan di V12; ","")&IF(AND(LEFT(I33,2)="P1",LEFT(K33,2)<>"K4",N33=""),"P1 biasanya K4; jelaskan di V12; ",""))) | R33: =IF(INDEX(Korpus!$B:$B,$A33)="","",INDEX(Korpus!$B:$B,$A33)) -> BAB IV HAK SUBJEK DATA PRIBADI | S33: =IF(INDEX(Korpus!$C:$C,$A33)="","",INDEX(Korpus!$C:$C,$A33))
A34: 34 | B34: =IF(Petunjuk!$C$4="","",Petunjuk!$C$4) -> Afriansyah | C34: =IF(INDEX(Korpus!$A:$A,$A34)="","",INDEX(Korpus!$A:$A,$A34)) -> UU 27 Thn 2022 (PDP) | D34: =TRIM(INDEX(Korpus!$D:$D,$A34)&" "&INDEX(Korpus!$E:$E,$A34)) -> Pasal 7 | E34: =IF(INDEX(Korpus!$F:$F,$A34)="","",INDEX(Korpus!$F:$F,$A34)) -> Subjek Data Pribadi berhak mendapatkan akses dan memperoleh salinan Data Pribadi tentang dirinya sesuai dengan ketentuan peraturan perundang-undangan. | P34: =IF(COUNTA(F34:K34)=6,"Lengkap","Belum lengkap ("&(6-COUNTA(F34:K34))&")") -> Belum lengkap (6) | Q34: =IF(COUNTA(F34:K34)<6,"",IF(IF(AND(LEFT(G34,2)="R0",LEFT(K34,2)<>"K5"),"R0 harus K5; ","")&IF(AND(LEFT(G34,2)="R1",LEFT(K34,2)="K3"),"R1 tidak boleh K3 (fungsional); ","")&IF(AND(LEFT(G34,2)="R2",LEFT(K34,2)="K5"),"R2 tidak boleh K5; ","")&IF(AND(LEFT(G34,2)="R2",OR(LEFT(F34,2)="S6",LEFT(F34,2)="S7",LEFT(F34,2)="S8")),"R2 tidak boleh S6/S7/S8; ","")&IF(AND(LEFT(G34,2)="R2",OR(LEFT(H34,3)="T02",LEFT(I34,2)="P8")),"T02 atau P8 tidak boleh R2; ","")&IF(AND(LEFT(H34,3)="T01",LEFT(I34,2)<>"P6",N34=""),"T01 biasanya P6; jelaskan di V12; ","")&IF(AND(LEFT(I34,2)="P1",LEFT(K34,2)<>"K4",N34=""),"P1 biasanya K4; jelaskan di V12; ","")="","OK",IF(AND(LEFT(G34,2)="R0",LEFT(K34,2)<>"K5"),"R0 harus K5; ","")&IF(AND(LEFT(G34,2)="R1",LEFT(K34,2)="K3"),"R1 tidak boleh K3 (fungsional); ","")&IF(AND(LEFT(G34,2)="R2",LEFT(K34,2)="K5"),"R2 tidak boleh K5; ","")&IF(AND(LEFT(G34,2)="R2",OR(LEFT(F34,2)="S6",LEFT(F34,2)="S7",LEFT(F34,2)="S8")),"R2 tidak boleh S6/S7/S8; ","")&IF(AND(LEFT(G34,2)="R2",OR(LEFT(H34,3)="T02",LEFT(I34,2)="P8")),"T02 atau P8 tidak boleh R2; ","")&IF(AND(LEFT(H34,3)="T01",LEFT(I34,2)<>"P6",N34=""),"T01 biasanya P6; jelaskan di V12; ","")&IF(AND(LEFT(I34,2)="P1",LEFT(K34,2)<>"K4",N34=""),"P1 biasanya K4; jelaskan di V12; ",""))) | R34: =IF(INDEX(Korpus!$B:$B,$A34)="","",INDEX(Korpus!$B:$B,$A34)) -> BAB IV HAK SUBJEK DATA PRIBADI | S34: =IF(INDEX(Korpus!$C:$C,$A34)="","",INDEX(Korpus!$C:$C,$A34))
A35: 35 | B35: =IF(Petunjuk!$C$4="","",Petunjuk!$C$4) -> Afriansyah | C35: =IF(INDEX(Korpus!$A:$A,$A35)="","",INDEX(Korpus!$A:$A,$A35)) -> UU 27 Thn 2022 (PDP) | D35: =TRIM(INDEX(Korpus!$D:$D,$A35)&" "&INDEX(Korpus!$E:$E,$A35)) -> Pasal 8 | E35: =IF(INDEX(Korpus!$F:$F,$A35)="","",INDEX(Korpus!$F:$F,$A35)) -> Subjek Data Pribadi berhak untuk mengakhiri pemrosesan, menghapus, dan/ atau memusnahkan Data Pribadi tentang dirinya sesuai dengan ketentuan peraturan perundang-undangan. | F35: S4 - Subjek Data Pribadi | I35: P3 - Hak | J35: F6 - Retensi dan penghapusan | O35: Ya | P35: =IF(COUNTA(F35:K35)=6,"Lengkap","Belum lengkap ("&(6-COUNTA(F35:K35))&")") -> Belum lengkap (3) | Q35: =IF(COUNTA(F35:K35)<6,"",IF(IF(AND(LEFT(G35,2)="R0",LEFT(K35,2)<>"K5"),"R0 harus K5; ","")&IF(AND(LEFT(G35,2)="R1",LEFT(K35,2)="K3"),"R1 tidak boleh K3 (fungsional); ","")&IF(AND(LEFT(G35,2)="R2",LEFT(K35,2)="K5"),"R2 tidak boleh K5; ","")&IF(AND(LEFT(G35,2)="R2",OR(LEFT(F35,2)="S6",LEFT(F35,2)="S7",LEFT(F35,2)="S8")),"R2 tidak boleh S6/S7/S8; ","")&IF(AND(LEFT(G35,2)="R2",OR(LEFT(H35,3)="T02",LEFT(I35,2)="P8")),"T02 atau P8 tidak boleh R2; ","")&IF(AND(LEFT(H35,3)="T01",LEFT(I35,2)<>"P6",N35=""),"T01 biasanya P6; jelaskan di V12; ","")&IF(AND(LEFT(I35,2)="P1",LEFT(K35,2)<>"K4",N35=""),"P1 biasanya K4; jelaskan di V12; ","")="","OK",IF(AND(LEFT(G35,2)="R0",LEFT(K35,2)<>"K5"),"R0 harus K5; ","")&IF(AND(LEFT(G35,2)="R1",LEFT(K35,2)="K3"),"R1 tidak boleh K3 (fungsional); ","")&IF(AND(LEFT(G35,2)="R2",LEFT(K35,2)="K5"),"R2 tidak boleh K5; ","")&IF(AND(LEFT(G35,2)="R2",OR(LEFT(F35,2)="S6",LEFT(F35,2)="S7",LEFT(F35,2)="S8")),"R2 tidak boleh S6/S7/S8; ","")&IF(AND(LEFT(G35,2)="R2",OR(LEFT(H35,3)="T02",LEFT(I35,2)="P8")),"T02 atau P8 tidak boleh R2; ","")&IF(AND(LEFT(H35,3)="T01",LEFT(I35,2)<>"P6",N35=""),"T01 biasanya P6; jelaskan di V12; ","")&IF(AND(LEFT(I35,2)="P1",LEFT(K35,2)<>"K4",N35=""),"P1 biasanya K4; jelaskan di V12; ",""))) | R35: =IF(INDEX(Korpus!$B:$B,$A35)="","",INDEX(Korpus!$B:$B,$A35)) -> BAB IV HAK SUBJEK DATA PRIBADI | S35: =IF(INDEX(Korpus!$C:$C,$A35)="","",INDEX(Korpus!$C:$C,$A35))
A36: 36 | B36: =IF(Petunjuk!$C$4="","",Petunjuk!$C$4) -> Afriansyah | C36: =IF(INDEX(Korpus!$A:$A,$A36)="","",INDEX(Korpus!$A:$A,$A36)) -> UU 27 Thn 2022 (PDP) | D36: =TRIM(INDEX(Korpus!$D:$D,$A36)&" "&INDEX(Korpus!$E:$E,$A36)) -> Pasal 9 | E36: =IF(INDEX(Korpus!$F:$F,$A36)="","",INDEX(Korpus!$F:$F,$A36)) -> Subjek Data Pribadi berhak menarik kembali persetujuan pemrosesan Data Pribadi tentang dirinya yang telah diberikan kepada Pengendali Data Pribadi. | P36: =IF(COUNTA(F36:K36)=6,"Lengkap","Belum lengkap ("&(6-COUNTA(F36:K36))&")") -> Belum lengkap (6) | Q36: =IF(COUNTA(F36:K36)<6,"",IF(IF(AND(LEFT(G36,2)="R0",LEFT(K36,2)<>"K5"),"R0 harus K5; ","")&IF(AND(LEFT(G36,2)="R1",LEFT(K36,2)="K3"),"R1 tidak boleh K3 (fungsional); ","")&IF(AND(LEFT(G36,2)="R2",LEFT(K36,2)="K5"),"R2 tidak boleh K5; ","")&IF(AND(LEFT(G36,2)="R2",OR(LEFT(F36,2)="S6",LEFT(F36,2)="S7",LEFT(F36,2)="S8")),"R2 tidak boleh S6/S7/S8; ","")&IF(AND(LEFT(G36,2)="R2",OR(LEFT(H36,3)="T02",LEFT(I36,2)="P8")),"T02 atau P8 tidak boleh R2; ","")&IF(AND(LEFT(H36,3)="T01",LEFT(I36,2)<>"P6",N36=""),"T01 biasanya P6; jelaskan di V12; ","")&IF(AND(LEFT(I36,2)="P1",LEFT(K36,2)<>"K4",N36=""),"P1 biasanya K4; jelaskan di V12; ","")="","OK",IF(AND(LEFT(G36,2)="R0",LEFT(K36,2)<>"K5"),"R0 harus K5; ","")&IF(AND(LEFT(G36,2)="R1",LEFT(K36,2)="K3"),"R1 tidak boleh K3 (fungsional); ","")&IF(AND(LEFT(G36,2)="R2",LEFT(K36,2)="K5"),"R2 tidak boleh K5; ","")&IF(AND(LEFT(G36,2)="R2",OR(LEFT(F36,2)="S6",LEFT(F36,2)="S7",LEFT(F36,2)="S8")),"R2 tidak boleh S6/S7/S8; ","")&IF(AND(LEFT(G36,2)="R2",OR(LEFT(H36,3)="T02",LEFT(I36,2)="P8")),"T02 atau P8 tidak boleh R2; ","")&IF(AND(LEFT(H36,3)="T01",LEFT(I36,2)<>"P6",N36=""),"T01 biasanya P6; jelaskan di V12; ","")&IF(AND(LEFT(I36,2)="P1",LEFT(K36,2)<>"K4",N36=""),"P1 biasanya K4; jelaskan di V12; ",""))) | R36: =IF(INDEX(Korpus!$B:$B,$A36)="","",INDEX(Korpus!$B:$B,$A36)) -> BAB IV HAK SUBJEK DATA PRIBADI | S36: =IF(INDEX(Korpus!$C:$C,$A36)="","",INDEX(Korpus!$C:$C,$A36))
A37: 37 | B37: =IF(Petunjuk!$C$4="","",Petunjuk!$C$4) -> Afriansyah | C37: =IF(INDEX(Korpus!$A:$A,$A37)="","",INDEX(Korpus!$A:$A,$A37)) -> UU 27 Thn 2022 (PDP) | D37: =TRIM(INDEX(Korpus!$D:$D,$A37)&" "&INDEX(Korpus!$E:$E,$A37)) -> Pasal 10 | E37: =IF(INDEX(Korpus!$F:$F,$A37)="","",INDEX(Korpus!$F:$F,$A37)) -> (1) Subjek Data Pribadi berhak untuk mengajukan keberatan atas tindakan pengambilan keputusan yang hanya didasarkan pada pemrosesan secara otomatis, termasuk pemrofilan, yang menimbulkan akibat hukum atau berdampak signifikan pada Subjek Data Pribadi.(2) Ketentuan lebih lanjut mengenai pengajuan keberatan atas pemrosesan secara otomatis sebagaimana dimaksud pada ayat (l) diatur dalam Peraturan Pemerintah. | P37: =IF(COUNTA(F37:K37)=6,"Lengkap","Belum lengkap ("&(6-COUNTA(F37:K37))&")") -> Belum lengkap (6) | Q37: =IF(COUNTA(F37:K37)<6,"",IF(IF(AND(LEFT(G37,2)="R0",LEFT(K37,2)<>"K5"),"R0 harus K5; ","")&IF(AND(LEFT(G37,2)="R1",LEFT(K37,2)="K3"),"R1 tidak boleh K3 (fungsional); ","")&IF(AND(LEFT(G37,2)="R2",LEFT(K37,2)="K5"),"R2 tidak boleh K5; ","")&IF(AND(LEFT(G37,2)="R2",OR(LEFT(F37,2)="S6",LEFT(F37,2)="S7",LEFT(F37,2)="S8")),"R2 tidak boleh S6/S7/S8; ","")&IF(AND(LEFT(G37,2)="R2",OR(LEFT(H37,3)="T02",LEFT(I37,2)="P8")),"T02 atau P8 tidak boleh R2; ","")&IF(AND(LEFT(H37,3)="T01",LEFT(I37,2)<>"P6",N37=""),"T01 biasanya P6; jelaskan di V12; ","")&IF(AND(LEFT(I37,2)="P1",LEFT(K37,2)<>"K4",N37=""),"P1 biasanya K4; jelaskan di V12; ","")="","OK",IF(AND(LEFT(G37,2)="R0",LEFT(K37,2)<>"K5"),"R0 harus K5; ","")&IF(AND(LEFT(G37,2)="R1",LEFT(K37,2)="K3"),"R1 tidak boleh K3 (fungsional); ","")&IF(AND(LEFT(G37,2)="R2",LEFT(K37,2)="K5"),"R2 tidak boleh K5; ","")&IF(AND(LEFT(G37,2)="R2",OR(LEFT(F37,2)="S6",LEFT(F37,2)="S7",LEFT(F37,2)="S8")),"R2 tidak boleh S6/S7/S8; ","")&IF(AND(LEFT(G37,2)="R2",OR(LEFT(H37,3)="T02",LEFT(I37,2)="P8")),"T02 atau P8 tidak boleh R2; ","")&IF(AND(LEFT(H37,3)="T01",LEFT(I37,2)<>"P6",N37=""),"T01 biasanya P6; jelaskan di V12; ","")&IF(AND(LEFT(I37,2)="P1",LEFT(K37,2)<>"K4",N37=""),"P1 biasanya K4; jelaskan di V12; ",""))) | R37: =IF(INDEX(Korpus!$B:$B,$A37)="","",INDEX(Korpus!$B:$B,$A37)) -> BAB IV HAK SUBJEK DATA PRIBADI | S37: =IF(INDEX(Korpus!$C:$C,$A37)="","",INDEX(Korpus!$C:$C,$A37))
A38: 38 | B38: =IF(Petunjuk!$C$4="","",Petunjuk!$C$4) -> Afriansyah | C38: =IF(INDEX(Korpus!$A:$A,$A38)="","",INDEX(Korpus!$A:$A,$A38)) -> UU 27 Thn 2022 (PDP) | D38: =TRIM(INDEX(Korpus!$D:$D,$A38)&" "&INDEX(Korpus!$E:$E,$A38)) -> Pasal 11 | E38: =IF(INDEX(Korpus!$F:$F,$A38)="","",INDEX(Korpus!$F:$F,$A38)) -> Subjek Data Pribadi berhak menunda atau membatasi pemrosesan Data Pribadi secara proporsional sesuai dengan tujuan pemrosesan Data Pribadi. | P38: =IF(COUNTA(F38:K38)=6,"Lengkap","Belum lengkap ("&(6-COUNTA(F38:K38))&")") -> Belum lengkap (6) | Q38: =IF(COUNTA(F38:K38)<6,"",IF(IF(AND(LEFT(G38,2)="R0",LEFT(K38,2)<>"K5"),"R0 harus K5; ","")&IF(AND(LEFT(G38,2)="R1",LEFT(K38,2)="K3"),"R1 tidak boleh K3 (fungsional); ","")&IF(AND(LEFT(G38,2)="R2",LEFT(K38,2)="K5"),"R2 tidak boleh K5; ","")&IF(AND(LEFT(G38,2)="R2",OR(LEFT(F38,2)="S6",LEFT(F38,2)="S7",LEFT(F38,2)="S8")),"R2 tidak boleh S6/S7/S8; ","")&IF(AND(LEFT(G38,2)="R2",OR(LEFT(H38,3)="T02",LEFT(I38,2)="P8")),"T02 atau P8 tidak boleh R2; ","")&IF(AND(LEFT(H38,3)="T01",LEFT(I38,2)<>"P6",N38=""),"T01 biasanya P6; jelaskan di V12; ","")&IF(AND(LEFT(I38,2)="P1",LEFT(K38,2)<>"K4",N38=""),"P1 biasanya K4; jelaskan di V12; ","")="","OK",IF(AND(LEFT(G38,2)="R0",LEFT(K38,2)<>"K5"),"R0 harus K5; ","")&IF(AND(LEFT(G38,2)="R1",LEFT(K38,2)="K3"),"R1 tidak boleh K3 (fungsional); ","")&IF(AND(LEFT(G38,2)="R2",LEFT(K38,2)="K5"),"R2 tidak boleh K5; ","")&IF(AND(LEFT(G38,2)="R2",OR(LEFT(F38,2)="S6",LEFT(F38,2)="S7",LEFT(F38,2)="S8")),"R2 tidak boleh S6/S7/S8; ","")&IF(AND(LEFT(G38,2)="R2",OR(LEFT(H38,3)="T02",LEFT(I38,2)="P8")),"T02 atau P8 tidak boleh R2; ","")&IF(AND(LEFT(H38,3)="T01",LEFT(I38,2)<>"P6",N38=""),"T01 biasanya P6; jelaskan di V12; ","")&IF(AND(LEFT(I38,2)="P1",LEFT(K38,2)<>"K4",N38=""),"P1 biasanya K4; jelaskan di V12; ",""))) | R38: =IF(INDEX(Korpus!$B:$B,$A38)="","",INDEX(Korpus!$B:$B,$A38)) -> BAB IV HAK SUBJEK DATA PRIBADI | S38: =IF(INDEX(Korpus!$C:$C,$A38)="","",INDEX(Korpus!$C:$C,$A38))
A39: 39 | B39: =IF(Petunjuk!$C$4="","",Petunjuk!$C$4) -> Afriansyah | C39: =IF(INDEX(Korpus!$A:$A,$A39)="","",INDEX(Korpus!$A:$A,$A39)) -> UU 27 Thn 2022 (PDP) | D39: =TRIM(INDEX(Korpus!$D:$D,$A39)&" "&INDEX(Korpus!$E:$E,$A39)) -> Pasal 12 | E39: =IF(INDEX(Korpus!$F:$F,$A39)="","",INDEX(Korpus!$F:$F,$A39)) -> (1) Subjek Data Pribadi berhak menggugat dan menerima ganti rugi atas pelanggaran pemrosesan Data Pribadi tentang dirinya sesuai dengan ketentuan peraturan perundang-undangan.(2) Ketentuan lebih lanjut mengenai pelanggaran pemrosesan Data Pribadi dan tata cara pengenaan ganti rugi sebagaimana dimaksud pada ayat (1) diatur dalam Peraturan Pemerintah. | P39: =IF(COUNTA(F39:K39)=6,"Lengkap","Belum lengkap ("&(6-COUNTA(F39:K39))&")") -> Belum lengkap (6) | Q39: =IF(COUNTA(F39:K39)<6,"",IF(IF(AND(LEFT(G39,2)="R0",LEFT(K39,2)<>"K5"),"R0 harus K5; ","")&IF(AND(LEFT(G39,2)="R1",LEFT(K39,2)="K3"),"R1 tidak boleh K3 (fungsional); ","")&IF(AND(LEFT(G39,2)="R2",LEFT(K39,2)="K5"),"R2 tidak boleh K5; ","")&IF(AND(LEFT(G39,2)="R2",OR(LEFT(F39,2)="S6",LEFT(F39,2)="S7",LEFT(F39,2)="S8")),"R2 tidak boleh S6/S7/S8; ","")&IF(AND(LEFT(G39,2)="R2",OR(LEFT(H39,3)="T02",LEFT(I39,2)="P8")),"T02 atau P8 tidak boleh R2; ","")&IF(AND(LEFT(H39,3)="T01",LEFT(I39,2)<>"P6",N39=""),"T01 biasanya P6; jelaskan di V12; ","")&IF(AND(LEFT(I39,2)="P1",LEFT(K39,2)<>"K4",N39=""),"P1 biasanya K4; jelaskan di V12; ","")="","OK",IF(AND(LEFT(G39,2)="R0",LEFT(K39,2)<>"K5"),"R0 harus K5; ","")&IF(AND(LEFT(G39,2)="R1",LEFT(K39,2)="K3"),"R1 tidak boleh K3 (fungsional); ","")&IF(AND(LEFT(G39,2)="R2",LEFT(K39,2)="K5"),"R2 tidak boleh K5; ","")&IF(AND(LEFT(G39,2)="R2",OR(LEFT(F39,2)="S6",LEFT(F39,2)="S7",LEFT(F39,2)="S8")),"R2 tidak boleh S6/S7/S8; ","")&IF(AND(LEFT(G39,2)="R2",OR(LEFT(H39,3)="T02",LEFT(I39,2)="P8")),"T02 atau P8 tidak boleh R2; ","")&IF(AND(LEFT(H39,3)="T01",LEFT(I39,2)<>"P6",N39=""),"T01 biasanya P6; jelaskan di V12; ","")&IF(AND(LEFT(I39,2)="P1",LEFT(K39,2)<>"K4",N39=""),"P1 biasanya K4; jelaskan di V12; ",""))) | R39: =IF(INDEX(Korpus!$B:$B,$A39)="","",INDEX(Korpus!$B:$B,$A39)) -> BAB IV HAK SUBJEK DATA PRIBADI | S39: =IF(INDEX(Korpus!$C:$C,$A39)="","",INDEX(Korpus!$C:$C,$A39))
A40: 40 | B40: =IF(Petunjuk!$C$4="","",Petunjuk!$C$4) -> Afriansyah | C40: =IF(INDEX(Korpus!$A:$A,$A40)="","",INDEX(Korpus!$A:$A,$A40)) -> UU 27 Thn 2022 (PDP) | D40: =TRIM(INDEX(Korpus!$D:$D,$A40)&" "&INDEX(Korpus!$E:$E,$A40)) -> Pasal 13 | E40: =IF(INDEX(Korpus!$F:$F,$A40)="","",INDEX(Korpus!$F:$F,$A40)) -> (1) Subjek Data Pribadi berhak mendapatkan dan/atau menggunakan Data Pribadi tentang dirinya dari Pengendali Data Pribadi dalam bentuk yang sesuai dengan struktur dan/ atau format yang lazim digunakan atau dapat dibaca oleh sistem elektronik.(2) Subjek Data Pribadi berhak menggunakan dan mengirimkan Data Pribadi tentang dirinya ke Pengendali Data Pribadi lainnya, sepanjang sistem yang digunakan dapat saling berkomunikasi secara aman sesuai dengan prinsip Pelindungan Data Pribadi berdasarkan Undang-Undang ini.(3) Ketentuan lebih lanjut mengenai hak Subjek Data Pribadi untuk menggunakan dan mengirimkan Data Pribadi sebagaimana dimaksud pada ayat (2) diatur dalam Peraturan Pemerintah. | P40: =IF(COUNTA(F40:K40)=6,"Lengkap","Belum lengkap ("&(6-COUNTA(F40:K40))&")") -> Belum lengkap (6) | Q40: =IF(COUNTA(F40:K40)<6,"",IF(IF(AND(LEFT(G40,2)="R0",LEFT(K40,2)<>"K5"),"R0 harus K5; ","")&IF(AND(LEFT(G40,2)="R1",LEFT(K40,2)="K3"),"R1 tidak boleh K3 (fungsional); ","")&IF(AND(LEFT(G40,2)="R2",LEFT(K40,2)="K5"),"R2 tidak boleh K5; ","")&IF(AND(LEFT(G40,2)="R2",OR(LEFT(F40,2)="S6",LEFT(F40,2)="S7",LEFT(F40,2)="S8")),"R2 tidak boleh S6/S7/S8; ","")&IF(AND(LEFT(G40,2)="R2",OR(LEFT(H40,3)="T02",LEFT(I40,2)="P8")),"T02 atau P8 tidak boleh R2; ","")&IF(AND(LEFT(H40,3)="T01",LEFT(I40,2)<>"P6",N40=""),"T01 biasanya P6; jelaskan di V12; ","")&IF(AND(LEFT(I40,2)="P1",LEFT(K40,2)<>"K4",N40=""),"P1 biasanya K4; jelaskan di V12; ","")="","OK",IF(AND(LEFT(G40,2)="R0",LEFT(K40,2)<>"K5"),"R0 harus K5; ","")&IF(AND(LEFT(G40,2)="R1",LEFT(K40,2)="K3"),"R1 tidak boleh K3 (fungsional); ","")&IF(AND(LEFT(G40,2)="R2",LEFT(K40,2)="K5"),"R2 tidak boleh K5; ","")&IF(AND(LEFT(G40,2)="R2",OR(LEFT(F40,2)="S6",LEFT(F40,2)="S7",LEFT(F40,2)="S8")),"R2 tidak boleh S6/S7/S8; ","")&IF(AND(LEFT(G40,2)="R2",OR(LEFT(H40,3)="T02",LEFT(I40,2)="P8")),"T02 atau P8 tidak boleh R2; ","")&IF(AND(LEFT(H40,3)="T01",LEFT(I40,2)<>"P6",N40=""),"T01 biasanya P6; jelaskan di V12; ","")&IF(AND(LEFT(I40,2)="P1",LEFT(K40,2)<>"K4",N40=""),"P1 biasanya K4; jelaskan di V12; ",""))) | R40: =IF(INDEX(Korpus!$B:$B,$A40)="","",INDEX(Korpus!$B:$B,$A40)) -> BAB IV HAK SUBJEK DATA PRIBADI | S40: =IF(INDEX(Korpus!$C:$C,$A40)="","",INDEX(Korpus!$C:$C,$A40))
A41: 41 | B41: =IF(Petunjuk!$C$4="","",Petunjuk!$C$4) -> Afriansyah | C41: =IF(INDEX(Korpus!$A:$A,$A41)="","",INDEX(Korpus!$A:$A,$A41)) -> UU 27 Thn 2022 (PDP) | D41: =TRIM(INDEX(Korpus!$D:$D,$A41)&" "&INDEX(Korpus!$E:$E,$A41)) -> Pasal 14 | E41: =IF(INDEX(Korpus!$F:$F,$A41)="","",INDEX(Korpus!$F:$F,$A41)) -> Pelaksanaan hak Subjek Data Pribadi sebagaimana dimaksud dalam Pasal 6 sampai dengan Pasal 11 diajukan melalui permohonan tercatat yang disampaikan secara elektronik atau nonelektronik kepada Pengendali Data Pribadi. | P41: =IF(COUNTA(F41:K41)=6,"Lengkap","Belum lengkap ("&(6-COUNTA(F41:K41))&")") -> Belum lengkap (6) | Q41: =IF(COUNTA(F41:K41)<6,"",IF(IF(AND(LEFT(G41,2)="R0",LEFT(K41,2)<>"K5"),"R0 harus K5; ","")&IF(AND(LEFT(G41,2)="R1",LEFT(K41,2)="K3"),"R1 tidak boleh K3 (fungsional); ","")&IF(AND(LEFT(G41,2)="R2",LEFT(K41,2)="K5"),"R2 tidak boleh K5; ","")&IF(AND(LEFT(G41,2)="R2",OR(LEFT(F41,2)="S6",LEFT(F41,2)="S7",LEFT(F41,2)="S8")),"R2 tidak boleh S6/S7/S8; ","")&IF(AND(LEFT(G41,2)="R2",OR(LEFT(H41,3)="T02",LEFT(I41,2)="P8")),"T02 atau P8 tidak boleh R2; ","")&IF(AND(LEFT(H41,3)="T01",LEFT(I41,2)<>"P6",N41=""),"T01 biasanya P6; jelaskan di V12; ","")&IF(AND(LEFT(I41,2)="P1",LEFT(K41,2)<>"K4",N41=""),"P1 biasanya K4; jelaskan di V12; ","")="","OK",IF(AND(LEFT(G41,2)="R0",LEFT(K41,2)<>"K5"),"R0 harus K5; ","")&IF(AND(LEFT(G41,2)="R1",LEFT(K41,2)="K3"),"R1 tidak boleh K3 (fungsional); ","")&IF(AND(LEFT(G41,2)="R2",LEFT(K41,2)="K5"),"R2 tidak boleh K5; ","")&IF(AND(LEFT(G41,2)="R2",OR(LEFT(F41,2)="S6",LEFT(F41,2)="S7",LEFT(F41,2)="S8")),"R2 tidak boleh S6/S7/S8; ","")&IF(AND(LEFT(G41,2)="R2",OR(LEFT(H41,3)="T02",LEFT(I41,2)="P8")),"T02 atau P8 tidak boleh R2; ","")&IF(AND(LEFT(H41,3)="T01",LEFT(I41,2)<>"P6",N41=""),"T01 biasanya P6; jelaskan di V12; ","")&IF(AND(LEFT(I41,2)="P1",LEFT(K41,2)<>"K4",N41=""),"P1 biasanya K4; jelaskan di V12; ",""))) | R41: =IF(INDEX(Korpus!$B:$B,$A41)="","",INDEX(Korpus!$B:$B,$A41)) -> BAB IV HAK SUBJEK DATA PRIBADI | S41: =IF(INDEX(Korpus!$C:$C,$A41)="","",INDEX(Korpus!$C:$C,$A41))
A42: 42 | B42: =IF(Petunjuk!$C$4="","",Petunjuk!$C$4) -> Afriansyah | C42: =IF(INDEX(Korpus!$A:$A,$A42)="","",INDEX(Korpus!$A:$A,$A42)) -> UU 27 Thn 2022 (PDP) | D42: =TRIM(INDEX(Korpus!$D:$D,$A42)&" "&INDEX(Korpus!$E:$E,$A42)) -> Pasal 15 | E42: =IF(INDEX(Korpus!$F:$F,$A42)="","",INDEX(Korpus!$F:$F,$A42)) -> (1) Hak-hak Subjek Data Pribadi sebagaimana dimaksud dalam Pasal 8, Pasal 9, Pasal 10 ayat (1), Pasal 11, dan Pasal 13 ayat (1) dan ayat (2) dikecualikan untuk:a. kepentingan pertahanan dan keamanan nasional; b. kepentingan proses penegakan hukum; c. kepentingan umum dalam rangka penyelenggaraan negara; d. kepentingan pengawasan sektor jasa keuangan, moneter, sistem pembayaran, dan stabilitas sistem keuangan yang dilakukan dalam rangka penyelenggaraan negara; atau e. kepentingan statistik dan penelitian ilmiah. (2) Pengecualian sebagaimana dimaksud pada ayat (1) dilaksanakan hanya dalam rangka pelaksanaan ketentuan Undang-Undang. | F42: S4 - Subjek Data Pribadi | I42: P3 - Hak | J42: F7 - Tata kelola dan hak subjek | K42: K4 - Batasan atau aturan bisnis hukum. Apakah teks membatasi apa yang boleh dilakukan sistem, atau apa dan siapa yang tercakup? | O42: Ya | P42: =IF(COUNTA(F42:K42)=6,"Lengkap","Belum lengkap ("&(6-COUNTA(F42:K42))&")") -> Belum lengkap (2) | Q42: =IF(COUNTA(F42:K42)<6,"",IF(IF(AND(LEFT(G42,2)="R0",LEFT(K42,2)<>"K5"),"R0 harus K5; ","")&IF(AND(LEFT(G42,2)="R1",LEFT(K42,2)="K3"),"R1 tidak boleh K3 (fungsional); ","")&IF(AND(LEFT(G42,2)="R2",LEFT(K42,2)="K5"),"R2 tidak boleh K5; ","")&IF(AND(LEFT(G42,2)="R2",OR(LEFT(F42,2)="S6",LEFT(F42,2)="S7",LEFT(F42,2)="S8")),"R2 tidak boleh S6/S7/S8; ","")&IF(AND(LEFT(G42,2)="R2",OR(LEFT(H42,3)="T02",LEFT(I42,2)="P8")),"T02 atau P8 tidak boleh R2; ","")&IF(AND(LEFT(H42,3)="T01",LEFT(I42,2)<>"P6",N42=""),"T01 biasanya P6; jelaskan di V12; ","")&IF(AND(LEFT(I42,2)="P1",LEFT(K42,2)<>"K4",N42=""),"P1 biasanya K4; jelaskan di V12; ","")="","OK",IF(AND(LEFT(G42,2)="R0",LEFT(K42,2)<>"K5"),"R0 harus K5; ","")&IF(AND(LEFT(G42,2)="R1",LEFT(K42,2)="K3"),"R1 tidak boleh K3 (fungsional); ","")&IF(AND(LEFT(G42,2)="R2",LEFT(K42,2)="K5"),"R2 tidak boleh K5; ","")&IF(AND(LEFT(G42,2)="R2",OR(LEFT(F42,2)="S6",LEFT(F42,2)="S7",LEFT(F42,2)="S8")),"R2 tidak boleh S6/S7/S8; ","")&IF(AND(LEFT(G42,2)="R2",OR(LEFT(H42,3)="T02",LEFT(I42,2)="P8")),"T02 atau P8 tidak boleh R2; ","")&IF(AND(LEFT(H42,3)="T01",LEFT(I42,2)<>"P6",N42=""),"T01 biasanya P6; jelaskan di V12; ","")&IF(AND(LEFT(I42,2)="P1",LEFT(K42,2)<>"K4",N42=""),"P1 biasanya K4; jelaskan di V12; ",""))) | R42: =IF(INDEX(Korpus!$B:$B,$A42)="","",INDEX(Korpus!$B:$B,$A42)) -> BAB IV HAK SUBJEK DATA PRIBADI | S42: =IF(INDEX(Korpus!$C:$C,$A42)="","",INDEX(Korpus!$C:$C,$A42))
A43: 43 | B43: =IF(Petunjuk!$C$4="","",Petunjuk!$C$4) -> Afriansyah | C43: =IF(INDEX(Korpus!$A:$A,$A43)="","",INDEX(Korpus!$A:$A,$A43)) -> UU 27 Thn 2022 (PDP) | D43: =TRIM(INDEX(Korpus!$D:$D,$A43)&" "&INDEX(Korpus!$E:$E,$A43)) -> Pasal 16 | E43: =IF(INDEX(Korpus!$F:$F,$A43)="","",INDEX(Korpus!$F:$F,$A43)) -> (1) Pemrosesan Data Pribadi meliputi: a. pemerolehan dan pengumpulan; b. pengolahan dan penganalisisan; c. Penyimpanan; d. perbaikan dan pembaruan;e. penampilan, pengumuman, transfer, pengungkapan; penyebarluasan, atau dan/ atau f. penghapusan atau pemusnahan.(2) Pemrosesan Data Pribadi sebagaimana dimaksud pada ayat (l) dilakukan sesuai dengan prinsip Pelindungan Data Pribadi meliputi:a. Data Pribadi dilakukan secara terbatas dan spesifik, sah secara hukum, dan transparan; b. pemrosesan Data Pribadi dilakukan sesuai dengan tujuannya; c. pemrosesan Data Pribadi dilakukan dengan menjamin hak Subjek Data Pribadi; d. pemrosesan Data Pribadi dilakukan secara akurat, lengkap, tidak menyesatkan, mutakhir, dan dapat dipertanggungjawabkan; e. pemrosesan Data Pribadi dilakukan dengan melindungi keamanan Data Pribadi dari pengaksesan yang tidak sah, pengungkapan yang tidak sah, pengubahan yang tidak sah, perusakan, dan/atau penghilangan Data Pribadi; f. pemrosesan Data Pribadi dilakukan dengan memberitahukan tujuan dan aktivitas pemrosesan, serta kegagalan Pelindungan Data Pribadi;g. Data Pribadi dimusnahkan dan/atau dihapus setelah masa retensi berakhir atau berdasarkan permintaan Subjek Data Pribadi, kecuali ditentukan lain oleh peraturan perundang-undangan; dan h. pemrosesan Data Pribadi dilakukan secara bertanggung jawab dan dapat dibuktikan secara jelas.(3) Ketentuan lebih lanjut mengenai pelaksanaan pemrosesan Data Pribadi sebagaimana dimaksud pada ayat (1) diatur dalam Peraturan Pemerintah. | P43: =IF(COUNTA(F43:K43)=6,"Lengkap","Belum lengkap ("&(6-COUNTA(F43:K43))&")") -> Belum lengkap (6) | Q43: =IF(COUNTA(F43:K43)<6,"",IF(IF(AND(LEFT(G43,2)="R0",LEFT(K43,2)<>"K5"),"R0 harus K5; ","")&IF(AND(LEFT(G43,2)="R1",LEFT(K43,2)="K3"),"R1 tidak boleh K3 (fungsional); ","")&IF(AND(LEFT(G43,2)="R2",LEFT(K43,2)="K5"),"R2 tidak boleh K5; ","")&IF(AND(LEFT(G43,2)="R2",OR(LEFT(F43,2)="S6",LEFT(F43,2)="S7",LEFT(F43,2)="S8")),"R2 tidak boleh S6/S7/S8; ","")&IF(AND(LEFT(G43,2)="R2",OR(LEFT(H43,3)="T02",LEFT(I43,2)="P8")),"T02 atau P8 tidak boleh R2; ","")&IF(AND(LEFT(H43,3)="T01",LEFT(I43,2)<>"P6",N43=""),"T01 biasanya P6; jelaskan di V12; ","")&IF(AND(LEFT(I43,2)="P1",LEFT(K43,2)<>"K4",N43=""),"P1 biasanya K4; jelaskan di V12; ","")="","OK",IF(AND(LEFT(G43,2)="R0",LEFT(K43,2)<>"K5"),"R0 harus K5; ","")&IF(AND(LEFT(G43,2)="R1",LEFT(K43,2)="K3"),"R1 tidak boleh K3 (fungsional); ","")&IF(AND(LEFT(G43,2)="R2",LEFT(K43,2)="K5"),"R2 tidak boleh K5; ","")&IF(AND(LEFT(G43,2)="R2",OR(LEFT(F43,2)="S6",LEFT(F43,2)="S7",LEFT(F43,2)="S8")),"R2 tidak boleh S6/S7/S8; ","")&IF(AND(LEFT(G43,2)="R2",OR(LEFT(H43,3)="T02",LEFT(I43,2)="P8")),"T02 atau P8 tidak boleh R2; ","")&IF(AND(LEFT(H43,3)="T01",LEFT(I43,2)<>"P6",N43=""),"T01 biasanya P6; jelaskan di V12; ","")&IF(AND(LEFT(I43,2)="P1",LEFT(K43,2)<>"K4",N43=""),"P1 biasanya K4; jelaskan di V12; ",""))) | R43: =IF(INDEX(Korpus!$B:$B,$A43)="","",INDEX(Korpus!$B:$B,$A43)) -> BAB V PEMROSESAN DATA PRIBADI | S43: =IF(INDEX(Korpus!$C:$C,$A43)="","",INDEX(Korpus!$C:$C,$A43))
A44: 44 | B44: =IF(Petunjuk!$C$4="","",Petunjuk!$C$4) -> Afriansyah | C44: =IF(INDEX(Korpus!$A:$A,$A44)="","",INDEX(Korpus!$A:$A,$A44)) -> UU 27 Thn 2022 (PDP) | D44: =TRIM(INDEX(Korpus!$D:$D,$A44)&" "&INDEX(Korpus!$E:$E,$A44)) -> Pasal 17 | E44: =IF(INDEX(Korpus!$F:$F,$A44)="","",INDEX(Korpus!$F:$F,$A44)) -> (1) Pemasangan alat pemroses atau pengolah data visual di tempat umum dan/ atau pada fasilitas pelayanan publik dilakukan dengan ketentuan: a. untuk tujuan keamanan, pencegahan bencana, lalu lintas atau dan/atau pengumpulan, analisis, dan pengaturan Informasi lalu lintas; b. harus menampilkan Informasi pada area yang telah dipasang alat pemroses atau pengolah data visual; dan c. tidak digunakan untuk seseorang. (2) Ketentuan sebagaimana dimaksud pada ayat (1) huruf b dan huruf c dikecualikan untuk pencegahan tindak pidana dan proses penegakan hukum sesuai dengan ketentuan peraturan perundang-undangan. | F44: S2 - Prosesor Data Pribadi | I44: P6 - Definisi, klasifikasi, atau ruang lingkup | J44: F2 - Pengumpulan atau akuisisi | K44: K4 - Batasan atau aturan bisnis hukum. Apakah teks membatasi apa yang boleh dilakukan sistem, atau apa dan siapa yang tercakup? | O44: Ya | P44: =IF(COUNTA(F44:K44)=6,"Lengkap","Belum lengkap ("&(6-COUNTA(F44:K44))&")") -> Belum lengkap (2) | Q44: =IF(COUNTA(F44:K44)<6,"",IF(IF(AND(LEFT(G44,2)="R0",LEFT(K44,2)<>"K5"),"R0 harus K5; ","")&IF(AND(LEFT(G44,2)="R1",LEFT(K44,2)="K3"),"R1 tidak boleh K3 (fungsional); ","")&IF(AND(LEFT(G44,2)="R2",LEFT(K44,2)="K5"),"R2 tidak boleh K5; ","")&IF(AND(LEFT(G44,2)="R2",OR(LEFT(F44,2)="S6",LEFT(F44,2)="S7",LEFT(F44,2)="S8")),"R2 tidak boleh S6/S7/S8; ","")&IF(AND(LEFT(G44,2)="R2",OR(LEFT(H44,3)="T02",LEFT(I44,2)="P8")),"T02 atau P8 tidak boleh R2; ","")&IF(AND(LEFT(H44,3)="T01",LEFT(I44,2)<>"P6",N44=""),"T01 biasanya P6; jelaskan di V12; ","")&IF(AND(LEFT(I44,2)="P1",LEFT(K44,2)<>"K4",N44=""),"P1 biasanya K4; jelaskan di V12; ","")="","OK",IF(AND(LEFT(G44,2)="R0",LEFT(K44,2)<>"K5"),"R0 harus K5; ","")&IF(AND(LEFT(G44,2)="R1",LEFT(K44,2)="K3"),"R1 tidak boleh K3 (fungsional); ","")&IF(AND(LEFT(G44,2)="R2",LEFT(K44,2)="K5"),"R2 tidak boleh K5; ","")&IF(AND(LEFT(G44,2)="R2",OR(LEFT(F44,2)="S6",LEFT(F44,2)="S7",LEFT(F44,2)="S8")),"R2 tidak boleh S6/S7/S8; ","")&IF(AND(LEFT(G44,2)="R2",OR(LEFT(H44,3)="T02",LEFT(I44,2)="P8")),"T02 atau P8 tidak boleh R2; ","")&IF(AND(LEFT(H44,3)="T01",LEFT(I44,2)<>"P6",N44=""),"T01 biasanya P6; jelaskan di V12; ","")&IF(AND(LEFT(I44,2)="P1",LEFT(K44,2)<>"K4",N44=""),"P1 biasanya K4; jelaskan di V12; ",""))) | R44: =IF(INDEX(Korpus!$B:$B,$A44)="","",INDEX(Korpus!$B:$B,$A44)) -> BAB V PEMROSESAN DATA PRIBADI | S44: =IF(INDEX(Korpus!$C:$C,$A44)="","",INDEX(Korpus!$C:$C,$A44))
A45: 45 | B45: =IF(Petunjuk!$C$4="","",Petunjuk!$C$4) -> Afriansyah | C45: =IF(INDEX(Korpus!$A:$A,$A45)="","",INDEX(Korpus!$A:$A,$A45)) -> UU 27 Thn 2022 (PDP) | D45: =TRIM(INDEX(Korpus!$D:$D,$A45)&" "&INDEX(Korpus!$E:$E,$A45)) -> Pasal 18 | E45: =IF(INDEX(Korpus!$F:$F,$A45)="","",INDEX(Korpus!$F:$F,$A45)) -> (1) Pemrosesan Data Pribadi dapat dilakukan oleh 2 (dua) atau lebih Pengendali Data Pribadi.(2) Dalam hal Pemrosesan Data Pribadi dilakukan oleh 2 (dua) atau lebih Pengendali Data Pribadi harus memenuhi syarat minimal: a. terdapat perjanjian antara para Pengendali Data Pribadi yang memuat peran, tanggung jawab, dan hubungan antar-Pengendali Data Pribadi; b. terdapat tujuan yang saling berkaitan dan cara pemrosesan Data Pribadi yang ditentukan secara bersama; dan c. terdapat narahubung yang ditunjuk secara bersama-sama. | P45: =IF(COUNTA(F45:K45)=6,"Lengkap","Belum lengkap ("&(6-COUNTA(F45:K45))&")") -> Belum lengkap (6) | Q45: =IF(COUNTA(F45:K45)<6,"",IF(IF(AND(LEFT(G45,2)="R0",LEFT(K45,2)<>"K5"),"R0 harus K5; ","")&IF(AND(LEFT(G45,2)="R1",LEFT(K45,2)="K3"),"R1 tidak boleh K3 (fungsional); ","")&IF(AND(LEFT(G45,2)="R2",LEFT(K45,2)="K5"),"R2 tidak boleh K5; ","")&IF(AND(LEFT(G45,2)="R2",OR(LEFT(F45,2)="S6",LEFT(F45,2)="S7",LEFT(F45,2)="S8")),"R2 tidak boleh S6/S7/S8; ","")&IF(AND(LEFT(G45,2)="R2",OR(LEFT(H45,3)="T02",LEFT(I45,2)="P8")),"T02 atau P8 tidak boleh R2; ","")&IF(AND(LEFT(H45,3)="T01",LEFT(I45,2)<>"P6",N45=""),"T01 biasanya P6; jelaskan di V12; ","")&IF(AND(LEFT(I45,2)="P1",LEFT(K45,2)<>"K4",N45=""),"P1 biasanya K4; jelaskan di V12; ","")="","OK",IF(AND(LEFT(G45,2)="R0",LEFT(K45,2)<>"K5"),"R0 harus K5; ","")&IF(AND(LEFT(G45,2)="R1",LEFT(K45,2)="K3"),"R1 tidak boleh K3 (fungsional); ","")&IF(AND(LEFT(G45,2)="R2",LEFT(K45,2)="K5"),"R2 tidak boleh K5; ","")&IF(AND(LEFT(G45,2)="R2",OR(LEFT(F45,2)="S6",LEFT(F45,2)="S7",LEFT(F45,2)="S8")),"R2 tidak boleh S6/S7/S8; ","")&IF(AND(LEFT(G45,2)="R2",OR(LEFT(H45,3)="T02",LEFT(I45,2)="P8")),"T02 atau P8 tidak boleh R2; ","")&IF(AND(LEFT(H45,3)="T01",LEFT(I45,2)<>"P6",N45=""),"T01 biasanya P6; jelaskan di V12; ","")&IF(AND(LEFT(I45,2)="P1",LEFT(K45,2)<>"K4",N45=""),"P1 biasanya K4; jelaskan di V12; ",""))) | R45: =IF(INDEX(Korpus!$B:$B,$A45)="","",INDEX(Korpus!$B:$B,$A45)) -> BAB V PEMROSESAN DATA PRIBADI | S45: =IF(INDEX(Korpus!$C:$C,$A45)="","",INDEX(Korpus!$C:$C,$A45))
A46: 46 | B46: =IF(Petunjuk!$C$4="","",Petunjuk!$C$4) -> Afriansyah | C46: =IF(INDEX(Korpus!$A:$A,$A46)="","",INDEX(Korpus!$A:$A,$A46)) -> UU 27 Thn 2022 (PDP) | D46: =TRIM(INDEX(Korpus!$D:$D,$A46)&" "&INDEX(Korpus!$E:$E,$A46)) -> Pasal 19 | E46: =IF(INDEX(Korpus!$F:$F,$A46)="","",INDEX(Korpus!$F:$F,$A46)) -> Pengendali Data Pribadi dan Prosesor Data Pribadi meliputi: a. Setiap Orang; b. Badan Publik; dan c. Organisasi Internasional. | P46: =IF(COUNTA(F46:K46)=6,"Lengkap","Belum lengkap ("&(6-COUNTA(F46:K46))&")") -> Belum lengkap (6) | Q46: =IF(COUNTA(F46:K46)<6,"",IF(IF(AND(LEFT(G46,2)="R0",LEFT(K46,2)<>"K5"),"R0 harus K5; ","")&IF(AND(LEFT(G46,2)="R1",LEFT(K46,2)="K3"),"R1 tidak boleh K3 (fungsional); ","")&IF(AND(LEFT(G46,2)="R2",LEFT(K46,2)="K5"),"R2 tidak boleh K5; ","")&IF(AND(LEFT(G46,2)="R2",OR(LEFT(F46,2)="S6",LEFT(F46,2)="S7",LEFT(F46,2)="S8")),"R2 tidak boleh S6/S7/S8; ","")&IF(AND(LEFT(G46,2)="R2",OR(LEFT(H46,3)="T02",LEFT(I46,2)="P8")),"T02 atau P8 tidak boleh R2; ","")&IF(AND(LEFT(H46,3)="T01",LEFT(I46,2)<>"P6",N46=""),"T01 biasanya P6; jelaskan di V12; ","")&IF(AND(LEFT(I46,2)="P1",LEFT(K46,2)<>"K4",N46=""),"P1 biasanya K4; jelaskan di V12; ","")="","OK",IF(AND(LEFT(G46,2)="R0",LEFT(K46,2)<>"K5"),"R0 harus K5; ","")&IF(AND(LEFT(G46,2)="R1",LEFT(K46,2)="K3"),"R1 tidak boleh K3 (fungsional); ","")&IF(AND(LEFT(G46,2)="R2",LEFT(K46,2)="K5"),"R2 tidak boleh K5; ","")&IF(AND(LEFT(G46,2)="R2",OR(LEFT(F46,2)="S6",LEFT(F46,2)="S7",LEFT(F46,2)="S8")),"R2 tidak boleh S6/S7/S8; ","")&IF(AND(LEFT(G46,2)="R2",OR(LEFT(H46,3)="T02",LEFT(I46,2)="P8")),"T02 atau P8 tidak boleh R2; ","")&IF(AND(LEFT(H46,3)="T01",LEFT(I46,2)<>"P6",N46=""),"T01 biasanya P6; jelaskan di V12; ","")&IF(AND(LEFT(I46,2)="P1",LEFT(K46,2)<>"K4",N46=""),"P1 biasanya K4; jelaskan di V12; ",""))) | R46: =IF(INDEX(Korpus!$B:$B,$A46)="","",INDEX(Korpus!$B:$B,$A46)) -> BAB VI KEWAJIBAN PENGENDALI DATA PRIBADI DAN PROSESOR DATA PRIBADI DALAM PEMROSESAN DATA PRIBADI | S46: =IF(INDEX(Korpus!$C:$C,$A46)="","",INDEX(Korpus!$C:$C,$A46)) -> Bagian Kesatu Umum
A47: 47 | B47: =IF(Petunjuk!$C$4="","",Petunjuk!$C$4) -> Afriansyah | C47: =IF(INDEX(Korpus!$A:$A,$A47)="","",INDEX(Korpus!$A:$A,$A47)) -> UU 27 Thn 2022 (PDP) | D47: =TRIM(INDEX(Korpus!$D:$D,$A47)&" "&INDEX(Korpus!$E:$E,$A47)) -> Pasal 20 | E47: =IF(INDEX(Korpus!$F:$F,$A47)="","",INDEX(Korpus!$F:$F,$A47)) -> (1) Pengendali Data Pribadi wajib memiliki dasar pemrosesan Data Pribadi. (2) Dasar pemrosesan Data Pribadi sebagaimana dimaksud pada ayat (1) meliputi:a. persetujuan yang sah secara eksplisit dari Subjek Data Pribadi untuk 1 (satu) atau beberapa tujuan tertentu yang telah disampaikan oleh Pengendali Data Pribadi kepada Subjek Data Pribadi; b. pemenuhan kewajiban perjanjian dalam hal Subjek Data Pribadi merupakan salah satu pihak atau untuk memenuhi permintaan Subjek Data Pribadi pada saat akan melakukan perjanjian; c. pemenuhan kewajiban hukum dari Pengendali Data Pribadi sesuai dengan ketentuan peraturan perundang-undangan; d. pemenuhan pelindungan kepentingan vital Subjek Data Pribadi; e. pelaksanaan tugas dalam rangka kepentingan umum, pelayanan publik, atau pelaksanaan kewenangan Pengendali Data Pribadi berdasarkan peraturan perundang-undangan; dan/atau f. pemenuhan kepentingan yang sah lainnya dengan memperhatikan tujuan, kebutuhan, dan keseimbangan kepentingan Pengendali Data Pribadi dan hak Subjek Data Pribadi. | P47: =IF(COUNTA(F47:K47)=6,"Lengkap","Belum lengkap ("&(6-COUNTA(F47:K47))&")") -> Belum lengkap (6) | Q47: =IF(COUNTA(F47:K47)<6,"",IF(IF(AND(LEFT(G47,2)="R0",LEFT(K47,2)<>"K5"),"R0 harus K5; ","")&IF(AND(LEFT(G47,2)="R1",LEFT(K47,2)="K3"),"R1 tidak boleh K3 (fungsional); ","")&IF(AND(LEFT(G47,2)="R2",LEFT(K47,2)="K5"),"R2 tidak boleh K5; ","")&IF(AND(LEFT(G47,2)="R2",OR(LEFT(F47,2)="S6",LEFT(F47,2)="S7",LEFT(F47,2)="S8")),"R2 tidak boleh S6/S7/S8; ","")&IF(AND(LEFT(G47,2)="R2",OR(LEFT(H47,3)="T02",LEFT(I47,2)="P8")),"T02 atau P8 tidak boleh R2; ","")&IF(AND(LEFT(H47,3)="T01",LEFT(I47,2)<>"P6",N47=""),"T01 biasanya P6; jelaskan di V12; ","")&IF(AND(LEFT(I47,2)="P1",LEFT(K47,2)<>"K4",N47=""),"P1 biasanya K4; jelaskan di V12; ","")="","OK",IF(AND(LEFT(G47,2)="R0",LEFT(K47,2)<>"K5"),"R0 harus K5; ","")&IF(AND(LEFT(G47,2)="R1",LEFT(K47,2)="K3"),"R1 tidak boleh K3 (fungsional); ","")&IF(AND(LEFT(G47,2)="R2",LEFT(K47,2)="K5"),"R2 tidak boleh K5; ","")&IF(AND(LEFT(G47,2)="R2",OR(LEFT(F47,2)="S6",LEFT(F47,2)="S7",LEFT(F47,2)="S8")),"R2 tidak boleh S6/S7/S8; ","")&IF(AND(LEFT(G47,2)="R2",OR(LEFT(H47,3)="T02",LEFT(I47,2)="P8")),"T02 atau P8 tidak boleh R2; ","")&IF(AND(LEFT(H47,3)="T01",LEFT(I47,2)<>"P6",N47=""),"T01 biasanya P6; jelaskan di V12; ","")&IF(AND(LEFT(I47,2)="P1",LEFT(K47,2)<>"K4",N47=""),"P1 biasanya K4; jelaskan di V12; ",""))) | R47: =IF(INDEX(Korpus!$B:$B,$A47)="","",INDEX(Korpus!$B:$B,$A47)) -> BAB VI KEWAJIBAN PENGENDALI DATA PRIBADI DAN PROSESOR DATA PRIBADI DALAM PEMROSESAN DATA PRIBADI | S47: =IF(INDEX(Korpus!$C:$C,$A47)="","",INDEX(Korpus!$C:$C,$A47)) -> Bagian Kedua Kewajiban Pengendali Data Pribadi
A48: 48 | B48: =IF(Petunjuk!$C$4="","",Petunjuk!$C$4) -> Afriansyah | C48: =IF(INDEX(Korpus!$A:$A,$A48)="","",INDEX(Korpus!$A:$A,$A48)) -> UU 27 Thn 2022 (PDP) | D48: =TRIM(INDEX(Korpus!$D:$D,$A48)&" "&INDEX(Korpus!$E:$E,$A48)) -> Pasal 21 | E48: =IF(INDEX(Korpus!$F:$F,$A48)="","",INDEX(Korpus!$F:$F,$A48)) -> (1) Dalam hal pemrosesan Data Pribadi berdasarkan persetujuan sebagaimana dimaksud dalam Pasal 20 ayat (2) huruf a, Pengendali Data Pribadi wajib menyampaikan Informasi mengenai:a. legalitas dari pemrosesan Data Pribadi; b. tujuan pemrosesan Data Pribadi; c. jenis dan relevansi Data Pribadi yang akan diproses; d. jangka waktu retensi dokumen yang memuat Data Pribadi; e. rincian mengenai Informasi yang dikumpulkan; f. jangka waktu pemrosesan Data Pribadi; dang. hak Subjek Data Pribadi.(2) Dalam hal terdapat perubahan Informasi sebagaimana dimaksud pada ayat (1), Pengendali Data Pribadi wajib memberitahukan kepada Subjek Data Pribadi sebelum terjadi perubahan Informasi. | P48: =IF(COUNTA(F48:K48)=6,"Lengkap","Belum lengkap ("&(6-COUNTA(F48:K48))&")") -> Belum lengkap (6) | Q48: =IF(COUNTA(F48:K48)<6,"",IF(IF(AND(LEFT(G48,2)="R0",LEFT(K48,2)<>"K5"),"R0 harus K5; ","")&IF(AND(LEFT(G48,2)="R1",LEFT(K48,2)="K3"),"R1 tidak boleh K3 (fungsional); ","")&IF(AND(LEFT(G48,2)="R2",LEFT(K48,2)="K5"),"R2 tidak boleh K5; ","")&IF(AND(LEFT(G48,2)="R2",OR(LEFT(F48,2)="S6",LEFT(F48,2)="S7",LEFT(F48,2)="S8")),"R2 tidak boleh S6/S7/S8; ","")&IF(AND(LEFT(G48,2)="R2",OR(LEFT(H48,3)="T02",LEFT(I48,2)="P8")),"T02 atau P8 tidak boleh R2; ","")&IF(AND(LEFT(H48,3)="T01",LEFT(I48,2)<>"P6",N48=""),"T01 biasanya P6; jelaskan di V12; ","")&IF(AND(LEFT(I48,2)="P1",LEFT(K48,2)<>"K4",N48=""),"P1 biasanya K4; jelaskan di V12; ","")="","OK",IF(AND(LEFT(G48,2)="R0",LEFT(K48,2)<>"K5"),"R0 harus K5; ","")&IF(AND(LEFT(G48,2)="R1",LEFT(K48,2)="K3"),"R1 tidak boleh K3 (fungsional); ","")&IF(AND(LEFT(G48,2)="R2",LEFT(K48,2)="K5"),"R2 tidak boleh K5; ","")&IF(AND(LEFT(G48,2)="R2",OR(LEFT(F48,2)="S6",LEFT(F48,2)="S7",LEFT(F48,2)="S8")),"R2 tidak boleh S6/S7/S8; ","")&IF(AND(LEFT(G48,2)="R2",OR(LEFT(H48,3)="T02",LEFT(I48,2)="P8")),"T02 atau P8 tidak boleh R2; ","")&IF(AND(LEFT(H48,3)="T01",LEFT(I48,2)<>"P6",N48=""),"T01 biasanya P6; jelaskan di V12; ","")&IF(AND(LEFT(I48,2)="P1",LEFT(K48,2)<>"K4",N48=""),"P1 biasanya K4; jelaskan di V12; ",""))) | R48: =IF(INDEX(Korpus!$B:$B,$A48)="","",INDEX(Korpus!$B:$B,$A48)) -> BAB VI KEWAJIBAN PENGENDALI DATA PRIBADI DAN PROSESOR DATA PRIBADI DALAM PEMROSESAN DATA PRIBADI | S48: =IF(INDEX(Korpus!$C:$C,$A48)="","",INDEX(Korpus!$C:$C,$A48)) -> Bagian Kedua Kewajiban Pengendali Data Pribadi
A49: 49 | B49: =IF(Petunjuk!$C$4="","",Petunjuk!$C$4) -> Afriansyah | C49: =IF(INDEX(Korpus!$A:$A,$A49)="","",INDEX(Korpus!$A:$A,$A49)) -> UU 27 Thn 2022 (PDP) | D49: =TRIM(INDEX(Korpus!$D:$D,$A49)&" "&INDEX(Korpus!$E:$E,$A49)) -> Pasal 22 | E49: =IF(INDEX(Korpus!$F:$F,$A49)="","",INDEX(Korpus!$F:$F,$A49)) -> (1) Persetujuan pemrosesan Data Pribadi dilakukan melalui persetujuan tertulis atau terekam. (2) Persetujuan sebagaimana dimaksud pada ayat (1) dapat disampaikan secara elektronik atau nonelektronik.(3) Persetujuan sebagaimana dimaksud pada ayat (1) mempunyai kekuatan hukum yang sama.(4). Dalam hal persetuluan sebagaimana dimaksud pada ayat (1) memuat tujuan lain, permintaan persetujuan harus memenuhi ketentuan:a. dapat dibedakan secara jelas dengan hal lainnya; b. dibuat dengan format yang dapat dipahami dan mudah diakses; dan c. menggunakan bahasa yang sederhana dan jelas.(5) Persetujuan yang tidak memenuhi ketentuan sebagaimana dimaksud pada ayat (1) dan ayat (4) dinyatakan batal demi hukum. | P49: =IF(COUNTA(F49:K49)=6,"Lengkap","Belum lengkap ("&(6-COUNTA(F49:K49))&")") -> Belum lengkap (6) | Q49: =IF(COUNTA(F49:K49)<6,"",IF(IF(AND(LEFT(G49,2)="R0",LEFT(K49,2)<>"K5"),"R0 harus K5; ","")&IF(AND(LEFT(G49,2)="R1",LEFT(K49,2)="K3"),"R1 tidak boleh K3 (fungsional); ","")&IF(AND(LEFT(G49,2)="R2",LEFT(K49,2)="K5"),"R2 tidak boleh K5; ","")&IF(AND(LEFT(G49,2)="R2",OR(LEFT(F49,2)="S6",LEFT(F49,2)="S7",LEFT(F49,2)="S8")),"R2 tidak boleh S6/S7/S8; ","")&IF(AND(LEFT(G49,2)="R2",OR(LEFT(H49,3)="T02",LEFT(I49,2)="P8")),"T02 atau P8 tidak boleh R2; ","")&IF(AND(LEFT(H49,3)="T01",LEFT(I49,2)<>"P6",N49=""),"T01 biasanya P6; jelaskan di V12; ","")&IF(AND(LEFT(I49,2)="P1",LEFT(K49,2)<>"K4",N49=""),"P1 biasanya K4; jelaskan di V12; ","")="","OK",IF(AND(LEFT(G49,2)="R0",LEFT(K49,2)<>"K5"),"R0 harus K5; ","")&IF(AND(LEFT(G49,2)="R1",LEFT(K49,2)="K3"),"R1 tidak boleh K3 (fungsional); ","")&IF(AND(LEFT(G49,2)="R2",LEFT(K49,2)="K5"),"R2 tidak boleh K5; ","")&IF(AND(LEFT(G49,2)="R2",OR(LEFT(F49,2)="S6",LEFT(F49,2)="S7",LEFT(F49,2)="S8")),"R2 tidak boleh S6/S7/S8; ","")&IF(AND(LEFT(G49,2)="R2",OR(LEFT(H49,3)="T02",LEFT(I49,2)="P8")),"T02 atau P8 tidak boleh R2; ","")&IF(AND(LEFT(H49,3)="T01",LEFT(I49,2)<>"P6",N49=""),"T01 biasanya P6; jelaskan di V12; ","")&IF(AND(LEFT(I49,2)="P1",LEFT(K49,2)<>"K4",N49=""),"P1 biasanya K4; jelaskan di V12; ",""))) | R49: =IF(INDEX(Korpus!$B:$B,$A49)="","",INDEX(Korpus!$B:$B,$A49)) -> BAB VI KEWAJIBAN PENGENDALI DATA PRIBADI DAN PROSESOR DATA PRIBADI DALAM PEMROSESAN DATA PRIBADI | S49: =IF(INDEX(Korpus!$C:$C,$A49)="","",INDEX(Korpus!$C:$C,$A49)) -> Bagian Kedua Kewajiban Pengendali Data Pribadi
A50: 50 | B50: =IF(Petunjuk!$C$4="","",Petunjuk!$C$4) -> Afriansyah | C50: =IF(INDEX(Korpus!$A:$A,$A50)="","",INDEX(Korpus!$A:$A,$A50)) -> UU 27 Thn 2022 (PDP) | D50: =TRIM(INDEX(Korpus!$D:$D,$A50)&" "&INDEX(Korpus!$E:$E,$A50)) -> Pasal 23 | E50: =IF(INDEX(Korpus!$F:$F,$A50)="","",INDEX(Korpus!$F:$F,$A50)) -> Klausul perjanjian yang di dalamnya terdapat permintaan pemrosesan Data Pribadi yang tidak memuat persetujuan yang sah secara eksplisit dari Subjek Data Pribadi dinyatakan batal demi hukum. | P50: =IF(COUNTA(F50:K50)=6,"Lengkap","Belum lengkap ("&(6-COUNTA(F50:K50))&")") -> Belum lengkap (6) | Q50: =IF(COUNTA(F50:K50)<6,"",IF(IF(AND(LEFT(G50,2)="R0",LEFT(K50,2)<>"K5"),"R0 harus K5; ","")&IF(AND(LEFT(G50,2)="R1",LEFT(K50,2)="K3"),"R1 tidak boleh K3 (fungsional); ","")&IF(AND(LEFT(G50,2)="R2",LEFT(K50,2)="K5"),"R2 tidak boleh K5; ","")&IF(AND(LEFT(G50,2)="R2",OR(LEFT(F50,2)="S6",LEFT(F50,2)="S7",LEFT(F50,2)="S8")),"R2 tidak boleh S6/S7/S8; ","")&IF(AND(LEFT(G50,2)="R2",OR(LEFT(H50,3)="T02",LEFT(I50,2)="P8")),"T02 atau P8 tidak boleh R2; ","")&IF(AND(LEFT(H50,3)="T01",LEFT(I50,2)<>"P6",N50=""),"T01 biasanya P6; jelaskan di V12; ","")&IF(AND(LEFT(I50,2)="P1",LEFT(K50,2)<>"K4",N50=""),"P1 biasanya K4; jelaskan di V12; ","")="","OK",IF(AND(LEFT(G50,2)="R0",LEFT(K50,2)<>"K5"),"R0 harus K5; ","")&IF(AND(LEFT(G50,2)="R1",LEFT(K50,2)="K3"),"R1 tidak boleh K3 (fungsional); ","")&IF(AND(LEFT(G50,2)="R2",LEFT(K50,2)="K5"),"R2 tidak boleh K5; ","")&IF(AND(LEFT(G50,2)="R2",OR(LEFT(F50,2)="S6",LEFT(F50,2)="S7",LEFT(F50,2)="S8")),"R2 tidak boleh S6/S7/S8; ","")&IF(AND(LEFT(G50,2)="R2",OR(LEFT(H50,3)="T02",LEFT(I50,2)="P8")),"T02 atau P8 tidak boleh R2; ","")&IF(AND(LEFT(H50,3)="T01",LEFT(I50,2)<>"P6",N50=""),"T01 biasanya P6; jelaskan di V12; ","")&IF(AND(LEFT(I50,2)="P1",LEFT(K50,2)<>"K4",N50=""),"P1 biasanya K4; jelaskan di V12; ",""))) | R50: =IF(INDEX(Korpus!$B:$B,$A50)="","",INDEX(Korpus!$B:$B,$A50)) -> BAB VI KEWAJIBAN PENGENDALI DATA PRIBADI DAN PROSESOR DATA PRIBADI DALAM PEMROSESAN DATA PRIBADI | S50: =IF(INDEX(Korpus!$C:$C,$A50)="","",INDEX(Korpus!$C:$C,$A50)) -> Bagian Kedua Kewajiban Pengendali Data Pribadi
A51: 51 | B51: =IF(Petunjuk!$C$4="","",Petunjuk!$C$4) -> Afriansyah | C51: =IF(INDEX(Korpus!$A:$A,$A51)="","",INDEX(Korpus!$A:$A,$A51)) -> UU 27 Thn 2022 (PDP) | D51: =TRIM(INDEX(Korpus!$D:$D,$A51)&" "&INDEX(Korpus!$E:$E,$A51)) -> Pasal 24 | E51: =IF(INDEX(Korpus!$F:$F,$A51)="","",INDEX(Korpus!$F:$F,$A51)) -> Dalam melakukan pemrosesan Data Pribadi, Pengendali Data Pribadi wajib menunjukkan bukti persetujuan yang telah diberikan oleh Subjek Data Pribadi. | P51: =IF(COUNTA(F51:K51)=6,"Lengkap","Belum lengkap ("&(6-COUNTA(F51:K51))&")") -> Belum lengkap (6) | Q51: =IF(COUNTA(F51:K51)<6,"",IF(IF(AND(LEFT(G51,2)="R0",LEFT(K51,2)<>"K5"),"R0 harus K5; ","")&IF(AND(LEFT(G51,2)="R1",LEFT(K51,2)="K3"),"R1 tidak boleh K3 (fungsional); ","")&IF(AND(LEFT(G51,2)="R2",LEFT(K51,2)="K5"),"R2 tidak boleh K5; ","")&IF(AND(LEFT(G51,2)="R2",OR(LEFT(F51,2)="S6",LEFT(F51,2)="S7",LEFT(F51,2)="S8")),"R2 tidak boleh S6/S7/S8; ","")&IF(AND(LEFT(G51,2)="R2",OR(LEFT(H51,3)="T02",LEFT(I51,2)="P8")),"T02 atau P8 tidak boleh R2; ","")&IF(AND(LEFT(H51,3)="T01",LEFT(I51,2)<>"P6",N51=""),"T01 biasanya P6; jelaskan di V12; ","")&IF(AND(LEFT(I51,2)="P1",LEFT(K51,2)<>"K4",N51=""),"P1 biasanya K4; jelaskan di V12; ","")="","OK",IF(AND(LEFT(G51,2)="R0",LEFT(K51,2)<>"K5"),"R0 harus K5; ","")&IF(AND(LEFT(G51,2)="R1",LEFT(K51,2)="K3"),"R1 tidak boleh K3 (fungsional); ","")&IF(AND(LEFT(G51,2)="R2",LEFT(K51,2)="K5"),"R2 tidak boleh K5; ","")&IF(AND(LEFT(G51,2)="R2",OR(LEFT(F51,2)="S6",LEFT(F51,2)="S7",LEFT(F51,2)="S8")),"R2 tidak boleh S6/S7/S8; ","")&IF(AND(LEFT(G51,2)="R2",OR(LEFT(H51,3)="T02",LEFT(I51,2)="P8")),"T02 atau P8 tidak boleh R2; ","")&IF(AND(LEFT(H51,3)="T01",LEFT(I51,2)<>"P6",N51=""),"T01 biasanya P6; jelaskan di V12; ","")&IF(AND(LEFT(I51,2)="P1",LEFT(K51,2)<>"K4",N51=""),"P1 biasanya K4; jelaskan di V12; ",""))) | R51: =IF(INDEX(Korpus!$B:$B,$A51)="","",INDEX(Korpus!$B:$B,$A51)) -> BAB VI KEWAJIBAN PENGENDALI DATA PRIBADI DAN PROSESOR DATA PRIBADI DALAM PEMROSESAN DATA PRIBADI | S51: =IF(INDEX(Korpus!$C:$C,$A51)="","",INDEX(Korpus!$C:$C,$A51)) -> Bagian Kedua Kewajiban Pengendali Data Pribadi
A52: 52 | B52: =IF(Petunjuk!$C$4="","",Petunjuk!$C$4) -> Afriansyah | C52: =IF(INDEX(Korpus!$A:$A,$A52)="","",INDEX(Korpus!$A:$A,$A52)) -> UU 27 Thn 2022 (PDP) | D52: =TRIM(INDEX(Korpus!$D:$D,$A52)&" "&INDEX(Korpus!$E:$E,$A52)) -> Pasal 25 | E52: =IF(INDEX(Korpus!$F:$F,$A52)="","",INDEX(Korpus!$F:$F,$A52)) -> (1) Pemrosesan Data Pribadi anak secara khusus.(2) Pemrosesan Data Pribadi anak sebagaimana dimaksud pada ayat (1) wajib mendapat persetujuan dari orang tua anak dan/ atau wali anak sesuai dengan ketentuan peraturan perundang-undangan. | F52: S2 - Prosesor Data Pribadi | H52: T06 - Data Pribadi Anak dan Kelompok Rentan | I52: P2 - Kewajiban | J52: F2 - Pengumpulan atau akuisisi | K52: K4 - Batasan atau aturan bisnis hukum. Apakah teks membatasi apa yang boleh dilakukan sistem, atau apa dan siapa yang tercakup? | O52: Ya | P52: =IF(COUNTA(F52:K52)=6,"Lengkap","Belum lengkap ("&(6-COUNTA(F52:K52))&")") -> Belum lengkap (1) | Q52: =IF(COUNTA(F52:K52)<6,"",IF(IF(AND(LEFT(G52,2)="R0",LEFT(K52,2)<>"K5"),"R0 harus K5; ","")&IF(AND(LEFT(G52,2)="R1",LEFT(K52,2)="K3"),"R1 tidak boleh K3 (fungsional); ","")&IF(AND(LEFT(G52,2)="R2",LEFT(K52,2)="K5"),"R2 tidak boleh K5; ","")&IF(AND(LEFT(G52,2)="R2",OR(LEFT(F52,2)="S6",LEFT(F52,2)="S7",LEFT(F52,2)="S8")),"R2 tidak boleh S6/S7/S8; ","")&IF(AND(LEFT(G52,2)="R2",OR(LEFT(H52,3)="T02",LEFT(I52,2)="P8")),"T02 atau P8 tidak boleh R2; ","")&IF(AND(LEFT(H52,3)="T01",LEFT(I52,2)<>"P6",N52=""),"T01 biasanya P6; jelaskan di V12; ","")&IF(AND(LEFT(I52,2)="P1",LEFT(K52,2)<>"K4",N52=""),"P1 biasanya K4; jelaskan di V12; ","")="","OK",IF(AND(LEFT(G52,2)="R0",LEFT(K52,2)<>"K5"),"R0 harus K5; ","")&IF(AND(LEFT(G52,2)="R1",LEFT(K52,2)="K3"),"R1 tidak boleh K3 (fungsional); ","")&IF(AND(LEFT(G52,2)="R2",LEFT(K52,2)="K5"),"R2 tidak boleh K5; ","")&IF(AND(LEFT(G52,2)="R2",OR(LEFT(F52,2)="S6",LEFT(F52,2)="S7",LEFT(F52,2)="S8")),"R2 tidak boleh S6/S7/S8; ","")&IF(AND(LEFT(G52,2)="R2",OR(LEFT(H52,3)="T02",LEFT(I52,2)="P8")),"T02 atau P8 tidak boleh R2; ","")&IF(AND(LEFT(H52,3)="T01",LEFT(I52,2)<>"P6",N52=""),"T01 biasanya P6; jelaskan di V12; ","")&IF(AND(LEFT(I52,2)="P1",LEFT(K52,2)<>"K4",N52=""),"P1 biasanya K4; jelaskan di V12; ",""))) | R52: =IF(INDEX(Korpus!$B:$B,$A52)="","",INDEX(Korpus!$B:$B,$A52)) -> BAB VI KEWAJIBAN PENGENDALI DATA PRIBADI DAN PROSESOR DATA PRIBADI DALAM PEMROSESAN DATA PRIBADI | S52: =IF(INDEX(Korpus!$C:$C,$A52)="","",INDEX(Korpus!$C:$C,$A52)) -> Bagian Kedua Kewajiban Pengendali Data Pribadi
A53: 53 | B53: =IF(Petunjuk!$C$4="","",Petunjuk!$C$4) -> Afriansyah | C53: =IF(INDEX(Korpus!$A:$A,$A53)="","",INDEX(Korpus!$A:$A,$A53)) -> UU 27 Thn 2022 (PDP) | D53: =TRIM(INDEX(Korpus!$D:$D,$A53)&" "&INDEX(Korpus!$E:$E,$A53)) -> Pasal 26 | E53: =IF(INDEX(Korpus!$F:$F,$A53)="","",INDEX(Korpus!$F:$F,$A53)) -> (1) Pemrosesan Data Pribadi penyandang disabilitas diselenggarakan secara khusus.(2) Pemrosesan Data Pribadi penyandang disabilitas sebagaimana dimaksud pada ayat (1) dilakukan melalui komunikasi dengan menggunakan cara tertentu sesuai dengan ketentuan perundang-undangan.(3) Pemrosesan Data Pribadi penyandang disabilitas sebagaimana dimaksud pada ayat (2) wajib mendapat persetujuan dari penyandang disabilitas dan/ atau wali penyandang disabilitas sesuai dengan ketentuan peraturan perundang-undangan. | P53: =IF(COUNTA(F53:K53)=6,"Lengkap","Belum lengkap ("&(6-COUNTA(F53:K53))&")") -> Belum lengkap (6) | Q53: =IF(COUNTA(F53:K53)<6,"",IF(IF(AND(LEFT(G53,2)="R0",LEFT(K53,2)<>"K5"),"R0 harus K5; ","")&IF(AND(LEFT(G53,2)="R1",LEFT(K53,2)="K3"),"R1 tidak boleh K3 (fungsional); ","")&IF(AND(LEFT(G53,2)="R2",LEFT(K53,2)="K5"),"R2 tidak boleh K5; ","")&IF(AND(LEFT(G53,2)="R2",OR(LEFT(F53,2)="S6",LEFT(F53,2)="S7",LEFT(F53,2)="S8")),"R2 tidak boleh S6/S7/S8; ","")&IF(AND(LEFT(G53,2)="R2",OR(LEFT(H53,3)="T02",LEFT(I53,2)="P8")),"T02 atau P8 tidak boleh R2; ","")&IF(AND(LEFT(H53,3)="T01",LEFT(I53,2)<>"P6",N53=""),"T01 biasanya P6; jelaskan di V12; ","")&IF(AND(LEFT(I53,2)="P1",LEFT(K53,2)<>"K4",N53=""),"P1 biasanya K4; jelaskan di V12; ","")="","OK",IF(AND(LEFT(G53,2)="R0",LEFT(K53,2)<>"K5"),"R0 harus K5; ","")&IF(AND(LEFT(G53,2)="R1",LEFT(K53,2)="K3"),"R1 tidak boleh K3 (fungsional); ","")&IF(AND(LEFT(G53,2)="R2",LEFT(K53,2)="K5"),"R2 tidak boleh K5; ","")&IF(AND(LEFT(G53,2)="R2",OR(LEFT(F53,2)="S6",LEFT(F53,2)="S7",LEFT(F53,2)="S8")),"R2 tidak boleh S6/S7/S8; ","")&IF(AND(LEFT(G53,2)="R2",OR(LEFT(H53,3)="T02",LEFT(I53,2)="P8")),"T02 atau P8 tidak boleh R2; ","")&IF(AND(LEFT(H53,3)="T01",LEFT(I53,2)<>"P6",N53=""),"T01 biasanya P6; jelaskan di V12; ","")&IF(AND(LEFT(I53,2)="P1",LEFT(K53,2)<>"K4",N53=""),"P1 biasanya K4; jelaskan di V12; ",""))) | R53: =IF(INDEX(Korpus!$B:$B,$A53)="","",INDEX(Korpus!$B:$B,$A53)) -> BAB VI KEWAJIBAN PENGENDALI DATA PRIBADI DAN PROSESOR DATA PRIBADI DALAM PEMROSESAN DATA PRIBADI | S53: =IF(INDEX(Korpus!$C:$C,$A53)="","",INDEX(Korpus!$C:$C,$A53)) -> Bagian Kedua Kewajiban Pengendali Data Pribadi
A54: 54 | B54: =IF(Petunjuk!$C$4="","",Petunjuk!$C$4) -> Afriansyah | C54: =IF(INDEX(Korpus!$A:$A,$A54)="","",INDEX(Korpus!$A:$A,$A54)) -> UU 27 Thn 2022 (PDP) | D54: =TRIM(INDEX(Korpus!$D:$D,$A54)&" "&INDEX(Korpus!$E:$E,$A54)) -> Pasal 27 | E54: =IF(INDEX(Korpus!$F:$F,$A54)="","",INDEX(Korpus!$F:$F,$A54)) -> Pengendali Data Pribadi wajib melakukan pemrosesan Data Pribadi secara terbatas dan spesifik, sah secara hukum, dan transparan. | F54: S1 - Pengendali Data Pribadi | I54: P2 - Kewajiban | J54: F1 - Perencanaan dan dasar pemrosesan | K54: K4 - Batasan atau aturan bisnis hukum. Apakah teks membatasi apa yang boleh dilakukan sistem, atau apa dan siapa yang tercakup? | O54: Ya | P54: =IF(COUNTA(F54:K54)=6,"Lengkap","Belum lengkap ("&(6-COUNTA(F54:K54))&")") -> Belum lengkap (2) | Q54: =IF(COUNTA(F54:K54)<6,"",IF(IF(AND(LEFT(G54,2)="R0",LEFT(K54,2)<>"K5"),"R0 harus K5; ","")&IF(AND(LEFT(G54,2)="R1",LEFT(K54,2)="K3"),"R1 tidak boleh K3 (fungsional); ","")&IF(AND(LEFT(G54,2)="R2",LEFT(K54,2)="K5"),"R2 tidak boleh K5; ","")&IF(AND(LEFT(G54,2)="R2",OR(LEFT(F54,2)="S6",LEFT(F54,2)="S7",LEFT(F54,2)="S8")),"R2 tidak boleh S6/S7/S8; ","")&IF(AND(LEFT(G54,2)="R2",OR(LEFT(H54,3)="T02",LEFT(I54,2)="P8")),"T02 atau P8 tidak boleh R2; ","")&IF(AND(LEFT(H54,3)="T01",LEFT(I54,2)<>"P6",N54=""),"T01 biasanya P6; jelaskan di V12; ","")&IF(AND(LEFT(I54,2)="P1",LEFT(K54,2)<>"K4",N54=""),"P1 biasanya K4; jelaskan di V12; ","")="","OK",IF(AND(LEFT(G54,2)="R0",LEFT(K54,2)<>"K5"),"R0 harus K5; ","")&IF(AND(LEFT(G54,2)="R1",LEFT(K54,2)="K3"),"R1 tidak boleh K3 (fungsional); ","")&IF(AND(LEFT(G54,2)="R2",LEFT(K54,2)="K5"),"R2 tidak boleh K5; ","")&IF(AND(LEFT(G54,2)="R2",OR(LEFT(F54,2)="S6",LEFT(F54,2)="S7",LEFT(F54,2)="S8")),"R2 tidak boleh S6/S7/S8; ","")&IF(AND(LEFT(G54,2)="R2",OR(LEFT(H54,3)="T02",LEFT(I54,2)="P8")),"T02 atau P8 tidak boleh R2; ","")&IF(AND(LEFT(H54,3)="T01",LEFT(I54,2)<>"P6",N54=""),"T01 biasanya P6; jelaskan di V12; ","")&IF(AND(LEFT(I54,2)="P1",LEFT(K54,2)<>"K4",N54=""),"P1 biasanya K4; jelaskan di V12; ",""))) | R54: =IF(INDEX(Korpus!$B:$B,$A54)="","",INDEX(Korpus!$B:$B,$A54)) -> BAB VI KEWAJIBAN PENGENDALI DATA PRIBADI DAN PROSESOR DATA PRIBADI DALAM PEMROSESAN DATA PRIBADI | S54: =IF(INDEX(Korpus!$C:$C,$A54)="","",INDEX(Korpus!$C:$C,$A54)) -> Bagian Kedua Kewajiban Pengendali Data Pribadi
A55: 55 | B55: =IF(Petunjuk!$C$4="","",Petunjuk!$C$4) -> Afriansyah | C55: =IF(INDEX(Korpus!$A:$A,$A55)="","",INDEX(Korpus!$A:$A,$A55)) -> UU 27 Thn 2022 (PDP) | D55: =TRIM(INDEX(Korpus!$D:$D,$A55)&" "&INDEX(Korpus!$E:$E,$A55)) -> Pasal 28 | E55: =IF(INDEX(Korpus!$F:$F,$A55)="","",INDEX(Korpus!$F:$F,$A55)) -> Pengendali Data Pribadi wajib melakukan pemrosesan Data Pribadi sesuai dengan tujuan pemrosesan Data Pribadi. | P55: =IF(COUNTA(F55:K55)=6,"Lengkap","Belum lengkap ("&(6-COUNTA(F55:K55))&")") -> Belum lengkap (6) | Q55: =IF(COUNTA(F55:K55)<6,"",IF(IF(AND(LEFT(G55,2)="R0",LEFT(K55,2)<>"K5"),"R0 harus K5; ","")&IF(AND(LEFT(G55,2)="R1",LEFT(K55,2)="K3"),"R1 tidak boleh K3 (fungsional); ","")&IF(AND(LEFT(G55,2)="R2",LEFT(K55,2)="K5"),"R2 tidak boleh K5; ","")&IF(AND(LEFT(G55,2)="R2",OR(LEFT(F55,2)="S6",LEFT(F55,2)="S7",LEFT(F55,2)="S8")),"R2 tidak boleh S6/S7/S8; ","")&IF(AND(LEFT(G55,2)="R2",OR(LEFT(H55,3)="T02",LEFT(I55,2)="P8")),"T02 atau P8 tidak boleh R2; ","")&IF(AND(LEFT(H55,3)="T01",LEFT(I55,2)<>"P6",N55=""),"T01 biasanya P6; jelaskan di V12; ","")&IF(AND(LEFT(I55,2)="P1",LEFT(K55,2)<>"K4",N55=""),"P1 biasanya K4; jelaskan di V12; ","")="","OK",IF(AND(LEFT(G55,2)="R0",LEFT(K55,2)<>"K5"),"R0 harus K5; ","")&IF(AND(LEFT(G55,2)="R1",LEFT(K55,2)="K3"),"R1 tidak boleh K3 (fungsional); ","")&IF(AND(LEFT(G55,2)="R2",LEFT(K55,2)="K5"),"R2 tidak boleh K5; ","")&IF(AND(LEFT(G55,2)="R2",OR(LEFT(F55,2)="S6",LEFT(F55,2)="S7",LEFT(F55,2)="S8")),"R2 tidak boleh S6/S7/S8; ","")&IF(AND(LEFT(G55,2)="R2",OR(LEFT(H55,3)="T02",LEFT(I55,2)="P8")),"T02 atau P8 tidak boleh R2; ","")&IF(AND(LEFT(H55,3)="T01",LEFT(I55,2)<>"P6",N55=""),"T01 biasanya P6; jelaskan di V12; ","")&IF(AND(LEFT(I55,2)="P1",LEFT(K55,2)<>"K4",N55=""),"P1 biasanya K4; jelaskan di V12; ",""))) | R55: =IF(INDEX(Korpus!$B:$B,$A55)="","",INDEX(Korpus!$B:$B,$A55)) -> BAB VI KEWAJIBAN PENGENDALI DATA PRIBADI DAN PROSESOR DATA PRIBADI DALAM PEMROSESAN DATA PRIBADI | S55: =IF(INDEX(Korpus!$C:$C,$A55)="","",INDEX(Korpus!$C:$C,$A55)) -> Bagian Kedua Kewajiban Pengendali Data Pribadi
A56: 56 | B56: =IF(Petunjuk!$C$4="","",Petunjuk!$C$4) -> Afriansyah | C56: =IF(INDEX(Korpus!$A:$A,$A56)="","",INDEX(Korpus!$A:$A,$A56)) -> UU 27 Thn 2022 (PDP) | D56: =TRIM(INDEX(Korpus!$D:$D,$A56)&" "&INDEX(Korpus!$E:$E,$A56)) -> Pasal 29 | E56: =IF(INDEX(Korpus!$F:$F,$A56)="","",INDEX(Korpus!$F:$F,$A56)) -> (1) Pengendali Data Pribadi wajib memastikan akurasi, kelengkapan, dan konsistensi Data Pribadi sesuai dengan ketentuan peraturan perundang-undangan.(2) Dalam memastikan akurasi, kelengkapan, dan konsistensi Data Pribadi sebagaimana dimaksud pada ayat (1) Pengendali Data Pribadi wajib melakukan verifikasi. | F56: S1 - Pengendali Data Pribadi | I56: P2 - Kewajiban | J56: F3 - Pengolahan dan analisis | O56: Ya | P56: =IF(COUNTA(F56:K56)=6,"Lengkap","Belum lengkap ("&(6-COUNTA(F56:K56))&")") -> Belum lengkap (3) | Q56: =IF(COUNTA(F56:K56)<6,"",IF(IF(AND(LEFT(G56,2)="R0",LEFT(K56,2)<>"K5"),"R0 harus K5; ","")&IF(AND(LEFT(G56,2)="R1",LEFT(K56,2)="K3"),"R1 tidak boleh K3 (fungsional); ","")&IF(AND(LEFT(G56,2)="R2",LEFT(K56,2)="K5"),"R2 tidak boleh K5; ","")&IF(AND(LEFT(G56,2)="R2",OR(LEFT(F56,2)="S6",LEFT(F56,2)="S7",LEFT(F56,2)="S8")),"R2 tidak boleh S6/S7/S8; ","")&IF(AND(LEFT(G56,2)="R2",OR(LEFT(H56,3)="T02",LEFT(I56,2)="P8")),"T02 atau P8 tidak boleh R2; ","")&IF(AND(LEFT(H56,3)="T01",LEFT(I56,2)<>"P6",N56=""),"T01 biasanya P6; jelaskan di V12; ","")&IF(AND(LEFT(I56,2)="P1",LEFT(K56,2)<>"K4",N56=""),"P1 biasanya K4; jelaskan di V12; ","")="","OK",IF(AND(LEFT(G56,2)="R0",LEFT(K56,2)<>"K5"),"R0 harus K5; ","")&IF(AND(LEFT(G56,2)="R1",LEFT(K56,2)="K3"),"R1 tidak boleh K3 (fungsional); ","")&IF(AND(LEFT(G56,2)="R2",LEFT(K56,2)="K5"),"R2 tidak boleh K5; ","")&IF(AND(LEFT(G56,2)="R2",OR(LEFT(F56,2)="S6",LEFT(F56,2)="S7",LEFT(F56,2)="S8")),"R2 tidak boleh S6/S7/S8; ","")&IF(AND(LEFT(G56,2)="R2",OR(LEFT(H56,3)="T02",LEFT(I56,2)="P8")),"T02 atau P8 tidak boleh R2; ","")&IF(AND(LEFT(H56,3)="T01",LEFT(I56,2)<>"P6",N56=""),"T01 biasanya P6; jelaskan di V12; ","")&IF(AND(LEFT(I56,2)="P1",LEFT(K56,2)<>"K4",N56=""),"P1 biasanya K4; jelaskan di V12; ",""))) | R56: =IF(INDEX(Korpus!$B:$B,$A56)="","",INDEX(Korpus!$B:$B,$A56)) -> BAB VI KEWAJIBAN PENGENDALI DATA PRIBADI DAN PROSESOR DATA PRIBADI DALAM PEMROSESAN DATA PRIBADI | S56: =IF(INDEX(Korpus!$C:$C,$A56)="","",INDEX(Korpus!$C:$C,$A56)) -> Bagian Kedua Kewajiban Pengendali Data Pribadi
A57: 57 | B57: =IF(Petunjuk!$C$4="","",Petunjuk!$C$4) -> Afriansyah | C57: =IF(INDEX(Korpus!$A:$A,$A57)="","",INDEX(Korpus!$A:$A,$A57)) -> UU 27 Thn 2022 (PDP) | D57: =TRIM(INDEX(Korpus!$D:$D,$A57)&" "&INDEX(Korpus!$E:$E,$A57)) -> Pasal 30 | E57: =IF(INDEX(Korpus!$F:$F,$A57)="","",INDEX(Korpus!$F:$F,$A57)) -> (1) Pengendali Data Pribadi wajib memperbarui dan/ atau memperbaiki kesalahan dan/atau ketidakakuratan Data Pribadi paling lambat 3 x 24 (tiga kali dua puluh empat) jam terhitung sejak Pengendali Data Pribadi menerima permintaan pembaruan dan/atau perbaikan Data Pribadi.(2) Pengendali Data Pribadi wajib memberitahukan hasil pembaruan dan/atau perbaikan Data Pribadi kepada Subjek Data Pribadi. | P57: =IF(COUNTA(F57:K57)=6,"Lengkap","Belum lengkap ("&(6-COUNTA(F57:K57))&")") -> Belum lengkap (6) | Q57: =IF(COUNTA(F57:K57)<6,"",IF(IF(AND(LEFT(G57,2)="R0",LEFT(K57,2)<>"K5"),"R0 harus K5; ","")&IF(AND(LEFT(G57,2)="R1",LEFT(K57,2)="K3"),"R1 tidak boleh K3 (fungsional); ","")&IF(AND(LEFT(G57,2)="R2",LEFT(K57,2)="K5"),"R2 tidak boleh K5; ","")&IF(AND(LEFT(G57,2)="R2",OR(LEFT(F57,2)="S6",LEFT(F57,2)="S7",LEFT(F57,2)="S8")),"R2 tidak boleh S6/S7/S8; ","")&IF(AND(LEFT(G57,2)="R2",OR(LEFT(H57,3)="T02",LEFT(I57,2)="P8")),"T02 atau P8 tidak boleh R2; ","")&IF(AND(LEFT(H57,3)="T01",LEFT(I57,2)<>"P6",N57=""),"T01 biasanya P6; jelaskan di V12; ","")&IF(AND(LEFT(I57,2)="P1",LEFT(K57,2)<>"K4",N57=""),"P1 biasanya K4; jelaskan di V12; ","")="","OK",IF(AND(LEFT(G57,2)="R0",LEFT(K57,2)<>"K5"),"R0 harus K5; ","")&IF(AND(LEFT(G57,2)="R1",LEFT(K57,2)="K3"),"R1 tidak boleh K3 (fungsional); ","")&IF(AND(LEFT(G57,2)="R2",LEFT(K57,2)="K5"),"R2 tidak boleh K5; ","")&IF(AND(LEFT(G57,2)="R2",OR(LEFT(F57,2)="S6",LEFT(F57,2)="S7",LEFT(F57,2)="S8")),"R2 tidak boleh S6/S7/S8; ","")&IF(AND(LEFT(G57,2)="R2",OR(LEFT(H57,3)="T02",LEFT(I57,2)="P8")),"T02 atau P8 tidak boleh R2; ","")&IF(AND(LEFT(H57,3)="T01",LEFT(I57,2)<>"P6",N57=""),"T01 biasanya P6; jelaskan di V12; ","")&IF(AND(LEFT(I57,2)="P1",LEFT(K57,2)<>"K4",N57=""),"P1 biasanya K4; jelaskan di V12; ",""))) | R57: =IF(INDEX(Korpus!$B:$B,$A57)="","",INDEX(Korpus!$B:$B,$A57)) -> BAB VI KEWAJIBAN PENGENDALI DATA PRIBADI DAN PROSESOR DATA PRIBADI DALAM PEMROSESAN DATA PRIBADI | S57: =IF(INDEX(Korpus!$C:$C,$A57)="","",INDEX(Korpus!$C:$C,$A57)) -> Bagian Kedua Kewajiban Pengendali Data Pribadi
A58: 58 | B58: =IF(Petunjuk!$C$4="","",Petunjuk!$C$4) -> Afriansyah | C58: =IF(INDEX(Korpus!$A:$A,$A58)="","",INDEX(Korpus!$A:$A,$A58)) -> UU 27 Thn 2022 (PDP) | D58: =TRIM(INDEX(Korpus!$D:$D,$A58)&" "&INDEX(Korpus!$E:$E,$A58)) -> Pasal 31 | E58: =IF(INDEX(Korpus!$F:$F,$A58)="","",INDEX(Korpus!$F:$F,$A58)) -> Pengendali Data Pribadi wajib melakukan perekaman terhadap seluruh kegiatan pemrosesan Data Pribadi. | P58: =IF(COUNTA(F58:K58)=6,"Lengkap","Belum lengkap ("&(6-COUNTA(F58:K58))&")") -> Belum lengkap (6) | Q58: =IF(COUNTA(F58:K58)<6,"",IF(IF(AND(LEFT(G58,2)="R0",LEFT(K58,2)<>"K5"),"R0 harus K5; ","")&IF(AND(LEFT(G58,2)="R1",LEFT(K58,2)="K3"),"R1 tidak boleh K3 (fungsional); ","")&IF(AND(LEFT(G58,2)="R2",LEFT(K58,2)="K5"),"R2 tidak boleh K5; ","")&IF(AND(LEFT(G58,2)="R2",OR(LEFT(F58,2)="S6",LEFT(F58,2)="S7",LEFT(F58,2)="S8")),"R2 tidak boleh S6/S7/S8; ","")&IF(AND(LEFT(G58,2)="R2",OR(LEFT(H58,3)="T02",LEFT(I58,2)="P8")),"T02 atau P8 tidak boleh R2; ","")&IF(AND(LEFT(H58,3)="T01",LEFT(I58,2)<>"P6",N58=""),"T01 biasanya P6; jelaskan di V12; ","")&IF(AND(LEFT(I58,2)="P1",LEFT(K58,2)<>"K4",N58=""),"P1 biasanya K4; jelaskan di V12; ","")="","OK",IF(AND(LEFT(G58,2)="R0",LEFT(K58,2)<>"K5"),"R0 harus K5; ","")&IF(AND(LEFT(G58,2)="R1",LEFT(K58,2)="K3"),"R1 tidak boleh K3 (fungsional); ","")&IF(AND(LEFT(G58,2)="R2",LEFT(K58,2)="K5"),"R2 tidak boleh K5; ","")&IF(AND(LEFT(G58,2)="R2",OR(LEFT(F58,2)="S6",LEFT(F58,2)="S7",LEFT(F58,2)="S8")),"R2 tidak boleh S6/S7/S8; ","")&IF(AND(LEFT(G58,2)="R2",OR(LEFT(H58,3)="T02",LEFT(I58,2)="P8")),"T02 atau P8 tidak boleh R2; ","")&IF(AND(LEFT(H58,3)="T01",LEFT(I58,2)<>"P6",N58=""),"T01 biasanya P6; jelaskan di V12; ","")&IF(AND(LEFT(I58,2)="P1",LEFT(K58,2)<>"K4",N58=""),"P1 biasanya K4; jelaskan di V12; ",""))) | R58: =IF(INDEX(Korpus!$B:$B,$A58)="","",INDEX(Korpus!$B:$B,$A58)) -> BAB VI KEWAJIBAN PENGENDALI DATA PRIBADI DAN PROSESOR DATA PRIBADI DALAM PEMROSESAN DATA PRIBADI | S58: =IF(INDEX(Korpus!$C:$C,$A58)="","",INDEX(Korpus!$C:$C,$A58)) -> Bagian Kedua Kewajiban Pengendali Data Pribadi
A59: 59 | B59: =IF(Petunjuk!$C$4="","",Petunjuk!$C$4) -> Afriansyah | C59: =IF(INDEX(Korpus!$A:$A,$A59)="","",INDEX(Korpus!$A:$A,$A59)) -> UU 27 Thn 2022 (PDP) | D59: =TRIM(INDEX(Korpus!$D:$D,$A59)&" "&INDEX(Korpus!$E:$E,$A59)) -> Pasal 32 | E59: =IF(INDEX(Korpus!$F:$F,$A59)="","",INDEX(Korpus!$F:$F,$A59)) -> (1) Pengendali Data Pribadi wajib memberikan akses kepada Subjek Data Pribadi terhadap Data Pribadi yang diproses beserta rekam jejak pemrosesan Data Pribadi sesuai dengan jangka waktu penyimpanan Data Pribadi.(2) Akses sebagaimana dimaksud pada ayat (1) diberikan paling lambat 3 x 24 (tiga kali dua puluh empat) jam terhitung sejak Pengendali Data Pribadi menerima permintaan akses. | P59: =IF(COUNTA(F59:K59)=6,"Lengkap","Belum lengkap ("&(6-COUNTA(F59:K59))&")") -> Belum lengkap (6) | Q59: =IF(COUNTA(F59:K59)<6,"",IF(IF(AND(LEFT(G59,2)="R0",LEFT(K59,2)<>"K5"),"R0 harus K5; ","")&IF(AND(LEFT(G59,2)="R1",LEFT(K59,2)="K3"),"R1 tidak boleh K3 (fungsional); ","")&IF(AND(LEFT(G59,2)="R2",LEFT(K59,2)="K5"),"R2 tidak boleh K5; ","")&IF(AND(LEFT(G59,2)="R2",OR(LEFT(F59,2)="S6",LEFT(F59,2)="S7",LEFT(F59,2)="S8")),"R2 tidak boleh S6/S7/S8; ","")&IF(AND(LEFT(G59,2)="R2",OR(LEFT(H59,3)="T02",LEFT(I59,2)="P8")),"T02 atau P8 tidak boleh R2; ","")&IF(AND(LEFT(H59,3)="T01",LEFT(I59,2)<>"P6",N59=""),"T01 biasanya P6; jelaskan di V12; ","")&IF(AND(LEFT(I59,2)="P1",LEFT(K59,2)<>"K4",N59=""),"P1 biasanya K4; jelaskan di V12; ","")="","OK",IF(AND(LEFT(G59,2)="R0",LEFT(K59,2)<>"K5"),"R0 harus K5; ","")&IF(AND(LEFT(G59,2)="R1",LEFT(K59,2)="K3"),"R1 tidak boleh K3 (fungsional); ","")&IF(AND(LEFT(G59,2)="R2",LEFT(K59,2)="K5"),"R2 tidak boleh K5; ","")&IF(AND(LEFT(G59,2)="R2",OR(LEFT(F59,2)="S6",LEFT(F59,2)="S7",LEFT(F59,2)="S8")),"R2 tidak boleh S6/S7/S8; ","")&IF(AND(LEFT(G59,2)="R2",OR(LEFT(H59,3)="T02",LEFT(I59,2)="P8")),"T02 atau P8 tidak boleh R2; ","")&IF(AND(LEFT(H59,3)="T01",LEFT(I59,2)<>"P6",N59=""),"T01 biasanya P6; jelaskan di V12; ","")&IF(AND(LEFT(I59,2)="P1",LEFT(K59,2)<>"K4",N59=""),"P1 biasanya K4; jelaskan di V12; ",""))) | R59: =IF(INDEX(Korpus!$B:$B,$A59)="","",INDEX(Korpus!$B:$B,$A59)) -> BAB VI KEWAJIBAN PENGENDALI DATA PRIBADI DAN PROSESOR DATA PRIBADI DALAM PEMROSESAN DATA PRIBADI | S59: =IF(INDEX(Korpus!$C:$C,$A59)="","",INDEX(Korpus!$C:$C,$A59)) -> Bagian Kedua Kewajiban Pengendali Data Pribadi
A60: 60 | B60: =IF(Petunjuk!$C$4="","",Petunjuk!$C$4) -> Afriansyah | C60: =IF(INDEX(Korpus!$A:$A,$A60)="","",INDEX(Korpus!$A:$A,$A60)) -> UU 27 Thn 2022 (PDP) | D60: =TRIM(INDEX(Korpus!$D:$D,$A60)&" "&INDEX(Korpus!$E:$E,$A60)) -> Pasal 33 | E60: =IF(INDEX(Korpus!$F:$F,$A60)="","",INDEX(Korpus!$F:$F,$A60)) -> Pengendali Data Pribadi wajib menolak memberikan akses perubahan terhadap Data Pribadi kepada Subjek Data Pribadi dalam hal:a. membahayakan keamanan, kesehatan fisik, atau kesehatan mental Subjek Data Pribadi dan/ atau orang lain; b. berdampak pada pengungkapan Data Pribadi milik orang lain; dan/ atau c. bertentangan dengan kepentingan pertahanan dan keamanan nasional. | P60: =IF(COUNTA(F60:K60)=6,"Lengkap","Belum lengkap ("&(6-COUNTA(F60:K60))&")") -> Belum lengkap (6) | Q60: =IF(COUNTA(F60:K60)<6,"",IF(IF(AND(LEFT(G60,2)="R0",LEFT(K60,2)<>"K5"),"R0 harus K5; ","")&IF(AND(LEFT(G60,2)="R1",LEFT(K60,2)="K3"),"R1 tidak boleh K3 (fungsional); ","")&IF(AND(LEFT(G60,2)="R2",LEFT(K60,2)="K5"),"R2 tidak boleh K5; ","")&IF(AND(LEFT(G60,2)="R2",OR(LEFT(F60,2)="S6",LEFT(F60,2)="S7",LEFT(F60,2)="S8")),"R2 tidak boleh S6/S7/S8; ","")&IF(AND(LEFT(G60,2)="R2",OR(LEFT(H60,3)="T02",LEFT(I60,2)="P8")),"T02 atau P8 tidak boleh R2; ","")&IF(AND(LEFT(H60,3)="T01",LEFT(I60,2)<>"P6",N60=""),"T01 biasanya P6; jelaskan di V12; ","")&IF(AND(LEFT(I60,2)="P1",LEFT(K60,2)<>"K4",N60=""),"P1 biasanya K4; jelaskan di V12; ","")="","OK",IF(AND(LEFT(G60,2)="R0",LEFT(K60,2)<>"K5"),"R0 harus K5; ","")&IF(AND(LEFT(G60,2)="R1",LEFT(K60,2)="K3"),"R1 tidak boleh K3 (fungsional); ","")&IF(AND(LEFT(G60,2)="R2",LEFT(K60,2)="K5"),"R2 tidak boleh K5; ","")&IF(AND(LEFT(G60,2)="R2",OR(LEFT(F60,2)="S6",LEFT(F60,2)="S7",LEFT(F60,2)="S8")),"R2 tidak boleh S6/S7/S8; ","")&IF(AND(LEFT(G60,2)="R2",OR(LEFT(H60,3)="T02",LEFT(I60,2)="P8")),"T02 atau P8 tidak boleh R2; ","")&IF(AND(LEFT(H60,3)="T01",LEFT(I60,2)<>"P6",N60=""),"T01 biasanya P6; jelaskan di V12; ","")&IF(AND(LEFT(I60,2)="P1",LEFT(K60,2)<>"K4",N60=""),"P1 biasanya K4; jelaskan di V12; ",""))) | R60: =IF(INDEX(Korpus!$B:$B,$A60)="","",INDEX(Korpus!$B:$B,$A60)) -> BAB VI KEWAJIBAN PENGENDALI DATA PRIBADI DAN PROSESOR DATA PRIBADI DALAM PEMROSESAN DATA PRIBADI | S60: =IF(INDEX(Korpus!$C:$C,$A60)="","",INDEX(Korpus!$C:$C,$A60)) -> Bagian Kedua Kewajiban Pengendali Data Pribadi
A61: 61 | B61: =IF(Petunjuk!$C$4="","",Petunjuk!$C$4) -> Afriansyah | C61: =IF(INDEX(Korpus!$A:$A,$A61)="","",INDEX(Korpus!$A:$A,$A61)) -> UU 27 Thn 2022 (PDP) | D61: =TRIM(INDEX(Korpus!$D:$D,$A61)&" "&INDEX(Korpus!$E:$E,$A61)) -> Pasal 34 | E61: =IF(INDEX(Korpus!$F:$F,$A61)="","",INDEX(Korpus!$F:$F,$A61)) -> (1) Pengendali Data Pribadi wajib melakukan penilaian dampak Pelindungan Data Pribadi dalam hal pemrosesan Data Pribadi memiliki potensi risiko tinggi terhadap Subjek Data Pribadi.(2) Pemrosesan Data Pribadi memiliki potensi risiko tinggi sebagaimana dimaksud pada ayat (1) meliputi:a. pengambilan keputusan secara otomatis yang memiliki akibat hukum atau dampak yang signifikan terhadap Subjek Data Pribadi; b. pemrosesan atas Data Pribadi yang bersifat spesifik; c. pemrosesan Data Pribadi dalam skala besar; d. pemrosesan Data Pribadi untuk kegiatan evaluasi, penskoran, atau pemantauan yang sistematis terhadap Subjek Data Pribadi; e. pemrosesan Data Pribadi untuk kegiatan pencocokan atau penggabungan sekelompok data; f. penggunaan teknologi baru dalam pemrosesan Data Pribadi; dan/ atau g. pemrosesan Data Pribadi yang membatasi pelaksanaan hak Subjek Data Pribadi.(3) Ketentuan lebih lanjut mengenai penilaian dampak Pelindungan Data Pribadi diatur dalam Peraturan Pemerintah. | P61: =IF(COUNTA(F61:K61)=6,"Lengkap","Belum lengkap ("&(6-COUNTA(F61:K61))&")") -> Belum lengkap (6) | Q61: =IF(COUNTA(F61:K61)<6,"",IF(IF(AND(LEFT(G61,2)="R0",LEFT(K61,2)<>"K5"),"R0 harus K5; ","")&IF(AND(LEFT(G61,2)="R1",LEFT(K61,2)="K3"),"R1 tidak boleh K3 (fungsional); ","")&IF(AND(LEFT(G61,2)="R2",LEFT(K61,2)="K5"),"R2 tidak boleh K5; ","")&IF(AND(LEFT(G61,2)="R2",OR(LEFT(F61,2)="S6",LEFT(F61,2)="S7",LEFT(F61,2)="S8")),"R2 tidak boleh S6/S7/S8; ","")&IF(AND(LEFT(G61,2)="R2",OR(LEFT(H61,3)="T02",LEFT(I61,2)="P8")),"T02 atau P8 tidak boleh R2; ","")&IF(AND(LEFT(H61,3)="T01",LEFT(I61,2)<>"P6",N61=""),"T01 biasanya P6; jelaskan di V12; ","")&IF(AND(LEFT(I61,2)="P1",LEFT(K61,2)<>"K4",N61=""),"P1 biasanya K4; jelaskan di V12; ","")="","OK",IF(AND(LEFT(G61,2)="R0",LEFT(K61,2)<>"K5"),"R0 harus K5; ","")&IF(AND(LEFT(G61,2)="R1",LEFT(K61,2)="K3"),"R1 tidak boleh K3 (fungsional); ","")&IF(AND(LEFT(G61,2)="R2",LEFT(K61,2)="K5"),"R2 tidak boleh K5; ","")&IF(AND(LEFT(G61,2)="R2",OR(LEFT(F61,2)="S6",LEFT(F61,2)="S7",LEFT(F61,2)="S8")),"R2 tidak boleh S6/S7/S8; ","")&IF(AND(LEFT(G61,2)="R2",OR(LEFT(H61,3)="T02",LEFT(I61,2)="P8")),"T02 atau P8 tidak boleh R2; ","")&IF(AND(LEFT(H61,3)="T01",LEFT(I61,2)<>"P6",N61=""),"T01 biasanya P6; jelaskan di V12; ","")&IF(AND(LEFT(I61,2)="P1",LEFT(K61,2)<>"K4",N61=""),"P1 biasanya K4; jelaskan di V12; ",""))) | R61: =IF(INDEX(Korpus!$B:$B,$A61)="","",INDEX(Korpus!$B:$B,$A61)) -> BAB VI KEWAJIBAN PENGENDALI DATA PRIBADI DAN PROSESOR DATA PRIBADI DALAM PEMROSESAN DATA PRIBADI | S61: =IF(INDEX(Korpus!$C:$C,$A61)="","",INDEX(Korpus!$C:$C,$A61)) -> Bagian Kedua Kewajiban Pengendali Data Pribadi
A62: 62 | B62: =IF(Petunjuk!$C$4="","",Petunjuk!$C$4) -> Afriansyah | C62: =IF(INDEX(Korpus!$A:$A,$A62)="","",INDEX(Korpus!$A:$A,$A62)) -> UU 27 Thn 2022 (PDP) | D62: =TRIM(INDEX(Korpus!$D:$D,$A62)&" "&INDEX(Korpus!$E:$E,$A62)) -> Pasal 35 | E62: =IF(INDEX(Korpus!$F:$F,$A62)="","",INDEX(Korpus!$F:$F,$A62)) -> Pengendali Data Pribadi wajib melindungi dan memastikan keamanan Data Pribadi yang diprosesnya, dengan melakukan:a. penyusunan dan penerapan langkah teknis operasional untuk melindungi Data Pribadi dari gangguan pemrosesan Data Pribadi yang bertentangan dengan ketentuan peraturan perundang-undangan; dan b. penentuan tingkat keamanan Data Pribadi dengan memperhatikan sifat dan risiko dari Data Pribadi yang harus dilindungi dalam pemrosesan Data Pribadi. | P62: =IF(COUNTA(F62:K62)=6,"Lengkap","Belum lengkap ("&(6-COUNTA(F62:K62))&")") -> Belum lengkap (6) | Q62: =IF(COUNTA(F62:K62)<6,"",IF(IF(AND(LEFT(G62,2)="R0",LEFT(K62,2)<>"K5"),"R0 harus K5; ","")&IF(AND(LEFT(G62,2)="R1",LEFT(K62,2)="K3"),"R1 tidak boleh K3 (fungsional); ","")&IF(AND(LEFT(G62,2)="R2",LEFT(K62,2)="K5"),"R2 tidak boleh K5; ","")&IF(AND(LEFT(G62,2)="R2",OR(LEFT(F62,2)="S6",LEFT(F62,2)="S7",LEFT(F62,2)="S8")),"R2 tidak boleh S6/S7/S8; ","")&IF(AND(LEFT(G62,2)="R2",OR(LEFT(H62,3)="T02",LEFT(I62,2)="P8")),"T02 atau P8 tidak boleh R2; ","")&IF(AND(LEFT(H62,3)="T01",LEFT(I62,2)<>"P6",N62=""),"T01 biasanya P6; jelaskan di V12; ","")&IF(AND(LEFT(I62,2)="P1",LEFT(K62,2)<>"K4",N62=""),"P1 biasanya K4; jelaskan di V12; ","")="","OK",IF(AND(LEFT(G62,2)="R0",LEFT(K62,2)<>"K5"),"R0 harus K5; ","")&IF(AND(LEFT(G62,2)="R1",LEFT(K62,2)="K3"),"R1 tidak boleh K3 (fungsional); ","")&IF(AND(LEFT(G62,2)="R2",LEFT(K62,2)="K5"),"R2 tidak boleh K5; ","")&IF(AND(LEFT(G62,2)="R2",OR(LEFT(F62,2)="S6",LEFT(F62,2)="S7",LEFT(F62,2)="S8")),"R2 tidak boleh S6/S7/S8; ","")&IF(AND(LEFT(G62,2)="R2",OR(LEFT(H62,3)="T02",LEFT(I62,2)="P8")),"T02 atau P8 tidak boleh R2; ","")&IF(AND(LEFT(H62,3)="T01",LEFT(I62,2)<>"P6",N62=""),"T01 biasanya P6; jelaskan di V12; ","")&IF(AND(LEFT(I62,2)="P1",LEFT(K62,2)<>"K4",N62=""),"P1 biasanya K4; jelaskan di V12; ",""))) | R62: =IF(INDEX(Korpus!$B:$B,$A62)="","",INDEX(Korpus!$B:$B,$A62)) -> BAB VI KEWAJIBAN PENGENDALI DATA PRIBADI DAN PROSESOR DATA PRIBADI DALAM PEMROSESAN DATA PRIBADI | S62: =IF(INDEX(Korpus!$C:$C,$A62)="","",INDEX(Korpus!$C:$C,$A62)) -> Bagian Kedua Kewajiban Pengendali Data Pribadi
A63: 63 | B63: =IF(Petunjuk!$C$4="","",Petunjuk!$C$4) -> Afriansyah | C63: =IF(INDEX(Korpus!$A:$A,$A63)="","",INDEX(Korpus!$A:$A,$A63)) -> UU 27 Thn 2022 (PDP) | D63: =TRIM(INDEX(Korpus!$D:$D,$A63)&" "&INDEX(Korpus!$E:$E,$A63)) -> Pasal 36 | E63: =IF(INDEX(Korpus!$F:$F,$A63)="","",INDEX(Korpus!$F:$F,$A63)) -> Dalam melakukan pemrosesan Data Pribadi, Pengendali Data Pribadi wajib menjaga kerahasiaan Data Pribadi. | P63: =IF(COUNTA(F63:K63)=6,"Lengkap","Belum lengkap ("&(6-COUNTA(F63:K63))&")") -> Belum lengkap (6) | Q63: =IF(COUNTA(F63:K63)<6,"",IF(IF(AND(LEFT(G63,2)="R0",LEFT(K63,2)<>"K5"),"R0 harus K5; ","")&IF(AND(LEFT(G63,2)="R1",LEFT(K63,2)="K3"),"R1 tidak boleh K3 (fungsional); ","")&IF(AND(LEFT(G63,2)="R2",LEFT(K63,2)="K5"),"R2 tidak boleh K5; ","")&IF(AND(LEFT(G63,2)="R2",OR(LEFT(F63,2)="S6",LEFT(F63,2)="S7",LEFT(F63,2)="S8")),"R2 tidak boleh S6/S7/S8; ","")&IF(AND(LEFT(G63,2)="R2",OR(LEFT(H63,3)="T02",LEFT(I63,2)="P8")),"T02 atau P8 tidak boleh R2; ","")&IF(AND(LEFT(H63,3)="T01",LEFT(I63,2)<>"P6",N63=""),"T01 biasanya P6; jelaskan di V12; ","")&IF(AND(LEFT(I63,2)="P1",LEFT(K63,2)<>"K4",N63=""),"P1 biasanya K4; jelaskan di V12; ","")="","OK",IF(AND(LEFT(G63,2)="R0",LEFT(K63,2)<>"K5"),"R0 harus K5; ","")&IF(AND(LEFT(G63,2)="R1",LEFT(K63,2)="K3"),"R1 tidak boleh K3 (fungsional); ","")&IF(AND(LEFT(G63,2)="R2",LEFT(K63,2)="K5"),"R2 tidak boleh K5; ","")&IF(AND(LEFT(G63,2)="R2",OR(LEFT(F63,2)="S6",LEFT(F63,2)="S7",LEFT(F63,2)="S8")),"R2 tidak boleh S6/S7/S8; ","")&IF(AND(LEFT(G63,2)="R2",OR(LEFT(H63,3)="T02",LEFT(I63,2)="P8")),"T02 atau P8 tidak boleh R2; ","")&IF(AND(LEFT(H63,3)="T01",LEFT(I63,2)<>"P6",N63=""),"T01 biasanya P6; jelaskan di V12; ","")&IF(AND(LEFT(I63,2)="P1",LEFT(K63,2)<>"K4",N63=""),"P1 biasanya K4; jelaskan di V12; ",""))) | R63: =IF(INDEX(Korpus!$B:$B,$A63)="","",INDEX(Korpus!$B:$B,$A63)) -> BAB VI KEWAJIBAN PENGENDALI DATA PRIBADI DAN PROSESOR DATA PRIBADI DALAM PEMROSESAN DATA PRIBADI | S63: =IF(INDEX(Korpus!$C:$C,$A63)="","",INDEX(Korpus!$C:$C,$A63)) -> Bagian Kedua Kewajiban Pengendali Data Pribadi
A64: 64 | B64: =IF(Petunjuk!$C$4="","",Petunjuk!$C$4) -> Afriansyah | C64: =IF(INDEX(Korpus!$A:$A,$A64)="","",INDEX(Korpus!$A:$A,$A64)) -> UU 27 Thn 2022 (PDP) | D64: =TRIM(INDEX(Korpus!$D:$D,$A64)&" "&INDEX(Korpus!$E:$E,$A64)) -> Pasal 37 | E64: =IF(INDEX(Korpus!$F:$F,$A64)="","",INDEX(Korpus!$F:$F,$A64)) -> Pengendali Data Pribadi wajib melakukan pengawasan terhadap setiap pihak yang terlibat dalam pemrosesan Data Pribadi di bawah kendali Pengendali Data Pribadi. | P64: =IF(COUNTA(F64:K64)=6,"Lengkap","Belum lengkap ("&(6-COUNTA(F64:K64))&")") -> Belum lengkap (6) | Q64: =IF(COUNTA(F64:K64)<6,"",IF(IF(AND(LEFT(G64,2)="R0",LEFT(K64,2)<>"K5"),"R0 harus K5; ","")&IF(AND(LEFT(G64,2)="R1",LEFT(K64,2)="K3"),"R1 tidak boleh K3 (fungsional); ","")&IF(AND(LEFT(G64,2)="R2",LEFT(K64,2)="K5"),"R2 tidak boleh K5; ","")&IF(AND(LEFT(G64,2)="R2",OR(LEFT(F64,2)="S6",LEFT(F64,2)="S7",LEFT(F64,2)="S8")),"R2 tidak boleh S6/S7/S8; ","")&IF(AND(LEFT(G64,2)="R2",OR(LEFT(H64,3)="T02",LEFT(I64,2)="P8")),"T02 atau P8 tidak boleh R2; ","")&IF(AND(LEFT(H64,3)="T01",LEFT(I64,2)<>"P6",N64=""),"T01 biasanya P6; jelaskan di V12; ","")&IF(AND(LEFT(I64,2)="P1",LEFT(K64,2)<>"K4",N64=""),"P1 biasanya K4; jelaskan di V12; ","")="","OK",IF(AND(LEFT(G64,2)="R0",LEFT(K64,2)<>"K5"),"R0 harus K5; ","")&IF(AND(LEFT(G64,2)="R1",LEFT(K64,2)="K3"),"R1 tidak boleh K3 (fungsional); ","")&IF(AND(LEFT(G64,2)="R2",LEFT(K64,2)="K5"),"R2 tidak boleh K5; ","")&IF(AND(LEFT(G64,2)="R2",OR(LEFT(F64,2)="S6",LEFT(F64,2)="S7",LEFT(F64,2)="S8")),"R2 tidak boleh S6/S7/S8; ","")&IF(AND(LEFT(G64,2)="R2",OR(LEFT(H64,3)="T02",LEFT(I64,2)="P8")),"T02 atau P8 tidak boleh R2; ","")&IF(AND(LEFT(H64,3)="T01",LEFT(I64,2)<>"P6",N64=""),"T01 biasanya P6; jelaskan di V12; ","")&IF(AND(LEFT(I64,2)="P1",LEFT(K64,2)<>"K4",N64=""),"P1 biasanya K4; jelaskan di V12; ",""))) | R64: =IF(INDEX(Korpus!$B:$B,$A64)="","",INDEX(Korpus!$B:$B,$A64)) -> BAB VI KEWAJIBAN PENGENDALI DATA PRIBADI DAN PROSESOR DATA PRIBADI DALAM PEMROSESAN DATA PRIBADI | S64: =IF(INDEX(Korpus!$C:$C,$A64)="","",INDEX(Korpus!$C:$C,$A64)) -> Bagian Kedua Kewajiban Pengendali Data Pribadi
A65: 65 | B65: =IF(Petunjuk!$C$4="","",Petunjuk!$C$4) -> Afriansyah | C65: =IF(INDEX(Korpus!$A:$A,$A65)="","",INDEX(Korpus!$A:$A,$A65)) -> UU 27 Thn 2022 (PDP) | D65: =TRIM(INDEX(Korpus!$D:$D,$A65)&" "&INDEX(Korpus!$E:$E,$A65)) -> Pasal 38 | E65: =IF(INDEX(Korpus!$F:$F,$A65)="","",INDEX(Korpus!$F:$F,$A65)) -> Pengendali Data Pribadi wajib melindungi Data Pribadi dari pemrosesan yang tidak sah. | P65: =IF(COUNTA(F65:K65)=6,"Lengkap","Belum lengkap ("&(6-COUNTA(F65:K65))&")") -> Belum lengkap (6) | Q65: =IF(COUNTA(F65:K65)<6,"",IF(IF(AND(LEFT(G65,2)="R0",LEFT(K65,2)<>"K5"),"R0 harus K5; ","")&IF(AND(LEFT(G65,2)="R1",LEFT(K65,2)="K3"),"R1 tidak boleh K3 (fungsional); ","")&IF(AND(LEFT(G65,2)="R2",LEFT(K65,2)="K5"),"R2 tidak boleh K5; ","")&IF(AND(LEFT(G65,2)="R2",OR(LEFT(F65,2)="S6",LEFT(F65,2)="S7",LEFT(F65,2)="S8")),"R2 tidak boleh S6/S7/S8; ","")&IF(AND(LEFT(G65,2)="R2",OR(LEFT(H65,3)="T02",LEFT(I65,2)="P8")),"T02 atau P8 tidak boleh R2; ","")&IF(AND(LEFT(H65,3)="T01",LEFT(I65,2)<>"P6",N65=""),"T01 biasanya P6; jelaskan di V12; ","")&IF(AND(LEFT(I65,2)="P1",LEFT(K65,2)<>"K4",N65=""),"P1 biasanya K4; jelaskan di V12; ","")="","OK",IF(AND(LEFT(G65,2)="R0",LEFT(K65,2)<>"K5"),"R0 harus K5; ","")&IF(AND(LEFT(G65,2)="R1",LEFT(K65,2)="K3"),"R1 tidak boleh K3 (fungsional); ","")&IF(AND(LEFT(G65,2)="R2",LEFT(K65,2)="K5"),"R2 tidak boleh K5; ","")&IF(AND(LEFT(G65,2)="R2",OR(LEFT(F65,2)="S6",LEFT(F65,2)="S7",LEFT(F65,2)="S8")),"R2 tidak boleh S6/S7/S8; ","")&IF(AND(LEFT(G65,2)="R2",OR(LEFT(H65,3)="T02",LEFT(I65,2)="P8")),"T02 atau P8 tidak boleh R2; ","")&IF(AND(LEFT(H65,3)="T01",LEFT(I65,2)<>"P6",N65=""),"T01 biasanya P6; jelaskan di V12; ","")&IF(AND(LEFT(I65,2)="P1",LEFT(K65,2)<>"K4",N65=""),"P1 biasanya K4; jelaskan di V12; ",""))) | R65: =IF(INDEX(Korpus!$B:$B,$A65)="","",INDEX(Korpus!$B:$B,$A65)) -> BAB VI KEWAJIBAN PENGENDALI DATA PRIBADI DAN PROSESOR DATA PRIBADI DALAM PEMROSESAN DATA PRIBADI | S65: =IF(INDEX(Korpus!$C:$C,$A65)="","",INDEX(Korpus!$C:$C,$A65)) -> Bagian Kedua Kewajiban Pengendali Data Pribadi
A66: 66 | B66: =IF(Petunjuk!$C$4="","",Petunjuk!$C$4) -> Afriansyah | C66: =IF(INDEX(Korpus!$A:$A,$A66)="","",INDEX(Korpus!$A:$A,$A66)) -> UU 27 Thn 2022 (PDP) | D66: =TRIM(INDEX(Korpus!$D:$D,$A66)&" "&INDEX(Korpus!$E:$E,$A66)) -> Pasal 39 | E66: =IF(INDEX(Korpus!$F:$F,$A66)="","",INDEX(Korpus!$F:$F,$A66)) -> (1) Pengendali Data Pribadi wajib mencegah Data Pribadi diakses secara tidak sah.(2) Pencegahan sebagaimana dimaksud pada ayat (1) dilakukan dengan sistem keamanan terhadap Data Pribadi yang diproses dan/ atau sistem memproses Data Pribadi elektronik secara andal, aman, dan bertanggung jawab.(3) Pencegahan sebagaimana dimaksud pada ayat (2) dilakukan sesuai dengan ketentuan peraturan perundang-undangan. | P66: =IF(COUNTA(F66:K66)=6,"Lengkap","Belum lengkap ("&(6-COUNTA(F66:K66))&")") -> Belum lengkap (6) | Q66: =IF(COUNTA(F66:K66)<6,"",IF(IF(AND(LEFT(G66,2)="R0",LEFT(K66,2)<>"K5"),"R0 harus K5; ","")&IF(AND(LEFT(G66,2)="R1",LEFT(K66,2)="K3"),"R1 tidak boleh K3 (fungsional); ","")&IF(AND(LEFT(G66,2)="R2",LEFT(K66,2)="K5"),"R2 tidak boleh K5; ","")&IF(AND(LEFT(G66,2)="R2",OR(LEFT(F66,2)="S6",LEFT(F66,2)="S7",LEFT(F66,2)="S8")),"R2 tidak boleh S6/S7/S8; ","")&IF(AND(LEFT(G66,2)="R2",OR(LEFT(H66,3)="T02",LEFT(I66,2)="P8")),"T02 atau P8 tidak boleh R2; ","")&IF(AND(LEFT(H66,3)="T01",LEFT(I66,2)<>"P6",N66=""),"T01 biasanya P6; jelaskan di V12; ","")&IF(AND(LEFT(I66,2)="P1",LEFT(K66,2)<>"K4",N66=""),"P1 biasanya K4; jelaskan di V12; ","")="","OK",IF(AND(LEFT(G66,2)="R0",LEFT(K66,2)<>"K5"),"R0 harus K5; ","")&IF(AND(LEFT(G66,2)="R1",LEFT(K66,2)="K3"),"R1 tidak boleh K3 (fungsional); ","")&IF(AND(LEFT(G66,2)="R2",LEFT(K66,2)="K5"),"R2 tidak boleh K5; ","")&IF(AND(LEFT(G66,2)="R2",OR(LEFT(F66,2)="S6",LEFT(F66,2)="S7",LEFT(F66,2)="S8")),"R2 tidak boleh S6/S7/S8; ","")&IF(AND(LEFT(G66,2)="R2",OR(LEFT(H66,3)="T02",LEFT(I66,2)="P8")),"T02 atau P8 tidak boleh R2; ","")&IF(AND(LEFT(H66,3)="T01",LEFT(I66,2)<>"P6",N66=""),"T01 biasanya P6; jelaskan di V12; ","")&IF(AND(LEFT(I66,2)="P1",LEFT(K66,2)<>"K4",N66=""),"P1 biasanya K4; jelaskan di V12; ",""))) | R66: =IF(INDEX(Korpus!$B:$B,$A66)="","",INDEX(Korpus!$B:$B,$A66)) -> BAB VI KEWAJIBAN PENGENDALI DATA PRIBADI DAN PROSESOR DATA PRIBADI DALAM PEMROSESAN DATA PRIBADI | S66: =IF(INDEX(Korpus!$C:$C,$A66)="","",INDEX(Korpus!$C:$C,$A66)) -> Bagian Kedua Kewajiban Pengendali Data Pribadi
A67: 67 | B67: =IF(Petunjuk!$C$4="","",Petunjuk!$C$4) -> Afriansyah | C67: =IF(INDEX(Korpus!$A:$A,$A67)="","",INDEX(Korpus!$A:$A,$A67)) -> UU 27 Thn 2022 (PDP) | D67: =TRIM(INDEX(Korpus!$D:$D,$A67)&" "&INDEX(Korpus!$E:$E,$A67)) -> Pasal 40 | E67: =IF(INDEX(Korpus!$F:$F,$A67)="","",INDEX(Korpus!$F:$F,$A67)) -> (1) Pengendali Data Pribadi wajib menghentikan pemrosesan Data Pribadi dalam hal Subjek Data Pribadi menarik kembali persetujuan pemrosesan Data Pribadi.(2) Penghentian pemrosesan Data Pribadi sebagaimana dimaksud pada ayat (1) dilakukan paling lambat 3 x 24 (tiga kali dua puluh empat) jam terhitung sejak Pengendali Data Pribadi menerima permintaan penarikan kembali persetujuan pemrosesan Data Pribadi. | P67: =IF(COUNTA(F67:K67)=6,"Lengkap","Belum lengkap ("&(6-COUNTA(F67:K67))&")") -> Belum lengkap (6) | Q67: =IF(COUNTA(F67:K67)<6,"",IF(IF(AND(LEFT(G67,2)="R0",LEFT(K67,2)<>"K5"),"R0 harus K5; ","")&IF(AND(LEFT(G67,2)="R1",LEFT(K67,2)="K3"),"R1 tidak boleh K3 (fungsional); ","")&IF(AND(LEFT(G67,2)="R2",LEFT(K67,2)="K5"),"R2 tidak boleh K5; ","")&IF(AND(LEFT(G67,2)="R2",OR(LEFT(F67,2)="S6",LEFT(F67,2)="S7",LEFT(F67,2)="S8")),"R2 tidak boleh S6/S7/S8; ","")&IF(AND(LEFT(G67,2)="R2",OR(LEFT(H67,3)="T02",LEFT(I67,2)="P8")),"T02 atau P8 tidak boleh R2; ","")&IF(AND(LEFT(H67,3)="T01",LEFT(I67,2)<>"P6",N67=""),"T01 biasanya P6; jelaskan di V12; ","")&IF(AND(LEFT(I67,2)="P1",LEFT(K67,2)<>"K4",N67=""),"P1 biasanya K4; jelaskan di V12; ","")="","OK",IF(AND(LEFT(G67,2)="R0",LEFT(K67,2)<>"K5"),"R0 harus K5; ","")&IF(AND(LEFT(G67,2)="R1",LEFT(K67,2)="K3"),"R1 tidak boleh K3 (fungsional); ","")&IF(AND(LEFT(G67,2)="R2",LEFT(K67,2)="K5"),"R2 tidak boleh K5; ","")&IF(AND(LEFT(G67,2)="R2",OR(LEFT(F67,2)="S6",LEFT(F67,2)="S7",LEFT(F67,2)="S8")),"R2 tidak boleh S6/S7/S8; ","")&IF(AND(LEFT(G67,2)="R2",OR(LEFT(H67,3)="T02",LEFT(I67,2)="P8")),"T02 atau P8 tidak boleh R2; ","")&IF(AND(LEFT(H67,3)="T01",LEFT(I67,2)<>"P6",N67=""),"T01 biasanya P6; jelaskan di V12; ","")&IF(AND(LEFT(I67,2)="P1",LEFT(K67,2)<>"K4",N67=""),"P1 biasanya K4; jelaskan di V12; ",""))) | R67: =IF(INDEX(Korpus!$B:$B,$A67)="","",INDEX(Korpus!$B:$B,$A67)) -> BAB VI KEWAJIBAN PENGENDALI DATA PRIBADI DAN PROSESOR DATA PRIBADI DALAM PEMROSESAN DATA PRIBADI | S67: =IF(INDEX(Korpus!$C:$C,$A67)="","",INDEX(Korpus!$C:$C,$A67)) -> Bagian Kedua Kewajiban Pengendali Data Pribadi
A68: 68 | B68: =IF(Petunjuk!$C$4="","",Petunjuk!$C$4) -> Afriansyah | C68: =IF(INDEX(Korpus!$A:$A,$A68)="","",INDEX(Korpus!$A:$A,$A68)) -> UU 27 Thn 2022 (PDP) | D68: =TRIM(INDEX(Korpus!$D:$D,$A68)&" "&INDEX(Korpus!$E:$E,$A68)) -> Pasal 41 | E68: =IF(INDEX(Korpus!$F:$F,$A68)="","",INDEX(Korpus!$F:$F,$A68)) -> (1) Pengendali Data Pribadi wajib melakukan penundaan dan pembatasan pemrosesan Data Pribadi baik sebagian maupun seluruhnya paling lambat 3 x 24 (tiga kali dua puluh empat) jam terhitung sejak Pengendali Data Pribadi menerima permintaan penundaan dan pembatasan pemrosesan Data Pribadi.(2) Penundaan dan pembatasan pemrosesan Data Pribadi sebagaimana dimaksud pada ayat (1) dikecualikan dalam hal:a terdapat ketentuan peraturan perundang-undangan yang tidak memungkinkan dilakukan penundaan dan pembatasan pemrosesan Data Pribadi; b. dapat membahayakan keselamatan pihak lain; dan/atau c. Subjek Data Pribadi terikat perjanjian tertulis dengan Pengendali Data Pribadi yang tidak memungkinkan dilakukan dan pembatasan pemrosesan Data Pribadi.(3) Pengendali Data Pribadi wajib memberitahukan telah dilaksanakan penundaan dan pembatasan pemrosesan Data Pribadi kepada Subjek Data Pribadi. | P68: =IF(COUNTA(F68:K68)=6,"Lengkap","Belum lengkap ("&(6-COUNTA(F68:K68))&")") -> Belum lengkap (6) | Q68: =IF(COUNTA(F68:K68)<6,"",IF(IF(AND(LEFT(G68,2)="R0",LEFT(K68,2)<>"K5"),"R0 harus K5; ","")&IF(AND(LEFT(G68,2)="R1",LEFT(K68,2)="K3"),"R1 tidak boleh K3 (fungsional); ","")&IF(AND(LEFT(G68,2)="R2",LEFT(K68,2)="K5"),"R2 tidak boleh K5; ","")&IF(AND(LEFT(G68,2)="R2",OR(LEFT(F68,2)="S6",LEFT(F68,2)="S7",LEFT(F68,2)="S8")),"R2 tidak boleh S6/S7/S8; ","")&IF(AND(LEFT(G68,2)="R2",OR(LEFT(H68,3)="T02",LEFT(I68,2)="P8")),"T02 atau P8 tidak boleh R2; ","")&IF(AND(LEFT(H68,3)="T01",LEFT(I68,2)<>"P6",N68=""),"T01 biasanya P6; jelaskan di V12; ","")&IF(AND(LEFT(I68,2)="P1",LEFT(K68,2)<>"K4",N68=""),"P1 biasanya K4; jelaskan di V12; ","")="","OK",IF(AND(LEFT(G68,2)="R0",LEFT(K68,2)<>"K5"),"R0 harus K5; ","")&IF(AND(LEFT(G68,2)="R1",LEFT(K68,2)="K3"),"R1 tidak boleh K3 (fungsional); ","")&IF(AND(LEFT(G68,2)="R2",LEFT(K68,2)="K5"),"R2 tidak boleh K5; ","")&IF(AND(LEFT(G68,2)="R2",OR(LEFT(F68,2)="S6",LEFT(F68,2)="S7",LEFT(F68,2)="S8")),"R2 tidak boleh S6/S7/S8; ","")&IF(AND(LEFT(G68,2)="R2",OR(LEFT(H68,3)="T02",LEFT(I68,2)="P8")),"T02 atau P8 tidak boleh R2; ","")&IF(AND(LEFT(H68,3)="T01",LEFT(I68,2)<>"P6",N68=""),"T01 biasanya P6; jelaskan di V12; ","")&IF(AND(LEFT(I68,2)="P1",LEFT(K68,2)<>"K4",N68=""),"P1 biasanya K4; jelaskan di V12; ",""))) | R68: =IF(INDEX(Korpus!$B:$B,$A68)="","",INDEX(Korpus!$B:$B,$A68)) -> BAB VI KEWAJIBAN PENGENDALI DATA PRIBADI DAN PROSESOR DATA PRIBADI DALAM PEMROSESAN DATA PRIBADI | S68: =IF(INDEX(Korpus!$C:$C,$A68)="","",INDEX(Korpus!$C:$C,$A68)) -> Bagian Kedua Kewajiban Pengendali Data Pribadi
A69: 69 | B69: =IF(Petunjuk!$C$4="","",Petunjuk!$C$4) -> Afriansyah | C69: =IF(INDEX(Korpus!$A:$A,$A69)="","",INDEX(Korpus!$A:$A,$A69)) -> UU 27 Thn 2022 (PDP) | D69: =TRIM(INDEX(Korpus!$D:$D,$A69)&" "&INDEX(Korpus!$E:$E,$A69)) -> Pasal 42 | E69: =IF(INDEX(Korpus!$F:$F,$A69)="","",INDEX(Korpus!$F:$F,$A69)) -> (1) Pengendali Data Pribadi wajib mengakhiri pemrosesan Data Pribadi dalam hal: a. telah mencapai masa retensi; b. tujuan pemrosesan Data Pribadi telah tercapai; atau c. terdapat permintaan dari Subjek Data Pribadi.(2) Pengakhiran pemrosesan Data Pribadi sebagaimana dimaksud pada ayat (1) dilakukan sesuai dengan ketentuan peraturan perundang-undangan. | P69: =IF(COUNTA(F69:K69)=6,"Lengkap","Belum lengkap ("&(6-COUNTA(F69:K69))&")") -> Belum lengkap (6) | Q69: =IF(COUNTA(F69:K69)<6,"",IF(IF(AND(LEFT(G69,2)="R0",LEFT(K69,2)<>"K5"),"R0 harus K5; ","")&IF(AND(LEFT(G69,2)="R1",LEFT(K69,2)="K3"),"R1 tidak boleh K3 (fungsional); ","")&IF(AND(LEFT(G69,2)="R2",LEFT(K69,2)="K5"),"R2 tidak boleh K5; ","")&IF(AND(LEFT(G69,2)="R2",OR(LEFT(F69,2)="S6",LEFT(F69,2)="S7",LEFT(F69,2)="S8")),"R2 tidak boleh S6/S7/S8; ","")&IF(AND(LEFT(G69,2)="R2",OR(LEFT(H69,3)="T02",LEFT(I69,2)="P8")),"T02 atau P8 tidak boleh R2; ","")&IF(AND(LEFT(H69,3)="T01",LEFT(I69,2)<>"P6",N69=""),"T01 biasanya P6; jelaskan di V12; ","")&IF(AND(LEFT(I69,2)="P1",LEFT(K69,2)<>"K4",N69=""),"P1 biasanya K4; jelaskan di V12; ","")="","OK",IF(AND(LEFT(G69,2)="R0",LEFT(K69,2)<>"K5"),"R0 harus K5; ","")&IF(AND(LEFT(G69,2)="R1",LEFT(K69,2)="K3"),"R1 tidak boleh K3 (fungsional); ","")&IF(AND(LEFT(G69,2)="R2",LEFT(K69,2)="K5"),"R2 tidak boleh K5; ","")&IF(AND(LEFT(G69,2)="R2",OR(LEFT(F69,2)="S6",LEFT(F69,2)="S7",LEFT(F69,2)="S8")),"R2 tidak boleh S6/S7/S8; ","")&IF(AND(LEFT(G69,2)="R2",OR(LEFT(H69,3)="T02",LEFT(I69,2)="P8")),"T02 atau P8 tidak boleh R2; ","")&IF(AND(LEFT(H69,3)="T01",LEFT(I69,2)<>"P6",N69=""),"T01 biasanya P6; jelaskan di V12; ","")&IF(AND(LEFT(I69,2)="P1",LEFT(K69,2)<>"K4",N69=""),"P1 biasanya K4; jelaskan di V12; ",""))) | R69: =IF(INDEX(Korpus!$B:$B,$A69)="","",INDEX(Korpus!$B:$B,$A69)) -> BAB VI KEWAJIBAN PENGENDALI DATA PRIBADI DAN PROSESOR DATA PRIBADI DALAM PEMROSESAN DATA PRIBADI | S69: =IF(INDEX(Korpus!$C:$C,$A69)="","",INDEX(Korpus!$C:$C,$A69)) -> Bagian Kedua Kewajiban Pengendali Data Pribadi
A70: 70 | B70: =IF(Petunjuk!$C$4="","",Petunjuk!$C$4) -> Afriansyah | C70: =IF(INDEX(Korpus!$A:$A,$A70)="","",INDEX(Korpus!$A:$A,$A70)) -> UU 27 Thn 2022 (PDP) | D70: =TRIM(INDEX(Korpus!$D:$D,$A70)&" "&INDEX(Korpus!$E:$E,$A70)) -> Pasal 43 | E70: =IF(INDEX(Korpus!$F:$F,$A70)="","",INDEX(Korpus!$F:$F,$A70)) -> (1) Pengendali Data Pribadi wajib menghapus Data Pribadi dalam hal:a. Data Pribadi tidak lagi diperlukan untuk pencapaian tujuan pemrosesan Data Pribadi; b. Subjek Data Pribadi telah melakukan penarikan kembali persetujuan pemrosesan Data Pribadi; c. terdapat permintaan dari Subjek Data Pribadi; atau d. Data Pribadi diperoleh dan/ atau diproses dengan cara melawan hukum.(2) Data Pribadi sebagaimana dimaksud pada ayat (1) dilakukan sesuai dengan ketentuan peraturan perundang-undangan. | F70: S1 - Pengendali Data Pribadi | I70: P2 - Kewajiban | J70: F6 - Retensi dan penghapusan | O70: Ya | P70: =IF(COUNTA(F70:K70)=6,"Lengkap","Belum lengkap ("&(6-COUNTA(F70:K70))&")") -> Belum lengkap (3) | Q70: =IF(COUNTA(F70:K70)<6,"",IF(IF(AND(LEFT(G70,2)="R0",LEFT(K70,2)<>"K5"),"R0 harus K5; ","")&IF(AND(LEFT(G70,2)="R1",LEFT(K70,2)="K3"),"R1 tidak boleh K3 (fungsional); ","")&IF(AND(LEFT(G70,2)="R2",LEFT(K70,2)="K5"),"R2 tidak boleh K5; ","")&IF(AND(LEFT(G70,2)="R2",OR(LEFT(F70,2)="S6",LEFT(F70,2)="S7",LEFT(F70,2)="S8")),"R2 tidak boleh S6/S7/S8; ","")&IF(AND(LEFT(G70,2)="R2",OR(LEFT(H70,3)="T02",LEFT(I70,2)="P8")),"T02 atau P8 tidak boleh R2; ","")&IF(AND(LEFT(H70,3)="T01",LEFT(I70,2)<>"P6",N70=""),"T01 biasanya P6; jelaskan di V12; ","")&IF(AND(LEFT(I70,2)="P1",LEFT(K70,2)<>"K4",N70=""),"P1 biasanya K4; jelaskan di V12; ","")="","OK",IF(AND(LEFT(G70,2)="R0",LEFT(K70,2)<>"K5"),"R0 harus K5; ","")&IF(AND(LEFT(G70,2)="R1",LEFT(K70,2)="K3"),"R1 tidak boleh K3 (fungsional); ","")&IF(AND(LEFT(G70,2)="R2",LEFT(K70,2)="K5"),"R2 tidak boleh K5; ","")&IF(AND(LEFT(G70,2)="R2",OR(LEFT(F70,2)="S6",LEFT(F70,2)="S7",LEFT(F70,2)="S8")),"R2 tidak boleh S6/S7/S8; ","")&IF(AND(LEFT(G70,2)="R2",OR(LEFT(H70,3)="T02",LEFT(I70,2)="P8")),"T02 atau P8 tidak boleh R2; ","")&IF(AND(LEFT(H70,3)="T01",LEFT(I70,2)<>"P6",N70=""),"T01 biasanya P6; jelaskan di V12; ","")&IF(AND(LEFT(I70,2)="P1",LEFT(K70,2)<>"K4",N70=""),"P1 biasanya K4; jelaskan di V12; ",""))) | R70: =IF(INDEX(Korpus!$B:$B,$A70)="","",INDEX(Korpus!$B:$B,$A70)) -> BAB VI KEWAJIBAN PENGENDALI DATA PRIBADI DAN PROSESOR DATA PRIBADI DALAM PEMROSESAN DATA PRIBADI | S70: =IF(INDEX(Korpus!$C:$C,$A70)="","",INDEX(Korpus!$C:$C,$A70)) -> Bagian Kedua Kewajiban Pengendali Data Pribadi
A71: 71 | B71: =IF(Petunjuk!$C$4="","",Petunjuk!$C$4) -> Afriansyah | C71: =IF(INDEX(Korpus!$A:$A,$A71)="","",INDEX(Korpus!$A:$A,$A71)) -> UU 27 Thn 2022 (PDP) | D71: =TRIM(INDEX(Korpus!$D:$D,$A71)&" "&INDEX(Korpus!$E:$E,$A71)) -> Pasal 44 | E71: =IF(INDEX(Korpus!$F:$F,$A71)="","",INDEX(Korpus!$F:$F,$A71)) -> (1) Pengendali Data Pribadi wajib memusnahkan Data Pribadi dalam hal:a. telah habis masa retensinya dan berketerangan dimusnahkan berdasarkan jadwal retensi arsip;b. terdapat permintaan dari Subjek Data Pribadi; c. tidak berkaitan dengan penyelesaian proses hukum suatu perkara; dan/ atau d. Data Pribadi diperoleh dan/ atau diproses dengan cara melawan hukum. (2) Pemusnahan Data Pribadi sebagaimana dimaksud pada ayat (1) dilakukan sesuai dengan ketentuan peraturan perundang-undangan. | P71: =IF(COUNTA(F71:K71)=6,"Lengkap","Belum lengkap ("&(6-COUNTA(F71:K71))&")") -> Belum lengkap (6) | Q71: =IF(COUNTA(F71:K71)<6,"",IF(IF(AND(LEFT(G71,2)="R0",LEFT(K71,2)<>"K5"),"R0 harus K5; ","")&IF(AND(LEFT(G71,2)="R1",LEFT(K71,2)="K3"),"R1 tidak boleh K3 (fungsional); ","")&IF(AND(LEFT(G71,2)="R2",LEFT(K71,2)="K5"),"R2 tidak boleh K5; ","")&IF(AND(LEFT(G71,2)="R2",OR(LEFT(F71,2)="S6",LEFT(F71,2)="S7",LEFT(F71,2)="S8")),"R2 tidak boleh S6/S7/S8; ","")&IF(AND(LEFT(G71,2)="R2",OR(LEFT(H71,3)="T02",LEFT(I71,2)="P8")),"T02 atau P8 tidak boleh R2; ","")&IF(AND(LEFT(H71,3)="T01",LEFT(I71,2)<>"P6",N71=""),"T01 biasanya P6; jelaskan di V12; ","")&IF(AND(LEFT(I71,2)="P1",LEFT(K71,2)<>"K4",N71=""),"P1 biasanya K4; jelaskan di V12; ","")="","OK",IF(AND(LEFT(G71,2)="R0",LEFT(K71,2)<>"K5"),"R0 harus K5; ","")&IF(AND(LEFT(G71,2)="R1",LEFT(K71,2)="K3"),"R1 tidak boleh K3 (fungsional); ","")&IF(AND(LEFT(G71,2)="R2",LEFT(K71,2)="K5"),"R2 tidak boleh K5; ","")&IF(AND(LEFT(G71,2)="R2",OR(LEFT(F71,2)="S6",LEFT(F71,2)="S7",LEFT(F71,2)="S8")),"R2 tidak boleh S6/S7/S8; ","")&IF(AND(LEFT(G71,2)="R2",OR(LEFT(H71,3)="T02",LEFT(I71,2)="P8")),"T02 atau P8 tidak boleh R2; ","")&IF(AND(LEFT(H71,3)="T01",LEFT(I71,2)<>"P6",N71=""),"T01 biasanya P6; jelaskan di V12; ","")&IF(AND(LEFT(I71,2)="P1",LEFT(K71,2)<>"K4",N71=""),"P1 biasanya K4; jelaskan di V12; ",""))) | R71: =IF(INDEX(Korpus!$B:$B,$A71)="","",INDEX(Korpus!$B:$B,$A71)) -> BAB VI KEWAJIBAN PENGENDALI DATA PRIBADI DAN PROSESOR DATA PRIBADI DALAM PEMROSESAN DATA PRIBADI | S71: =IF(INDEX(Korpus!$C:$C,$A71)="","",INDEX(Korpus!$C:$C,$A71)) -> Bagian Kedua Kewajiban Pengendali Data Pribadi
A72: 72 | B72: =IF(Petunjuk!$C$4="","",Petunjuk!$C$4) -> Afriansyah | C72: =IF(INDEX(Korpus!$A:$A,$A72)="","",INDEX(Korpus!$A:$A,$A72)) -> UU 27 Thn 2022 (PDP) | D72: =TRIM(INDEX(Korpus!$D:$D,$A72)&" "&INDEX(Korpus!$E:$E,$A72)) -> Pasal 45 | E72: =IF(INDEX(Korpus!$F:$F,$A72)="","",INDEX(Korpus!$F:$F,$A72)) -> Pengendali Data Pribadi wajib memberitahukan penghapusan dan/atau pemusnahan Data Pribadi kepada Subjek Data Pribadi. | P72: =IF(COUNTA(F72:K72)=6,"Lengkap","Belum lengkap ("&(6-COUNTA(F72:K72))&")") -> Belum lengkap (6) | Q72: =IF(COUNTA(F72:K72)<6,"",IF(IF(AND(LEFT(G72,2)="R0",LEFT(K72,2)<>"K5"),"R0 harus K5; ","")&IF(AND(LEFT(G72,2)="R1",LEFT(K72,2)="K3"),"R1 tidak boleh K3 (fungsional); ","")&IF(AND(LEFT(G72,2)="R2",LEFT(K72,2)="K5"),"R2 tidak boleh K5; ","")&IF(AND(LEFT(G72,2)="R2",OR(LEFT(F72,2)="S6",LEFT(F72,2)="S7",LEFT(F72,2)="S8")),"R2 tidak boleh S6/S7/S8; ","")&IF(AND(LEFT(G72,2)="R2",OR(LEFT(H72,3)="T02",LEFT(I72,2)="P8")),"T02 atau P8 tidak boleh R2; ","")&IF(AND(LEFT(H72,3)="T01",LEFT(I72,2)<>"P6",N72=""),"T01 biasanya P6; jelaskan di V12; ","")&IF(AND(LEFT(I72,2)="P1",LEFT(K72,2)<>"K4",N72=""),"P1 biasanya K4; jelaskan di V12; ","")="","OK",IF(AND(LEFT(G72,2)="R0",LEFT(K72,2)<>"K5"),"R0 harus K5; ","")&IF(AND(LEFT(G72,2)="R1",LEFT(K72,2)="K3"),"R1 tidak boleh K3 (fungsional); ","")&IF(AND(LEFT(G72,2)="R2",LEFT(K72,2)="K5"),"R2 tidak boleh K5; ","")&IF(AND(LEFT(G72,2)="R2",OR(LEFT(F72,2)="S6",LEFT(F72,2)="S7",LEFT(F72,2)="S8")),"R2 tidak boleh S6/S7/S8; ","")&IF(AND(LEFT(G72,2)="R2",OR(LEFT(H72,3)="T02",LEFT(I72,2)="P8")),"T02 atau P8 tidak boleh R2; ","")&IF(AND(LEFT(H72,3)="T01",LEFT(I72,2)<>"P6",N72=""),"T01 biasanya P6; jelaskan di V12; ","")&IF(AND(LEFT(I72,2)="P1",LEFT(K72,2)<>"K4",N72=""),"P1 biasanya K4; jelaskan di V12; ",""))) | R72: =IF(INDEX(Korpus!$B:$B,$A72)="","",INDEX(Korpus!$B:$B,$A72)) -> BAB VI KEWAJIBAN PENGENDALI DATA PRIBADI DAN PROSESOR DATA PRIBADI DALAM PEMROSESAN DATA PRIBADI | S72: =IF(INDEX(Korpus!$C:$C,$A72)="","",INDEX(Korpus!$C:$C,$A72)) -> Bagian Kedua Kewajiban Pengendali Data Pribadi
A73: 73 | B73: =IF(Petunjuk!$C$4="","",Petunjuk!$C$4) -> Afriansyah | C73: =IF(INDEX(Korpus!$A:$A,$A73)="","",INDEX(Korpus!$A:$A,$A73)) -> UU 27 Thn 2022 (PDP) | D73: =TRIM(INDEX(Korpus!$D:$D,$A73)&" "&INDEX(Korpus!$E:$E,$A73)) -> Pasal 46 | E73: =IF(INDEX(Korpus!$F:$F,$A73)="","",INDEX(Korpus!$F:$F,$A73)) -> (1) Dalam hal terjadi kegagalan Pelindungan Data Pribadi, Pengendali Data Pribadi wajib pemberitahuan secara tertulis paling lambat 3 x 24 (tiga kali dua puluh empat) jam kepada:a. Subjek Data Pribadi; dan b. lembaga.(2) Pemberitahuan tertulis sebagaimana dimaksud pada ayat (1) minimal memuat:a. Data Pribadi yang terungkap; b. kapan dan bagaimana Data Pribadi terungkap; dan c. upaya penanganan dan pemulihan atas terungkapnya Data Pribadi oleh Pengendali Data Pribadi. (3) Dalam hal tertentu, Pengendali Data Pribadi wajib memberitahukan kepada masyarakat mengenai kegagalan Pelindungan Data Pribadi. | P73: =IF(COUNTA(F73:K73)=6,"Lengkap","Belum lengkap ("&(6-COUNTA(F73:K73))&")") -> Belum lengkap (6) | Q73: =IF(COUNTA(F73:K73)<6,"",IF(IF(AND(LEFT(G73,2)="R0",LEFT(K73,2)<>"K5"),"R0 harus K5; ","")&IF(AND(LEFT(G73,2)="R1",LEFT(K73,2)="K3"),"R1 tidak boleh K3 (fungsional); ","")&IF(AND(LEFT(G73,2)="R2",LEFT(K73,2)="K5"),"R2 tidak boleh K5; ","")&IF(AND(LEFT(G73,2)="R2",OR(LEFT(F73,2)="S6",LEFT(F73,2)="S7",LEFT(F73,2)="S8")),"R2 tidak boleh S6/S7/S8; ","")&IF(AND(LEFT(G73,2)="R2",OR(LEFT(H73,3)="T02",LEFT(I73,2)="P8")),"T02 atau P8 tidak boleh R2; ","")&IF(AND(LEFT(H73,3)="T01",LEFT(I73,2)<>"P6",N73=""),"T01 biasanya P6; jelaskan di V12; ","")&IF(AND(LEFT(I73,2)="P1",LEFT(K73,2)<>"K4",N73=""),"P1 biasanya K4; jelaskan di V12; ","")="","OK",IF(AND(LEFT(G73,2)="R0",LEFT(K73,2)<>"K5"),"R0 harus K5; ","")&IF(AND(LEFT(G73,2)="R1",LEFT(K73,2)="K3"),"R1 tidak boleh K3 (fungsional); ","")&IF(AND(LEFT(G73,2)="R2",LEFT(K73,2)="K5"),"R2 tidak boleh K5; ","")&IF(AND(LEFT(G73,2)="R2",OR(LEFT(F73,2)="S6",LEFT(F73,2)="S7",LEFT(F73,2)="S8")),"R2 tidak boleh S6/S7/S8; ","")&IF(AND(LEFT(G73,2)="R2",OR(LEFT(H73,3)="T02",LEFT(I73,2)="P8")),"T02 atau P8 tidak boleh R2; ","")&IF(AND(LEFT(H73,3)="T01",LEFT(I73,2)<>"P6",N73=""),"T01 biasanya P6; jelaskan di V12; ","")&IF(AND(LEFT(I73,2)="P1",LEFT(K73,2)<>"K4",N73=""),"P1 biasanya K4; jelaskan di V12; ",""))) | R73: =IF(INDEX(Korpus!$B:$B,$A73)="","",INDEX(Korpus!$B:$B,$A73)) -> BAB VI KEWAJIBAN PENGENDALI DATA PRIBADI DAN PROSESOR DATA PRIBADI DALAM PEMROSESAN DATA PRIBADI | S73: =IF(INDEX(Korpus!$C:$C,$A73)="","",INDEX(Korpus!$C:$C,$A73)) -> Bagian Kedua Kewajiban Pengendali Data Pribadi
A74: 74 | B74: =IF(Petunjuk!$C$4="","",Petunjuk!$C$4) -> Afriansyah | C74: =IF(INDEX(Korpus!$A:$A,$A74)="","",INDEX(Korpus!$A:$A,$A74)) -> UU 27 Thn 2022 (PDP) | D74: =TRIM(INDEX(Korpus!$D:$D,$A74)&" "&INDEX(Korpus!$E:$E,$A74)) -> Pasal 47 | E74: =IF(INDEX(Korpus!$F:$F,$A74)="","",INDEX(Korpus!$F:$F,$A74)) -> Pengendali Data Pribadi wajib bertanggung jawab atas pemrosesan Data Pribadi dan menunjukkan pertanggungjawaban dalam pemenuhan kewajiban pelaksanaan prinsip Pelindungan Data Pribadi. | P74: =IF(COUNTA(F74:K74)=6,"Lengkap","Belum lengkap ("&(6-COUNTA(F74:K74))&")") -> Belum lengkap (6) | Q74: =IF(COUNTA(F74:K74)<6,"",IF(IF(AND(LEFT(G74,2)="R0",LEFT(K74,2)<>"K5"),"R0 harus K5; ","")&IF(AND(LEFT(G74,2)="R1",LEFT(K74,2)="K3"),"R1 tidak boleh K3 (fungsional); ","")&IF(AND(LEFT(G74,2)="R2",LEFT(K74,2)="K5"),"R2 tidak boleh K5; ","")&IF(AND(LEFT(G74,2)="R2",OR(LEFT(F74,2)="S6",LEFT(F74,2)="S7",LEFT(F74,2)="S8")),"R2 tidak boleh S6/S7/S8; ","")&IF(AND(LEFT(G74,2)="R2",OR(LEFT(H74,3)="T02",LEFT(I74,2)="P8")),"T02 atau P8 tidak boleh R2; ","")&IF(AND(LEFT(H74,3)="T01",LEFT(I74,2)<>"P6",N74=""),"T01 biasanya P6; jelaskan di V12; ","")&IF(AND(LEFT(I74,2)="P1",LEFT(K74,2)<>"K4",N74=""),"P1 biasanya K4; jelaskan di V12; ","")="","OK",IF(AND(LEFT(G74,2)="R0",LEFT(K74,2)<>"K5"),"R0 harus K5; ","")&IF(AND(LEFT(G74,2)="R1",LEFT(K74,2)="K3"),"R1 tidak boleh K3 (fungsional); ","")&IF(AND(LEFT(G74,2)="R2",LEFT(K74,2)="K5"),"R2 tidak boleh K5; ","")&IF(AND(LEFT(G74,2)="R2",OR(LEFT(F74,2)="S6",LEFT(F74,2)="S7",LEFT(F74,2)="S8")),"R2 tidak boleh S6/S7/S8; ","")&IF(AND(LEFT(G74,2)="R2",OR(LEFT(H74,3)="T02",LEFT(I74,2)="P8")),"T02 atau P8 tidak boleh R2; ","")&IF(AND(LEFT(H74,3)="T01",LEFT(I74,2)<>"P6",N74=""),"T01 biasanya P6; jelaskan di V12; ","")&IF(AND(LEFT(I74,2)="P1",LEFT(K74,2)<>"K4",N74=""),"P1 biasanya K4; jelaskan di V12; ",""))) | R74: =IF(INDEX(Korpus!$B:$B,$A74)="","",INDEX(Korpus!$B:$B,$A74)) -> BAB VI KEWAJIBAN PENGENDALI DATA PRIBADI DAN PROSESOR DATA PRIBADI DALAM PEMROSESAN DATA PRIBADI | S74: =IF(INDEX(Korpus!$C:$C,$A74)="","",INDEX(Korpus!$C:$C,$A74)) -> Bagian Kedua Kewajiban Pengendali Data Pribadi
A75: 75 | B75: =IF(Petunjuk!$C$4="","",Petunjuk!$C$4) -> Afriansyah | C75: =IF(INDEX(Korpus!$A:$A,$A75)="","",INDEX(Korpus!$A:$A,$A75)) -> UU 27 Thn 2022 (PDP) | D75: =TRIM(INDEX(Korpus!$D:$D,$A75)&" "&INDEX(Korpus!$E:$E,$A75)) -> Pasal 48 | E75: =IF(INDEX(Korpus!$F:$F,$A75)="","",INDEX(Korpus!$F:$F,$A75)) -> (1) Pengendali Data Pribadi berbentuk badan hukum yang melakukan penggabungan, pemisahan, pengambilalihan, peleburan, atau pembubaran badan hukum wajib menyampaikan pemberitahuan pengalihan Data Pribadi kepada Subjek Data Pribadi.(2) Pemberitahuan pengalihan Data Pribadi sebagaimana dimaksud pada ayat (1) dilakukan sebelum dan sesudah penggabungan, pemisahan, pengambilalihan, peleburan, atau pembubaran badan hukum.(3) Dalam hal Pengendali Data Pribadi berbentuk badan hukum melakukan pembubaran atau dibubarkan, penyimpanan, pentransferan, penghapusan, atau pemusnahan Data Pribadi dilaksanakan sesuai dengan ketentuan peraturan perundang-undangan.(4) Penyimpanan, pentransferan, penghapusan, atau pemusnahan Data Pribadi sebagaimana dimaksud pada ayat (3) diberitahukan kepada Subjek Data Pribadi.(5) Ketentuan lebih lanjut mengenai tata cara pemberitahuan sebagaimana dimaksud pada ayat (1), ayat (2), dan ayat (4) diatur dalam Peraturan Pemerintah. | P75: =IF(COUNTA(F75:K75)=6,"Lengkap","Belum lengkap ("&(6-COUNTA(F75:K75))&")") -> Belum lengkap (6) | Q75: =IF(COUNTA(F75:K75)<6,"",IF(IF(AND(LEFT(G75,2)="R0",LEFT(K75,2)<>"K5"),"R0 harus K5; ","")&IF(AND(LEFT(G75,2)="R1",LEFT(K75,2)="K3"),"R1 tidak boleh K3 (fungsional); ","")&IF(AND(LEFT(G75,2)="R2",LEFT(K75,2)="K5"),"R2 tidak boleh K5; ","")&IF(AND(LEFT(G75,2)="R2",OR(LEFT(F75,2)="S6",LEFT(F75,2)="S7",LEFT(F75,2)="S8")),"R2 tidak boleh S6/S7/S8; ","")&IF(AND(LEFT(G75,2)="R2",OR(LEFT(H75,3)="T02",LEFT(I75,2)="P8")),"T02 atau P8 tidak boleh R2; ","")&IF(AND(LEFT(H75,3)="T01",LEFT(I75,2)<>"P6",N75=""),"T01 biasanya P6; jelaskan di V12; ","")&IF(AND(LEFT(I75,2)="P1",LEFT(K75,2)<>"K4",N75=""),"P1 biasanya K4; jelaskan di V12; ","")="","OK",IF(AND(LEFT(G75,2)="R0",LEFT(K75,2)<>"K5"),"R0 harus K5; ","")&IF(AND(LEFT(G75,2)="R1",LEFT(K75,2)="K3"),"R1 tidak boleh K3 (fungsional); ","")&IF(AND(LEFT(G75,2)="R2",LEFT(K75,2)="K5"),"R2 tidak boleh K5; ","")&IF(AND(LEFT(G75,2)="R2",OR(LEFT(F75,2)="S6",LEFT(F75,2)="S7",LEFT(F75,2)="S8")),"R2 tidak boleh S6/S7/S8; ","")&IF(AND(LEFT(G75,2)="R2",OR(LEFT(H75,3)="T02",LEFT(I75,2)="P8")),"T02 atau P8 tidak boleh R2; ","")&IF(AND(LEFT(H75,3)="T01",LEFT(I75,2)<>"P6",N75=""),"T01 biasanya P6; jelaskan di V12; ","")&IF(AND(LEFT(I75,2)="P1",LEFT(K75,2)<>"K4",N75=""),"P1 biasanya K4; jelaskan di V12; ",""))) | R75: =IF(INDEX(Korpus!$B:$B,$A75)="","",INDEX(Korpus!$B:$B,$A75)) -> BAB VI KEWAJIBAN PENGENDALI DATA PRIBADI DAN PROSESOR DATA PRIBADI DALAM PEMROSESAN DATA PRIBADI | S75: =IF(INDEX(Korpus!$C:$C,$A75)="","",INDEX(Korpus!$C:$C,$A75)) -> Bagian Kedua Kewajiban Pengendali Data Pribadi
A76: 76 | B76: =IF(Petunjuk!$C$4="","",Petunjuk!$C$4) -> Afriansyah | C76: =IF(INDEX(Korpus!$A:$A,$A76)="","",INDEX(Korpus!$A:$A,$A76)) -> UU 27 Thn 2022 (PDP) | D76: =TRIM(INDEX(Korpus!$D:$D,$A76)&" "&INDEX(Korpus!$E:$E,$A76)) -> Pasal 49 | E76: =IF(INDEX(Korpus!$F:$F,$A76)="","",INDEX(Korpus!$F:$F,$A76)) -> Pengendali Data Pribadi dan/ atau Prosesor Data Pribadi wajib melaksanakan perintah lembaga dalam rangka penyelenggaraan Pelindungan Data Pribadi sesuai dengan Undang-Undang ini. | P76: =IF(COUNTA(F76:K76)=6,"Lengkap","Belum lengkap ("&(6-COUNTA(F76:K76))&")") -> Belum lengkap (6) | Q76: =IF(COUNTA(F76:K76)<6,"",IF(IF(AND(LEFT(G76,2)="R0",LEFT(K76,2)<>"K5"),"R0 harus K5; ","")&IF(AND(LEFT(G76,2)="R1",LEFT(K76,2)="K3"),"R1 tidak boleh K3 (fungsional); ","")&IF(AND(LEFT(G76,2)="R2",LEFT(K76,2)="K5"),"R2 tidak boleh K5; ","")&IF(AND(LEFT(G76,2)="R2",OR(LEFT(F76,2)="S6",LEFT(F76,2)="S7",LEFT(F76,2)="S8")),"R2 tidak boleh S6/S7/S8; ","")&IF(AND(LEFT(G76,2)="R2",OR(LEFT(H76,3)="T02",LEFT(I76,2)="P8")),"T02 atau P8 tidak boleh R2; ","")&IF(AND(LEFT(H76,3)="T01",LEFT(I76,2)<>"P6",N76=""),"T01 biasanya P6; jelaskan di V12; ","")&IF(AND(LEFT(I76,2)="P1",LEFT(K76,2)<>"K4",N76=""),"P1 biasanya K4; jelaskan di V12; ","")="","OK",IF(AND(LEFT(G76,2)="R0",LEFT(K76,2)<>"K5"),"R0 harus K5; ","")&IF(AND(LEFT(G76,2)="R1",LEFT(K76,2)="K3"),"R1 tidak boleh K3 (fungsional); ","")&IF(AND(LEFT(G76,2)="R2",LEFT(K76,2)="K5"),"R2 tidak boleh K5; ","")&IF(AND(LEFT(G76,2)="R2",OR(LEFT(F76,2)="S6",LEFT(F76,2)="S7",LEFT(F76,2)="S8")),"R2 tidak boleh S6/S7/S8; ","")&IF(AND(LEFT(G76,2)="R2",OR(LEFT(H76,3)="T02",LEFT(I76,2)="P8")),"T02 atau P8 tidak boleh R2; ","")&IF(AND(LEFT(H76,3)="T01",LEFT(I76,2)<>"P6",N76=""),"T01 biasanya P6; jelaskan di V12; ","")&IF(AND(LEFT(I76,2)="P1",LEFT(K76,2)<>"K4",N76=""),"P1 biasanya K4; jelaskan di V12; ",""))) | R76: =IF(INDEX(Korpus!$B:$B,$A76)="","",INDEX(Korpus!$B:$B,$A76)) -> BAB VI KEWAJIBAN PENGENDALI DATA PRIBADI DAN PROSESOR DATA PRIBADI DALAM PEMROSESAN DATA PRIBADI | S76: =IF(INDEX(Korpus!$C:$C,$A76)="","",INDEX(Korpus!$C:$C,$A76)) -> Bagian Kedua Kewajiban Pengendali Data Pribadi
A77: 77 | B77: =IF(Petunjuk!$C$4="","",Petunjuk!$C$4) -> Afriansyah | C77: =IF(INDEX(Korpus!$A:$A,$A77)="","",INDEX(Korpus!$A:$A,$A77)) -> UU 27 Thn 2022 (PDP) | D77: =TRIM(INDEX(Korpus!$D:$D,$A77)&" "&INDEX(Korpus!$E:$E,$A77)) -> Pasal 50 | E77: =IF(INDEX(Korpus!$F:$F,$A77)="","",INDEX(Korpus!$F:$F,$A77)) -> (1) Kewajiban Pengendali Data Pribadi sebagaimana dimaksud dalam Pasal 30, Pasal 32, Pasal 36, Pasal 42, Pasal 43 ayat (1) huruf a sampai dengan huruf c, Pasal 44 ayat (1) huruf b, Pasal 45, dan Pasal 46 ayat (1) huruf a, dikecualikan untuk:a. kepentingan pertahanan dan keamanan nasional; b. kepentingan proses penegakan hukum; c. kepentingan umum dalam rangka negara; atau d. kepentingan pengawasan sektor jasa keuangan, moneter, sistem pembayaran, dan stabilitas sistem keuangan yang dilakukan dalam rangka penyelenggaraan negara. (2) Pengecualian sebagaimana dimaksud pada ayat (1) dilaksanakan hanya dalam rangka pelaksanaan ketentuan Undang-Undang. | P77: =IF(COUNTA(F77:K77)=6,"Lengkap","Belum lengkap ("&(6-COUNTA(F77:K77))&")") -> Belum lengkap (6) | Q77: =IF(COUNTA(F77:K77)<6,"",IF(IF(AND(LEFT(G77,2)="R0",LEFT(K77,2)<>"K5"),"R0 harus K5; ","")&IF(AND(LEFT(G77,2)="R1",LEFT(K77,2)="K3"),"R1 tidak boleh K3 (fungsional); ","")&IF(AND(LEFT(G77,2)="R2",LEFT(K77,2)="K5"),"R2 tidak boleh K5; ","")&IF(AND(LEFT(G77,2)="R2",OR(LEFT(F77,2)="S6",LEFT(F77,2)="S7",LEFT(F77,2)="S8")),"R2 tidak boleh S6/S7/S8; ","")&IF(AND(LEFT(G77,2)="R2",OR(LEFT(H77,3)="T02",LEFT(I77,2)="P8")),"T02 atau P8 tidak boleh R2; ","")&IF(AND(LEFT(H77,3)="T01",LEFT(I77,2)<>"P6",N77=""),"T01 biasanya P6; jelaskan di V12; ","")&IF(AND(LEFT(I77,2)="P1",LEFT(K77,2)<>"K4",N77=""),"P1 biasanya K4; jelaskan di V12; ","")="","OK",IF(AND(LEFT(G77,2)="R0",LEFT(K77,2)<>"K5"),"R0 harus K5; ","")&IF(AND(LEFT(G77,2)="R1",LEFT(K77,2)="K3"),"R1 tidak boleh K3 (fungsional); ","")&IF(AND(LEFT(G77,2)="R2",LEFT(K77,2)="K5"),"R2 tidak boleh K5; ","")&IF(AND(LEFT(G77,2)="R2",OR(LEFT(F77,2)="S6",LEFT(F77,2)="S7",LEFT(F77,2)="S8")),"R2 tidak boleh S6/S7/S8; ","")&IF(AND(LEFT(G77,2)="R2",OR(LEFT(H77,3)="T02",LEFT(I77,2)="P8")),"T02 atau P8 tidak boleh R2; ","")&IF(AND(LEFT(H77,3)="T01",LEFT(I77,2)<>"P6",N77=""),"T01 biasanya P6; jelaskan di V12; ","")&IF(AND(LEFT(I77,2)="P1",LEFT(K77,2)<>"K4",N77=""),"P1 biasanya K4; jelaskan di V12; ",""))) | R77: =IF(INDEX(Korpus!$B:$B,$A77)="","",INDEX(Korpus!$B:$B,$A77)) -> BAB VI KEWAJIBAN PENGENDALI DATA PRIBADI DAN PROSESOR DATA PRIBADI DALAM PEMROSESAN DATA PRIBADI | S77: =IF(INDEX(Korpus!$C:$C,$A77)="","",INDEX(Korpus!$C:$C,$A77)) -> Bagian Kedua Kewajiban Pengendali Data Pribadi
A78: 78 | B78: =IF(Petunjuk!$C$4="","",Petunjuk!$C$4) -> Afriansyah | C78: =IF(INDEX(Korpus!$A:$A,$A78)="","",INDEX(Korpus!$A:$A,$A78)) -> UU 27 Thn 2022 (PDP) | D78: =TRIM(INDEX(Korpus!$D:$D,$A78)&" "&INDEX(Korpus!$E:$E,$A78)) -> Pasal 51 | E78: =IF(INDEX(Korpus!$F:$F,$A78)="","",INDEX(Korpus!$F:$F,$A78)) -> (1) Dalam hal Pengendali Data Pribadi menunjuk Prosesor Data Pribadi, Prosesor Data Pribadi wajib melakukan pemrosesan Data Pribadi berdasarkan perintah Pengendali Data Pribadi.(2) Pemrosesan Data Pribadi sebagaimana dimaksud pada ayat (1), dilaksanakan sesuai ketentuan yang diatur dalam Undang-Undang ini.(3) Pemrosesan Data Pribadi sebagaimana dimaksud pada ayat (1) termasuk dalam tanggung jawab Pengendali Data Pribadi.(4) Prosesor Data Pribadi dapat melibatkan Prosesor Data Pribadi lain dalam melakukan pemrosesan Data Pribadi.(5) Prosesor Data Pribadi wajib mendapatkan persetُujuan tertulis dari Pengendali Data Pribadi sebelum melibatkan Prosesor Data Pribadi lain sebagaimana dimaksud pada ayat (4).(6) Dalam hal Prosesor Data Pribadi melakukan pemrosesan Data Pribadi di luar perintah dan tujuan yang ditetapkan Pengendali Data Pribadi, pemrosesan Data Pribadi menjadi tanggung jawab Prosesor Data Pribadi. | P78: =IF(COUNTA(F78:K78)=6,"Lengkap","Belum lengkap ("&(6-COUNTA(F78:K78))&")") -> Belum lengkap (6) | Q78: =IF(COUNTA(F78:K78)<6,"",IF(IF(AND(LEFT(G78,2)="R0",LEFT(K78,2)<>"K5"),"R0 harus K5; ","")&IF(AND(LEFT(G78,2)="R1",LEFT(K78,2)="K3"),"R1 tidak boleh K3 (fungsional); ","")&IF(AND(LEFT(G78,2)="R2",LEFT(K78,2)="K5"),"R2 tidak boleh K5; ","")&IF(AND(LEFT(G78,2)="R2",OR(LEFT(F78,2)="S6",LEFT(F78,2)="S7",LEFT(F78,2)="S8")),"R2 tidak boleh S6/S7/S8; ","")&IF(AND(LEFT(G78,2)="R2",OR(LEFT(H78,3)="T02",LEFT(I78,2)="P8")),"T02 atau P8 tidak boleh R2; ","")&IF(AND(LEFT(H78,3)="T01",LEFT(I78,2)<>"P6",N78=""),"T01 biasanya P6; jelaskan di V12; ","")&IF(AND(LEFT(I78,2)="P1",LEFT(K78,2)<>"K4",N78=""),"P1 biasanya K4; jelaskan di V12; ","")="","OK",IF(AND(LEFT(G78,2)="R0",LEFT(K78,2)<>"K5"),"R0 harus K5; ","")&IF(AND(LEFT(G78,2)="R1",LEFT(K78,2)="K3"),"R1 tidak boleh K3 (fungsional); ","")&IF(AND(LEFT(G78,2)="R2",LEFT(K78,2)="K5"),"R2 tidak boleh K5; ","")&IF(AND(LEFT(G78,2)="R2",OR(LEFT(F78,2)="S6",LEFT(F78,2)="S7",LEFT(F78,2)="S8")),"R2 tidak boleh S6/S7/S8; ","")&IF(AND(LEFT(G78,2)="R2",OR(LEFT(H78,3)="T02",LEFT(I78,2)="P8")),"T02 atau P8 tidak boleh R2; ","")&IF(AND(LEFT(H78,3)="T01",LEFT(I78,2)<>"P6",N78=""),"T01 biasanya P6; jelaskan di V12; ","")&IF(AND(LEFT(I78,2)="P1",LEFT(K78,2)<>"K4",N78=""),"P1 biasanya K4; jelaskan di V12; ",""))) | R78: =IF(INDEX(Korpus!$B:$B,$A78)="","",INDEX(Korpus!$B:$B,$A78)) -> BAB VI KEWAJIBAN PENGENDALI DATA PRIBADI DAN PROSESOR DATA PRIBADI DALAM PEMROSESAN DATA PRIBADI | S78: =IF(INDEX(Korpus!$C:$C,$A78)="","",INDEX(Korpus!$C:$C,$A78)) -> Bagian Ketiga Kewajiban Prosesor Data Pribadi
A79: 79 | B79: =IF(Petunjuk!$C$4="","",Petunjuk!$C$4) -> Afriansyah | C79: =IF(INDEX(Korpus!$A:$A,$A79)="","",INDEX(Korpus!$A:$A,$A79)) -> UU 27 Thn 2022 (PDP) | D79: =TRIM(INDEX(Korpus!$D:$D,$A79)&" "&INDEX(Korpus!$E:$E,$A79)) -> Pasal 52 | E79: =IF(INDEX(Korpus!$F:$F,$A79)="","",INDEX(Korpus!$F:$F,$A79)) -> Ketentuan mengenai kewajiban Pengendali Data Pribadi sebagaimana dimaksud dalam Pasal 29, Pasal 31, Pasal 35, Pasal 36, Pasal 37, Pasal 38, dan Pasal 39 berlaku juga terhadap Prosesor Data Pribadi. | F79: S2 - Prosesor Data Pribadi | I79: P7 - Asas, prinsip, atau tujuan umum | J79: F8 - Lintas tahap atau tidak spesifik | K79: K4 - Batasan atau aturan bisnis hukum. Apakah teks membatasi apa yang boleh dilakukan sistem, atau apa dan siapa yang tercakup? | O79: Ya | P79: =IF(COUNTA(F79:K79)=6,"Lengkap","Belum lengkap ("&(6-COUNTA(F79:K79))&")") -> Belum lengkap (2) | Q79: =IF(COUNTA(F79:K79)<6,"",IF(IF(AND(LEFT(G79,2)="R0",LEFT(K79,2)<>"K5"),"R0 harus K5; ","")&IF(AND(LEFT(G79,2)="R1",LEFT(K79,2)="K3"),"R1 tidak boleh K3 (fungsional); ","")&IF(AND(LEFT(G79,2)="R2",LEFT(K79,2)="K5"),"R2 tidak boleh K5; ","")&IF(AND(LEFT(G79,2)="R2",OR(LEFT(F79,2)="S6",LEFT(F79,2)="S7",LEFT(F79,2)="S8")),"R2 tidak boleh S6/S7/S8; ","")&IF(AND(LEFT(G79,2)="R2",OR(LEFT(H79,3)="T02",LEFT(I79,2)="P8")),"T02 atau P8 tidak boleh R2; ","")&IF(AND(LEFT(H79,3)="T01",LEFT(I79,2)<>"P6",N79=""),"T01 biasanya P6; jelaskan di V12; ","")&IF(AND(LEFT(I79,2)="P1",LEFT(K79,2)<>"K4",N79=""),"P1 biasanya K4; jelaskan di V12; ","")="","OK",IF(AND(LEFT(G79,2)="R0",LEFT(K79,2)<>"K5"),"R0 harus K5; ","")&IF(AND(LEFT(G79,2)="R1",LEFT(K79,2)="K3"),"R1 tidak boleh K3 (fungsional); ","")&IF(AND(LEFT(G79,2)="R2",LEFT(K79,2)="K5"),"R2 tidak boleh K5; ","")&IF(AND(LEFT(G79,2)="R2",OR(LEFT(F79,2)="S6",LEFT(F79,2)="S7",LEFT(F79,2)="S8")),"R2 tidak boleh S6/S7/S8; ","")&IF(AND(LEFT(G79,2)="R2",OR(LEFT(H79,3)="T02",LEFT(I79,2)="P8")),"T02 atau P8 tidak boleh R2; ","")&IF(AND(LEFT(H79,3)="T01",LEFT(I79,2)<>"P6",N79=""),"T01 biasanya P6; jelaskan di V12; ","")&IF(AND(LEFT(I79,2)="P1",LEFT(K79,2)<>"K4",N79=""),"P1 biasanya K4; jelaskan di V12; ",""))) | R79: =IF(INDEX(Korpus!$B:$B,$A79)="","",INDEX(Korpus!$B:$B,$A79)) -> BAB VI KEWAJIBAN PENGENDALI DATA PRIBADI DAN PROSESOR DATA PRIBADI DALAM PEMROSESAN DATA PRIBADI | S79: =IF(INDEX(Korpus!$C:$C,$A79)="","",INDEX(Korpus!$C:$C,$A79)) -> Bagian Ketiga Kewajiban Prosesor Data Pribadi
A80: 80 | B80: =IF(Petunjuk!$C$4="","",Petunjuk!$C$4) -> Afriansyah | C80: =IF(INDEX(Korpus!$A:$A,$A80)="","",INDEX(Korpus!$A:$A,$A80)) -> UU 27 Thn 2022 (PDP) | D80: =TRIM(INDEX(Korpus!$D:$D,$A80)&" "&INDEX(Korpus!$E:$E,$A80)) -> Pasal 53 | E80: =IF(INDEX(Korpus!$F:$F,$A80)="","",INDEX(Korpus!$F:$F,$A80)) -> (1) Pengendali Data Pribadi dan Prosesor Data Pribadi wajib menunjuk pejabat atau petugas yang melaksanakan fungsi Pelindungan Data Pribadi dalam hal:a. pemrosesan Data Pribadi untuk kepentingan pelayanan publik;b. kegiatan inti Pengendali Data Pribadi memiliki sifat, ruang lingkup, dan/ atau tujuan yang memerlukan pemantauan secara teratur dan sistematis atas Data Pribadi dengan skala besar; danc. kegiatan inti Pengendali Data Pribadi terdiri dari pemrosesan Data Pribadi dalam skala besar untuk Data Pribadi yang bersifat spesifik dan/ atau Data Pribadi yang berkaitan dengan tindak pidana.(2) Pejabat atau petugas yang melaksanakan fungsi Pelindungan Data Pribadi sebagaimana dimaksud pada ayat (1) ditunjuk berdasarkan profesionalitas, pengetahuan mengenai hukum, praktik Pelindungan Data Pribadi, dan kemampuan untuk memenuhi tugas-tugasnya.(3). Pejabat atau petugas yang melaksanakan fungsi Pelindungan Data Pribadi sebagaimana dimaksud pada ayat (2) dapat berasal dari dalam dan/ atau luar Pengendali Data Pribadi atau Prosesor Data Pribadi. | P80: =IF(COUNTA(F80:K80)=6,"Lengkap","Belum lengkap ("&(6-COUNTA(F80:K80))&")") -> Belum lengkap (6) | Q80: =IF(COUNTA(F80:K80)<6,"",IF(IF(AND(LEFT(G80,2)="R0",LEFT(K80,2)<>"K5"),"R0 harus K5; ","")&IF(AND(LEFT(G80,2)="R1",LEFT(K80,2)="K3"),"R1 tidak boleh K3 (fungsional); ","")&IF(AND(LEFT(G80,2)="R2",LEFT(K80,2)="K5"),"R2 tidak boleh K5; ","")&IF(AND(LEFT(G80,2)="R2",OR(LEFT(F80,2)="S6",LEFT(F80,2)="S7",LEFT(F80,2)="S8")),"R2 tidak boleh S6/S7/S8; ","")&IF(AND(LEFT(G80,2)="R2",OR(LEFT(H80,3)="T02",LEFT(I80,2)="P8")),"T02 atau P8 tidak boleh R2; ","")&IF(AND(LEFT(H80,3)="T01",LEFT(I80,2)<>"P6",N80=""),"T01 biasanya P6; jelaskan di V12; ","")&IF(AND(LEFT(I80,2)="P1",LEFT(K80,2)<>"K4",N80=""),"P1 biasanya K4; jelaskan di V12; ","")="","OK",IF(AND(LEFT(G80,2)="R0",LEFT(K80,2)<>"K5"),"R0 harus K5; ","")&IF(AND(LEFT(G80,2)="R1",LEFT(K80,2)="K3"),"R1 tidak boleh K3 (fungsional); ","")&IF(AND(LEFT(G80,2)="R2",LEFT(K80,2)="K5"),"R2 tidak boleh K5; ","")&IF(AND(LEFT(G80,2)="R2",OR(LEFT(F80,2)="S6",LEFT(F80,2)="S7",LEFT(F80,2)="S8")),"R2 tidak boleh S6/S7/S8; ","")&IF(AND(LEFT(G80,2)="R2",OR(LEFT(H80,3)="T02",LEFT(I80,2)="P8")),"T02 atau P8 tidak boleh R2; ","")&IF(AND(LEFT(H80,3)="T01",LEFT(I80,2)<>"P6",N80=""),"T01 biasanya P6; jelaskan di V12; ","")&IF(AND(LEFT(I80,2)="P1",LEFT(K80,2)<>"K4",N80=""),"P1 biasanya K4; jelaskan di V12; ",""))) | R80: =IF(INDEX(Korpus!$B:$B,$A80)="","",INDEX(Korpus!$B:$B,$A80)) -> BAB VI KEWAJIBAN PENGENDALI DATA PRIBADI DAN PROSESOR DATA PRIBADI DALAM PEMROSESAN DATA PRIBADI | S80: =IF(INDEX(Korpus!$C:$C,$A80)="","",INDEX(Korpus!$C:$C,$A80)) -> Bagian Keempat Pejabat atau Petugas yang Melaksanakan Fungsi Pelindungan Data Pribadi
A81: 81 | B81: =IF(Petunjuk!$C$4="","",Petunjuk!$C$4) -> Afriansyah | C81: =IF(INDEX(Korpus!$A:$A,$A81)="","",INDEX(Korpus!$A:$A,$A81)) -> UU 27 Thn 2022 (PDP) | D81: =TRIM(INDEX(Korpus!$D:$D,$A81)&" "&INDEX(Korpus!$E:$E,$A81)) -> Pasal 55 | E81: =IF(INDEX(Korpus!$F:$F,$A81)="","",INDEX(Korpus!$F:$F,$A81)) -> (1) Pengendali Data Pribadi dapat melakukan transfer Data Pribadi kepada Pengendali Data Pribadi lainnya dalam wilayah hukum Negara Republik Indonesia.(2) Pengendali Data Pribadi yang melakukan transfer Data Pribadi dan yang menerima transfer Data Pribadi wajib melakukan Pelindungan Data Pribadi sebagaimana dimaksud dalam Undang-Undang ini. | F81: S1 - Pengendali Data Pribadi | I81: P5 - Kebolehan atau kewenangan | J81: F5 - Penyebarluasan dan transfer | K81: K4 - Batasan atau aturan bisnis hukum. Apakah teks membatasi apa yang boleh dilakukan sistem, atau apa dan siapa yang tercakup? | O81: Ya | P81: =IF(COUNTA(F81:K81)=6,"Lengkap","Belum lengkap ("&(6-COUNTA(F81:K81))&")") -> Belum lengkap (2) | Q81: =IF(COUNTA(F81:K81)<6,"",IF(IF(AND(LEFT(G81,2)="R0",LEFT(K81,2)<>"K5"),"R0 harus K5; ","")&IF(AND(LEFT(G81,2)="R1",LEFT(K81,2)="K3"),"R1 tidak boleh K3 (fungsional); ","")&IF(AND(LEFT(G81,2)="R2",LEFT(K81,2)="K5"),"R2 tidak boleh K5; ","")&IF(AND(LEFT(G81,2)="R2",OR(LEFT(F81,2)="S6",LEFT(F81,2)="S7",LEFT(F81,2)="S8")),"R2 tidak boleh S6/S7/S8; ","")&IF(AND(LEFT(G81,2)="R2",OR(LEFT(H81,3)="T02",LEFT(I81,2)="P8")),"T02 atau P8 tidak boleh R2; ","")&IF(AND(LEFT(H81,3)="T01",LEFT(I81,2)<>"P6",N81=""),"T01 biasanya P6; jelaskan di V12; ","")&IF(AND(LEFT(I81,2)="P1",LEFT(K81,2)<>"K4",N81=""),"P1 biasanya K4; jelaskan di V12; ","")="","OK",IF(AND(LEFT(G81,2)="R0",LEFT(K81,2)<>"K5"),"R0 harus K5; ","")&IF(AND(LEFT(G81,2)="R1",LEFT(K81,2)="K3"),"R1 tidak boleh K3 (fungsional); ","")&IF(AND(LEFT(G81,2)="R2",LEFT(K81,2)="K5"),"R2 tidak boleh K5; ","")&IF(AND(LEFT(G81,2)="R2",OR(LEFT(F81,2)="S6",LEFT(F81,2)="S7",LEFT(F81,2)="S8")),"R2 tidak boleh S6/S7/S8; ","")&IF(AND(LEFT(G81,2)="R2",OR(LEFT(H81,3)="T02",LEFT(I81,2)="P8")),"T02 atau P8 tidak boleh R2; ","")&IF(AND(LEFT(H81,3)="T01",LEFT(I81,2)<>"P6",N81=""),"T01 biasanya P6; jelaskan di V12; ","")&IF(AND(LEFT(I81,2)="P1",LEFT(K81,2)<>"K4",N81=""),"P1 biasanya K4; jelaskan di V12; ",""))) | R81: =IF(INDEX(Korpus!$B:$B,$A81)="","",INDEX(Korpus!$B:$B,$A81)) -> BAB VII TRANSFER DATA PRIBADI | S81: =IF(INDEX(Korpus!$C:$C,$A81)="","",INDEX(Korpus!$C:$C,$A81)) -> Bagian Kesatu Transfer Data Pribadi Dalam Wilayah Hukum Negara Republik Indonesia
A82: 82 | B82: =IF(Petunjuk!$C$4="","",Petunjuk!$C$4) -> Afriansyah | C82: =IF(INDEX(Korpus!$A:$A,$A82)="","",INDEX(Korpus!$A:$A,$A82)) -> UU 27 Thn 2022 (PDP) | D82: =TRIM(INDEX(Korpus!$D:$D,$A82)&" "&INDEX(Korpus!$E:$E,$A82)) -> Pasal 56 | E82: =IF(INDEX(Korpus!$F:$F,$A82)="","",INDEX(Korpus!$F:$F,$A82)) -> (1) Pengendali Data Pribadi dapat melakukan transfer Data Pribadi kepada Pengendali Data Pribadi dan/atau Prosesor Data Pribadi di luar wilayah hukum Negara Republik Indonesia sesuai dengan ketentuan yang diatur dalam Undang- Undang ini.(2) Dalam melakukan transfer Data Pribadi sebagaimana dimaksud pada ayat (l), Pengendali Data Pribadi wajib memastikan negara tempat kedudukan Pengendali Data Pribadi dan/ atau Prosesor Data Pribadi yang menerima transfer Data Pribadi memiliki tingkat Pelindungan Data Pribadi yang setara atau lebih tinggi dari yang diatur dalam Undang-Undang ini.(3) Dalam hal ketentuan sebagaimana dimaksud pada ayat (2) tidak terpenuhi, Pengendali Data Pribadi wajib memastikan terdapat Pelindungan Data Pribadi yang memadai dan bersifat mengikat.(4) Dalam hal ketentuan sebagaimana dimaksud pada ayat (2) dan ayat (3) tidak terpenuhi, Pengendali Data Pribadi wajib mendapatkan persetujuan Subjek Data Pribadi.(5) Ketentuan lebih lanjut mengenai transfer Data Pribadi diatur dalam Peraturan Pemerintah. | P82: =IF(COUNTA(F82:K82)=6,"Lengkap","Belum lengkap ("&(6-COUNTA(F82:K82))&")") -> Belum lengkap (6) | Q82: =IF(COUNTA(F82:K82)<6,"",IF(IF(AND(LEFT(G82,2)="R0",LEFT(K82,2)<>"K5"),"R0 harus K5; ","")&IF(AND(LEFT(G82,2)="R1",LEFT(K82,2)="K3"),"R1 tidak boleh K3 (fungsional); ","")&IF(AND(LEFT(G82,2)="R2",LEFT(K82,2)="K5"),"R2 tidak boleh K5; ","")&IF(AND(LEFT(G82,2)="R2",OR(LEFT(F82,2)="S6",LEFT(F82,2)="S7",LEFT(F82,2)="S8")),"R2 tidak boleh S6/S7/S8; ","")&IF(AND(LEFT(G82,2)="R2",OR(LEFT(H82,3)="T02",LEFT(I82,2)="P8")),"T02 atau P8 tidak boleh R2; ","")&IF(AND(LEFT(H82,3)="T01",LEFT(I82,2)<>"P6",N82=""),"T01 biasanya P6; jelaskan di V12; ","")&IF(AND(LEFT(I82,2)="P1",LEFT(K82,2)<>"K4",N82=""),"P1 biasanya K4; jelaskan di V12; ","")="","OK",IF(AND(LEFT(G82,2)="R0",LEFT(K82,2)<>"K5"),"R0 harus K5; ","")&IF(AND(LEFT(G82,2)="R1",LEFT(K82,2)="K3"),"R1 tidak boleh K3 (fungsional); ","")&IF(AND(LEFT(G82,2)="R2",LEFT(K82,2)="K5"),"R2 tidak boleh K5; ","")&IF(AND(LEFT(G82,2)="R2",OR(LEFT(F82,2)="S6",LEFT(F82,2)="S7",LEFT(F82,2)="S8")),"R2 tidak boleh S6/S7/S8; ","")&IF(AND(LEFT(G82,2)="R2",OR(LEFT(H82,3)="T02",LEFT(I82,2)="P8")),"T02 atau P8 tidak boleh R2; ","")&IF(AND(LEFT(H82,3)="T01",LEFT(I82,2)<>"P6",N82=""),"T01 biasanya P6; jelaskan di V12; ","")&IF(AND(LEFT(I82,2)="P1",LEFT(K82,2)<>"K4",N82=""),"P1 biasanya K4; jelaskan di V12; ",""))) | R82: =IF(INDEX(Korpus!$B:$B,$A82)="","",INDEX(Korpus!$B:$B,$A82)) -> BAB VII TRANSFER DATA PRIBADI | S82: =IF(INDEX(Korpus!$C:$C,$A82)="","",INDEX(Korpus!$C:$C,$A82)) -> Bagian Kedua
A83: 83 | B83: =IF(Petunjuk!$C$4="","",Petunjuk!$C$4) -> Afriansyah | C83: =IF(INDEX(Korpus!$A:$A,$A83)="","",INDEX(Korpus!$A:$A,$A83)) -> UU 27 Thn 2022 (PDP) | D83: =TRIM(INDEX(Korpus!$D:$D,$A83)&" "&INDEX(Korpus!$E:$E,$A83)) -> Pasal 65 | E83: =IF(INDEX(Korpus!$F:$F,$A83)="","",INDEX(Korpus!$F:$F,$A83)) -> (1) Setiap Orang dilarang secara melawan hukum memperoleh atau mengumpulkan Data Pribadi yang bukan miliknya dengan maksud untuk menguntungkan diri sendiri atau orang lain yang dapat mengakibatkan kerugian Subjek Data Pribadi.(2) Setiap Orang dilarang secara melawan hukum mengungkapkan Data Pribadi yang bukan miliknya.(3) Setiap Orang dilarang secara melawan hukum menggunakan Data Pribadi yang bukan miliknya. | P83: =IF(COUNTA(F83:K83)=6,"Lengkap","Belum lengkap ("&(6-COUNTA(F83:K83))&")") -> Belum lengkap (6) | Q83: =IF(COUNTA(F83:K83)<6,"",IF(IF(AND(LEFT(G83,2)="R0",LEFT(K83,2)<>"K5"),"R0 harus K5; ","")&IF(AND(LEFT(G83,2)="R1",LEFT(K83,2)="K3"),"R1 tidak boleh K3 (fungsional); ","")&IF(AND(LEFT(G83,2)="R2",LEFT(K83,2)="K5"),"R2 tidak boleh K5; ","")&IF(AND(LEFT(G83,2)="R2",OR(LEFT(F83,2)="S6",LEFT(F83,2)="S7",LEFT(F83,2)="S8")),"R2 tidak boleh S6/S7/S8; ","")&IF(AND(LEFT(G83,2)="R2",OR(LEFT(H83,3)="T02",LEFT(I83,2)="P8")),"T02 atau P8 tidak boleh R2; ","")&IF(AND(LEFT(H83,3)="T01",LEFT(I83,2)<>"P6",N83=""),"T01 biasanya P6; jelaskan di V12; ","")&IF(AND(LEFT(I83,2)="P1",LEFT(K83,2)<>"K4",N83=""),"P1 biasanya K4; jelaskan di V12; ","")="","OK",IF(AND(LEFT(G83,2)="R0",LEFT(K83,2)<>"K5"),"R0 harus K5; ","")&IF(AND(LEFT(G83,2)="R1",LEFT(K83,2)="K3"),"R1 tidak boleh K3 (fungsional); ","")&IF(AND(LEFT(G83,2)="R2",LEFT(K83,2)="K5"),"R2 tidak boleh K5; ","")&IF(AND(LEFT(G83,2)="R2",OR(LEFT(F83,2)="S6",LEFT(F83,2)="S7",LEFT(F83,2)="S8")),"R2 tidak boleh S6/S7/S8; ","")&IF(AND(LEFT(G83,2)="R2",OR(LEFT(H83,3)="T02",LEFT(I83,2)="P8")),"T02 atau P8 tidak boleh R2; ","")&IF(AND(LEFT(H83,3)="T01",LEFT(I83,2)<>"P6",N83=""),"T01 biasanya P6; jelaskan di V12; ","")&IF(AND(LEFT(I83,2)="P1",LEFT(K83,2)<>"K4",N83=""),"P1 biasanya K4; jelaskan di V12; ",""))) | R83: =IF(INDEX(Korpus!$B:$B,$A83)="","",INDEX(Korpus!$B:$B,$A83)) -> BAB XIII LARANGAN DALAM PENGGUNAAN DATA PRIBADI | S83: =IF(INDEX(Korpus!$C:$C,$A83)="","",INDEX(Korpus!$C:$C,$A83))
A84: 84 | B84: =IF(Petunjuk!$C$4="","",Petunjuk!$C$4) -> Afriansyah | C84: =IF(INDEX(Korpus!$A:$A,$A84)="","",INDEX(Korpus!$A:$A,$A84)) -> UU 27 Thn 2022 (PDP) | D84: =TRIM(INDEX(Korpus!$D:$D,$A84)&" "&INDEX(Korpus!$E:$E,$A84)) -> Pasal 66 | E84: =IF(INDEX(Korpus!$F:$F,$A84)="","",INDEX(Korpus!$F:$F,$A84)) -> Setiap Orang dilarang membuat Data Pribadi palsu atau memalsukan Data Pribadi dengan maksud untuk menguntungkan diri sendiri atau orang lain yang dapat mengakibatkan kerugian bagi orang lain. | P84: =IF(COUNTA(F84:K84)=6,"Lengkap","Belum lengkap ("&(6-COUNTA(F84:K84))&")") -> Belum lengkap (6) | Q84: =IF(COUNTA(F84:K84)<6,"",IF(IF(AND(LEFT(G84,2)="R0",LEFT(K84,2)<>"K5"),"R0 harus K5; ","")&IF(AND(LEFT(G84,2)="R1",LEFT(K84,2)="K3"),"R1 tidak boleh K3 (fungsional); ","")&IF(AND(LEFT(G84,2)="R2",LEFT(K84,2)="K5"),"R2 tidak boleh K5; ","")&IF(AND(LEFT(G84,2)="R2",OR(LEFT(F84,2)="S6",LEFT(F84,2)="S7",LEFT(F84,2)="S8")),"R2 tidak boleh S6/S7/S8; ","")&IF(AND(LEFT(G84,2)="R2",OR(LEFT(H84,3)="T02",LEFT(I84,2)="P8")),"T02 atau P8 tidak boleh R2; ","")&IF(AND(LEFT(H84,3)="T01",LEFT(I84,2)<>"P6",N84=""),"T01 biasanya P6; jelaskan di V12; ","")&IF(AND(LEFT(I84,2)="P1",LEFT(K84,2)<>"K4",N84=""),"P1 biasanya K4; jelaskan di V12; ","")="","OK",IF(AND(LEFT(G84,2)="R0",LEFT(K84,2)<>"K5"),"R0 harus K5; ","")&IF(AND(LEFT(G84,2)="R1",LEFT(K84,2)="K3"),"R1 tidak boleh K3 (fungsional); ","")&IF(AND(LEFT(G84,2)="R2",LEFT(K84,2)="K5"),"R2 tidak boleh K5; ","")&IF(AND(LEFT(G84,2)="R2",OR(LEFT(F84,2)="S6",LEFT(F84,2)="S7",LEFT(F84,2)="S8")),"R2 tidak boleh S6/S7/S8; ","")&IF(AND(LEFT(G84,2)="R2",OR(LEFT(H84,3)="T02",LEFT(I84,2)="P8")),"T02 atau P8 tidak boleh R2; ","")&IF(AND(LEFT(H84,3)="T01",LEFT(I84,2)<>"P6",N84=""),"T01 biasanya P6; jelaskan di V12; ","")&IF(AND(LEFT(I84,2)="P1",LEFT(K84,2)<>"K4",N84=""),"P1 biasanya K4; jelaskan di V12; ",""))) | R84: =IF(INDEX(Korpus!$B:$B,$A84)="","",INDEX(Korpus!$B:$B,$A84)) -> BAB XIII LARANGAN DALAM PENGGUNAAN DATA PRIBADI | S84: =IF(INDEX(Korpus!$C:$C,$A84)="","",INDEX(Korpus!$C:$C,$A84))
A85: 85 | B85: =IF(Petunjuk!$C$4="","",Petunjuk!$C$4) -> Afriansyah | C85: =IF(INDEX(Korpus!$A:$A,$A85)="","",INDEX(Korpus!$A:$A,$A85)) -> Perpres 39 Thn 2019 (Satu Data) | D85: =TRIM(INDEX(Korpus!$D:$D,$A85)&" "&INDEX(Korpus!$E:$E,$A85)) -> Pasal 1 | E85: =IF(INDEX(Korpus!$F:$F,$A85)="","",INDEX(Korpus!$F:$F,$A85)) -> Dalam Peraturan Presiden ini yang dimaksud dengan:1. Satu Data Indonesia adalah kebijakan tata kelola Data pemerintah untuk menghasilkan Data yang akurat, mutakhir, terpadu, dan dapat dipertanggungjawabkan, serta mudah Instansi diakses Pusat dan dibagipakaikan Instansi Daerah antar melalui pemenuhan Standar Data, Metadata, Interoperabilitas Data, dan menggunakan Kode Referensi dan Data Induk.2. Data adalah catatan atas kumpulan fakta atau deskripsi berupa angka, karakter, simbol, gambar, peta, tanda, isyarat, tulisan, suara, dan/atau bunyi, yang merepresentasikan keadaan sebenarnya atau menunjukkan suatu ide, objek, kondisi, atau situasi.3. Data Statistik adalah Data berupa angka tentang karakteristik atau ciri khusus suatu populasi yang diperoleh dengan cara pengumpulan, pengolahan, penyajian, dan analisis.4. Data Geospasial adalah Data tentang lokasi geografis, dimensi atau ukuran, dan/atau karakteristik objek alam dan/atau buatan manusia yang berada di bawah, pada, atau di atas permukaan bumi.5. Data Keuangan Negara Tingkat Pusat adalah Data yang disusun oleh Pemerintah Pusat berdasarkan sistem akuntansi pemerintah yang mencakup semua hak dan kewajiban negara yang dapat dinilai dengan uang, serta segala sesuatu baik berupa uang maupun berupa barang yang dapat dijadikan milik negara berhubung dengan pelaksanaan hak dan kewajiban tersebut.6. Standar Data adalah standar yang mendasari Data tertentu.7. Metadata adalah informasi dalam bentuk struktur dan format yang baku untuk menggambarkan Data, menjelaskan Data, serta memudahkan pencarian, penggunaan, dan pengelolaan informasi Data.8. Interoperabilitas Data adalah kemampuan Data untuk dibagipakaikan antar sistem elektronik yang saling berinteraksi.9. Kode Referensi adalah tanda berisi karakter yang mengandung atau menggambarkan makna, maksud, atau norma tertentu sebagai rujukan identitas Data yang bersifat unik.10. Data Induk adalah Data yang merepresentasikan objek dalam proses bisnis pemerintah yang ditetapkan sesuai dengan ketentuan dalam Peraturan Presiden ini untuk digunakan bersama.11. Data Prioritas adalah Data terpilih yang berasal dari daftar Data yang akan dikumpulkan pada tahun selanjutnya yang disepakati dalam Forum Satu Data Indonesia.12. Forum Satu Data Indonesia adalah wadah komunikasi dan koordinasi Instansi Pusat dan/atau Instansi Daerah untuk penyelenggaraan Satu Data Indonesia.13. Portal Satu Data Indonesia adalah media bagi-pakai Data di tingkat nasional yang dapat diakses melalui pemanfaatan teknologi informasi dan komunikasi.14. Instansi Pusat adalah kementerian, lembaga pemerintah nonkementerian, kesekretariatan lembaga negara, kesekretariatan lembaga nonstruktural, dan lembaga pemerintah lainnya.15. Pemerintah Daerah adalah kepala daerah sebagai unsur penyelenggara pemerintahan daerah yang memimpin pelaksanaan urusan pemerintahan yang menjadi kewenangan daerah otonom.16. Instansi Daerah adalah perangkat daerah provinsi dan perangkatdaerahkabupaten/kotasekretariatdaerah,sekretariat yang dewan meliputi perwakilan rakyat daerah, dinas daerah, dan lembaga teknis daerah.17. Pembina Data adalah Instansi Pusat yang diberi kewenangan melakukan pembinaan terkait Data atau Instansi Daerah yang diberikan penugasan untuk melakukan pembinaan terkait Data, sebagaimana diatur dalam Peraturan Presiden ini.18. Walidata adalah unit pada Instansi Pusat dan Instansi Daerah yang melaksanakan kegiatan pengumpulan, pemeriksaan, dan pengelolaan Data yang disampaikan oleh Produsen Data, serta menyebarluaskan Data.19. Produsen Data adalah unit pada Instansi Pusat dan Instansi Daerah yang menghasilkan Data berdasarkan kewenangan sesuai dengan ketentuan peraturan perundang-undangan. | P85: =IF(COUNTA(F85:K85)=6,"Lengkap","Belum lengkap ("&(6-COUNTA(F85:K85))&")") -> Belum lengkap (6) | Q85: =IF(COUNTA(F85:K85)<6,"",IF(IF(AND(LEFT(G85,2)="R0",LEFT(K85,2)<>"K5"),"R0 harus K5; ","")&IF(AND(LEFT(G85,2)="R1",LEFT(K85,2)="K3"),"R1 tidak boleh K3 (fungsional); ","")&IF(AND(LEFT(G85,2)="R2",LEFT(K85,2)="K5"),"R2 tidak boleh K5; ","")&IF(AND(LEFT(G85,2)="R2",OR(LEFT(F85,2)="S6",LEFT(F85,2)="S7",LEFT(F85,2)="S8")),"R2 tidak boleh S6/S7/S8; ","")&IF(AND(LEFT(G85,2)="R2",OR(LEFT(H85,3)="T02",LEFT(I85,2)="P8")),"T02 atau P8 tidak boleh R2; ","")&IF(AND(LEFT(H85,3)="T01",LEFT(I85,2)<>"P6",N85=""),"T01 biasanya P6; jelaskan di V12; ","")&IF(AND(LEFT(I85,2)="P1",LEFT(K85,2)<>"K4",N85=""),"P1 biasanya K4; jelaskan di V12; ","")="","OK",IF(AND(LEFT(G85,2)="R0",LEFT(K85,2)<>"K5"),"R0 harus K5; ","")&IF(AND(LEFT(G85,2)="R1",LEFT(K85,2)="K3"),"R1 tidak boleh K3 (fungsional); ","")&IF(AND(LEFT(G85,2)="R2",LEFT(K85,2)="K5"),"R2 tidak boleh K5; ","")&IF(AND(LEFT(G85,2)="R2",OR(LEFT(F85,2)="S6",LEFT(F85,2)="S7",LEFT(F85,2)="S8")),"R2 tidak boleh S6/S7/S8; ","")&IF(AND(LEFT(G85,2)="R2",OR(LEFT(H85,3)="T02",LEFT(I85,2)="P8")),"T02 atau P8 tidak boleh R2; ","")&IF(AND(LEFT(H85,3)="T01",LEFT(I85,2)<>"P6",N85=""),"T01 biasanya P6; jelaskan di V12; ","")&IF(AND(LEFT(I85,2)="P1",LEFT(K85,2)<>"K4",N85=""),"P1 biasanya K4; jelaskan di V12; ",""))) | R85: =IF(INDEX(Korpus!$B:$B,$A85)="","",INDEX(Korpus!$B:$B,$A85)) -> BAB I KETENTUAN UMUM | S85: =IF(INDEX(Korpus!$C:$C,$A85)="","",INDEX(Korpus!$C:$C,$A85))
