Workbook

Sheet Petunjuk
A1: Template Krippendorff's Alpha (α) – Petunjuk Penggunaan
A3: A. SPESIFIKASI TEMPLATE
A4: • | B4: Jumlah coder: 2 sampai 4 (dipilih di sel Input!H4).
A5: • | B5: Jenis data: Nominal dan Ordinal (dipilih di sel Input!H5).
A6: • | B6: Banyak data (unit) per coder: 1 sampai 100 baris (Input!A5:E104). Maksimal 20 kategori. Mendukung data hilang (sel kosong).
A7: • | B7: Kategori boleh berupa angka (1, 2, 3 …) atau teks (Positif, Netral …).
A9: B. LANGKAH PENGGUNAAN
A10: 1 | B10: Buka sheet Input. Template sudah berisi Contoh 1 (nominal). Untuk data Anda: blok B5:E104 lalu tekan Delete; kosongkan H10:H29 dan H6.
A11: 2 | B11: Pilih Jumlah coder (H4) dan Jenis data (H5) dari dropdown. Kolom coder di luar jumlah yang dipilih otomatis berwarna abu-abu dan diabaikan.
A12: 3 | B12: Isi Daftar Kategori di H10:H29 mulai dari atas. Nominal: urutan bebas. Ordinal: WAJIB urut dari rendah ke tinggi (mis. 1,2,3,4,5 atau Rendah, Sedang, Tinggi).
A13: 4 | B13: Isi data pada B5:E104: satu baris = satu unit yang dikode, satu kolom = satu coder. Pilih dari dropdown atau ketik persis sama dengan kategori. Kosongkan sel jika coder tidak mengkode unit itu.
A14: 5 | B14: Lihat hasil di panel HASIL (Input!H32:H38) – Alpha, interpretasi, jumlah unit, dan status data. Rincian matriks ada di sheet Hasil_Alpha.
A15: 6 | B15: Periksa Status data. Sel merah di Input = entri yang tidak ada di daftar kategori (mis. salah ketik atau spasi berlebih) dan tidak ikut dihitung.
A16: 7 | B16: Untuk mencoba contoh ordinal: salin data dari Contoh_Data ke Input, set H4=3, H5=Ordinal, H10:H14 = 1–5, hapus kategori lain (H15:H29). Hasil harus = nilai acuan.
A18: C. ISI SETIAP SHEET
B19: Input | C19: Pengaturan, daftar kategori, data coder, dan ringkasan hasil (satu-satunya sheet yang perlu diisi).
B20: Hitung_Unit | C20: Konversi tiap nilai menjadi indeks kategori, jumlah nilai per unit (m), bobot 1/(m−1), dan hitungan per kategori.
B21: Hasil_Alpha | C21: Ringkasan (Do, De, Alpha, interpretasi), matriks koinsidensi, matriks harapan, dan matriks selisih kuadrat.
B22: Contoh_Data | C22: Dua contoh data (nominal & ordinal) beserta nilai acuan Alpha untuk verifikasi.
A24: D. RUMUS YANG DIPAKAI
B25: Alpha | C25: α = 1 − Do / De, dengan Do = (1/n)·Σ o_ck·δ²_ck dan De = (1/n)·Σ e_ck·δ²_ck.
B26: Matriks koinsidensi | C26: o_ck = Σ_unit [ n_uc·n_uk − (c=k)·n_uc ] / (m_u − 1). Hanya unit dengan m_u ≥ 2 nilai yang dihitung.
B27: Matriks harapan | C27: e_ck = n_c·n_k / (n − 1) untuk c≠k; e_cc = n_c·(n_c − 1) / (n − 1). n_c = total baris c pada matriks koinsidensi.
B28: δ² Nominal | C28: 0 bila c = k; 1 bila c ≠ k.
B29: δ² Ordinal | C29: (n_c/2 + n_(c+1) + … + n_(k−1) + n_k/2)², yaitu (Σ n_g dari c sampai k) − (n_c + n_k)/2, dikuadratkan.
A31: E. FORMULA EXCEL KUNCI
B32: Hitung_Unit!B5 (indeks) | C32: IF(Input!B5="","",IF(B$3>Input!$H$4,"",IFERROR(MATCH(Input!B5,Input!$H$10:$H$29,0),"ERR")))
B33: Hitung_Unit!H5 (bobot) | C33: IF(F5>=2, 1/(F5−1), 0)
B34: Hitung_Unit!I5 (n_uk) | C34: COUNTIF($B5:$E5, I$3)
B35: Hasil_Alpha!C21 (o_ck) | C35: SUMPRODUCT(Hitung_Unit!$I$5:$I$104, Hitung_Unit!$I$5:$I$104−1, Hitung_Unit!$H$5:$H$104) [−1 hanya untuk c = k]
B36: Hasil_Alpha!F9 (Do) | C36: SUMPRODUCT(matriks_koinsidensi, matriks_selisih) / n
B37: Hasil_Alpha!F10 (De) | C37: SUMPRODUCT(matriks_harapan, matriks_selisih) / n
B38: Hasil_Alpha!F11 (Alpha) | C38: IF(n<=1,"N/A",IF(De=0,"N/A",1 − Do/De))
A40: F. INTERPRETASI & CATATAN
B41: α ≥ 0,800 | C41: Reliabel – data dapat diandalkan.
B42: 0,667 ≤ α < 0,800 | C42: Tentatif – hanya untuk kesimpulan awal.
B43: α < 0,667 | C43: Tidak reliabel. Ambang ini mengikuti saran Krippendorff (2004) dan dapat disesuaikan dengan bidang/tujuan penelitian Anda.
B44: Hasil N/A | C44: Terjadi bila tidak ada unit dengan ≥2 nilai, atau seluruh nilai jatuh pada satu kategori saja (variasi nol, De = 0), sehingga Alpha tidak terdefinisi.
B45: Data hilang | C45: Sel kosong diperbolehkan; unit dengan hanya 1 nilai tidak dihitung. Jumlah coder per unit boleh berbeda-beda.
B46: Sampel kecil | C46: Dengan unit sangat sedikit (mis. 1–5), Alpha sangat tidak stabil; interpretasikan dengan hati-hati.
B47: Ordinal | C47: Kategori yang ada di daftar tetapi tidak muncul di data tetap menjaga urutan dan tidak memengaruhi hasil.
A49: G. REFERENSI
B50: Krippendorff, K. (2011) | C50: Computing Krippendorff's Alpha-Reliability. Departmental Papers (ASC), University of Pennsylvania.
B51: Krippendorff, K. (2004) | C51: Content Analysis: An Introduction to Its Methodology (2nd ed.). Sage.

Sheet Contoh_Data
A1: Contoh Data & Nilai Acuan
A2: Salin data contoh ke sheet Input (B5:E104) dan atur H4, H5, H10:H29 sesuai keterangan; hasil harus sama dengan nilai acuan.
A4: CONTOH 1 – NOMINAL (sentimen berita) | G4: CONTOH 2 – ORDINAL (skala 1–5)
A5: Jumlah coder: 4 | Jenis data: Nominal | 20 unit | G5: Jumlah coder: 3 | Jenis data: Ordinal | 15 unit
A6: Kategori (H10:H12): Positif, Netral, Negatif | G6: Kategori (H10:H14): 1, 2, 3, 4, 5 (urut rendah → tinggi)
A7: Sel kosong = coder tidak mengkode unit tsb. | G7: Sel kosong = coder tidak mengkode unit tsb.
A9: No. Unit | B9: Coder 1 | C9: Coder 2 | D9: Coder 3 | E9: Coder 4 | G9: No. Unit | H9: Coder 1 | I9: Coder 2 | J9: Coder 3
A10: 1 | B10: Positif | C10: Positif | D10: Positif | E10: Positif | G10: 1 | H10: 4 | I10: 4 | J10: 5
A11: 2 | B11: Positif | C11: Positif | D11: Positif | E11: Netral | G11: 2 | H11: 3 | I11: 3 | J11: 3
A12: 3 | B12: Netral | C12: Netral | D12: Netral | E12: Netral | G12: 3 | H12: 5 | I12: 5 | J12: 5
A13: 4 | B13: Negatif | C13: Negatif | D13: Negatif | E13: Negatif | G13: 4 | H13: 2 | I13: 3 | J13: 2
A14: 5 | B14: Positif | C14: Positif | D14: Netral | E14: Positif | G14: 5 | H14: 1 | I14: 1 | J14: 2
A15: 6 | B15: Negatif | C15: Negatif | D15: Netral | E15: Negatif | G15: 6 | H15: 4 | I15: 5 | J15: 4
A16: 7 | B16: Netral | C16: Netral | D16: Positif | E16: Netral | G16: 7 | H16: 3 | I16: 4 | J16: 3
A17: 8 | B17: Positif | C17: Positif | D17: Positif | E17: Positif | G17: 8 | H17: 2 | I17: 2 | J17: 2
A18: 9 | B18: Negatif | C18: Netral | D18: Negatif | E18: Negatif | G18: 9 | H18: 5 | I18: 4 | J18: 5
A19: 10 | B19: Netral | C19: Netral | D19: Netral | E19: Negatif | G19: 10 | H19: 1 | I19: 2 | J19: 1
A20: 11 | B20: Positif | C20: Positif | D20: Positif | E20: Positif | G20: 11 | H20: 3 | I20: 3 | J20: 4
A21: 12 | B21: Negatif | C21: Negatif | D21: Negatif | E21: Negatif | G21: 12 | H21: 4 | I21: 4 | J21: 4
... A23: 14 | B23: Positif | C23: Positif | D23: Netral | E23: Positif | G23: 14 | H23: 5 | I23: 5 | J23: 4
A24: 15 | B24: Negatif | C24: Negatif | D24: Negatif | E24: Netral | G24: 15 | H24: 3 | I24: 3
A25: 16 | B25: Netral | C25: Netral | D25: Netral | E25: Netral
A26: 17 | B26: Positif | C26: Positif | D26: Positif | G26: Nilai acuan α | J26: 0.8762
A27: 18 | B27: Negatif | C27: Negatif | E27: Negatif | G27: Acuan = hasil implementasi terpisah di Python (dicocokkan dengan paket 'krippendorff'); nilai ini sengaja berupa angka tetap untuk verifikasi.
A28: 19 | B28: Netral | C28: Positif | D28: Netral | E28: Netral
A29: 20 | B29: Positif | D29: Positif | E29: Positif
A31: Nilai acuan α | D31: 0.6115
A32: Acuan = hasil implementasi terpisah di Python (dicocokkan dengan paket 'krippendorff'); nilai ini sengaja berupa angka tetap untuk verifikasi.

Sheet Input
A1: Template Krippendorff's Alpha (α) – Reliabilitas Antar-Coder
A2: Sel kuning/biru = isi sendiri | Sel hitam = otomatis (jangan diubah) | Data mulai baris 5, satu baris = satu unit | Kosongkan sel bila coder tidak mengkode unit tsb.
A3: Jumlah data → | B3: =IF(1<=$H$4,COUNTA(B5:B104),"-") -> 12 | C3: =IF(2<=$H$4,COUNTA(C5:C104),"-") -> 12 | D3: =IF(3<=$H$4,COUNTA(D5:D104),"-") -> 0 | E3: =IF(4<=$H$4,COUNTA(E5:E104),"-") -> - | G3: PENGATURAN
A4: No. Unit | B4: Claude | C4: Gemini | G4: Jumlah coder (2–4) | H4: 3
A5: 1 | B5: K5 | C5: K5 | G5: Jenis data (Nominal / Ordinal) | H5: Nominal
A6: 2 | B6: K5 | C6: K5 | G6: Nama variabel (opsional) | H6: Relevansi
A7: 3 | B7: K5 | C7: K5
A8: 4 | B8: K3 | C8: K3 | G8: DAFTAR KATEGORI (maks. 20)
A9: 5 | B9: K4 | C9: K4 | G9: Urutan | H9: Kategori / kode (ordinal: rendah → tinggi)
A10: 6 | B10: K4 | C10: K4 | G10: 1 | H10: K1
A11: 7 | B11: K3 | C11: K3 | G11: 2 | H11: K2
A12: 8 | B12: K2 | C12: K2 | G12: 3 | H12: K3
A13: 9 | B13: K2 | C13: K2 | G13: 4 | H13: K4
A14: 10 | B14: K3 | C14: K3 | G14: 5 | H14: K5
A15: 11 | B15: K4 | C15: K4 | G15: 6
A16: 12 | B16: K1 | C16: K1 | G16: 7
A17: 13 | G17: 8
A18: 14 | G18: 9
A19: 15 | G19: 10
A20: 16 | G20: 11
A21: 17 | G21: 12
A22: 18 | G22: 13
A23: 19 | G23: 14
A24: 20 | G24: 15
A25: 21 | G25: 16
A26: 22 | G26: 17
A27: 23 | G27: 18
A28: 24 | G28: 19
A29: 25 | G29: 20
A30: 26
A31: 27 | G31: HASIL
A32: 28 | G32: Krippendorff's Alpha (α) | H32: =Hasil_Alpha!F11 -> 1
A33: 29 | G33: Interpretasi | H33: =Hasil_Alpha!F12 -> Reliabel (α ≥ 0,800)
A34: 30 | G34: Jumlah unit terisi (N) | H34: =Hasil_Alpha!F6 -> 12
A35: 31 | G35: Unit dipasangkan (≥2 nilai) | H35: =Hasil_Alpha!F7 -> 12
A36: 32 | G36: Total nilai dipasangkan (n) | H36: =Hasil_Alpha!F8 -> 24
A37: 33 | G37: Kesepakatan teramati | H37: =Hasil_Alpha!F13 -> 1
A38: 34 | G38: Status data | H38: =Hasil_Alpha!F15 -> OK – data valid
A39: 35
A40: 36
A41: 37
A42: 38
A43: 39
A44: 40
A45: 41
A46: 42
A47: 43
A48: 44
A49: 45
A50: 46
... A104: 100

Sheet Hitung_Unit
A1: Perhitungan per Unit (otomatis – jangan diubah)
A2: Kolom B–E: indeks kategori tiap coder · F: jumlah nilai (m) · G: entri tidak valid · H: bobot 1/(m−1) · I–AB: jumlah nilai per kategori (n_uk)
A3: Indeks → | B3: 1 | C3: 2 | D3: 3 | E3: 4 | I3: 1 | J3: 2 | K3: 3 | L3: 4 | M3: 5 | N3: 6 | O3: 7 | P3: 8 | Q3: 9 | R3: 10 | S3: 11 | T3: 12 | U3: 13 | V3: 14 | W3: 15 | X3: 16 | Y3: 17 | Z3: 18 | AA3: 19 | AB3: 20
A4: Unit | B4: =Input!B4 -> Claude | C4: =Input!C4 -> Gemini | D4: =Input!D4 -> 0 | E4: =Input!E4 -> 0 | F4: m | G4: ERR | H4: Bobot | I4: =IF(Input!$H$10="","",Input!$H$10) -> K1 | J4: =IF(Input!$H$11="","",Input!$H$11) -> K2 | K4: =IF(Input!$H$12="","",Input!$H$12) -> K3 | L4: =IF(Input!$H$13="","",Input!$H$13) -> K4 | M4: =IF(Input!$H$14="","",Input!$H$14) -> K5 | N4: =IF(Input!$H$15="","",Input!$H$15) | O4: =IF(Input!$H$16="","",Input!$H$16) | P4: =IF(Input!$H$17="","",Input!$H$17) | Q4: =IF(Input!$H$18="","",Input!$H$18) | R4: =IF(Input!$H$19="","",Input!$H$19) | S4: =IF(Input!$H$20="","",Input!$H$20) | T4: =IF(Input!$H$21="","",Input!$H$21) | U4: =IF(Input!$H$22="","",Input!$H$22) | V4: =IF(Input!$H$23="","",Input!$H$23) | W4: =IF(Input!$H$24="","",Input!$H$24) | X4: =IF(Input!$H$25="","",Input!$H$25) | Y4: =IF(Input!$H$26="","",Input!$H$26) | Z4: =IF(Input!$H$27="","",Input!$H$27) | AA4: =IF(Input!$H$28="","",Input!$H$28) | AB4: =IF(Input!$H$29="","",Input!$H$29)
A5: =Input!A5 -> 1 | B5: =IF(Input!B5="","",IF(B$3>Input!$H$4,"",IFERROR(MATCH(Input!B5,Input!$H$10:$H$29,0),"ERR"))) -> 5 | C5: =IF(Input!C5="","",IF(C$3>Input!$H$4,"",IFERROR(MATCH(Input!C5,Input!$H$10:$H$29,0),"ERR"))) -> 5 | D5: =IF(Input!D5="","",IF(D$3>Input!$H$4,"",IFERROR(MATCH(Input!D5,Input!$H$10:$H$29,0),"ERR"))) | E5: =IF(Input!E5="","",IF(E$3>Input!$H$4,"",IFERROR(MATCH(Input!E5,Input!$H$10:$H$29,0),"ERR"))) | F5: =COUNT(B5:E5) -> 2 | G5: =COUNTIF(B5:E5,"ERR") -> 0 | H5: =IF(F5>=2,1/(F5-1),0) -> 1 | I5: =COUNTIF($B5:$E5,I$3) -> 0 | J5: =COUNTIF($B5:$E5,J$3) -> 0 | K5: =COUNTIF($B5:$E5,K$3) -> 0 | L5: =COUNTIF($B5:$E5,L$3) -> 0 | M5: =COUNTIF($B5:$E5,M$3) -> 2 | N5: =COUNTIF($B5:$E5,N$3) -> 0 | O5: =COUNTIF($B5:$E5,O$3) -> 0 | P5: =COUNTIF($B5:$E5,P$3) -> 0 | ... AB5: =COUNTIF($B5:$E5,AB$3) -> 0
A6: =Input!A6 -> 2 | B6: =IF(Input!B6="","",IF(B$3>Input!$H$4,"",IFERROR(MATCH(Input!B6,Input!$H$10:$H$29,0),"ERR"))) -> 5 | C6: =IF(Input!C6="","",IF(C$3>Input!$H$4,"",IFERROR(MATCH(Input!C6,Input!$H$10:$H$29,0),"ERR"))) -> 5 | D6: =IF(Input!D6="","",IF(D$3>Input!$H$4,"",IFERROR(MATCH(Input!D6,Input!$H$10:$H$29,0),"ERR"))) | E6: =IF(Input!E6="","",IF(E$3>Input!$H$4,"",IFERROR(MATCH(Input!E6,Input!$H$10:$H$29,0),"ERR"))) | F6: =COUNT(B6:E6) -> 2 | G6: =COUNTIF(B6:E6,"ERR") -> 0 | H6: =IF(F6>=2,1/(F6-1),0) -> 1 | I6: =COUNTIF($B6:$E6,I$3) -> 0 | J6: =COUNTIF($B6:$E6,J$3) -> 0 | K6: =COUNTIF($B6:$E6,K$3) -> 0 | L6: =COUNTIF($B6:$E6,L$3) -> 0 | M6: =COUNTIF($B6:$E6,M$3) -> 2 | N6: =COUNTIF($B6:$E6,N$3) -> 0 | O6: =COUNTIF($B6:$E6,O$3) -> 0 | P6: =COUNTIF($B6:$E6,P$3) -> 0 | ... AB6: =COUNTIF($B6:$E6,AB$3) -> 0
A7: =Input!A7 -> 3 | B7: =IF(Input!B7="","",IF(B$3>Input!$H$4,"",IFERROR(MATCH(Input!B7,Input!$H$10:$H$29,0),"ERR"))) -> 5 | C7: =IF(Input!C7="","",IF(C$3>Input!$H$4,"",IFERROR(MATCH(Input!C7,Input!$H$10:$H$29,0),"ERR"))) -> 5 | D7: =IF(Input!D7="","",IF(D$3>Input!$H$4,"",IFERROR(MATCH(Input!D7,Input!$H$10:$H$29,0),"ERR"))) | E7: =IF(Input!E7="","",IF(E$3>Input!$H$4,"",IFERROR(MATCH(Input!E7,Input!$H$10:$H$29,0),"ERR"))) | F7: =COUNT(B7:E7) -> 2 | G7: =COUNTIF(B7:E7,"ERR") -> 0 | H7: =IF(F7>=2,1/(F7-1),0) -> 1 | I7: =COUNTIF($B7:$E7,I$3) -> 0 | J7: =COUNTIF($B7:$E7,J$3) -> 0 | K7: =COUNTIF($B7:$E7,K$3) -> 0 | L7: =COUNTIF($B7:$E7,L$3) -> 0 | M7: =COUNTIF($B7:$E7,M$3) -> 2 | N7: =COUNTIF($B7:$E7,N$3) -> 0 | O7: =COUNTIF($B7:$E7,O$3) -> 0 | P7: =COUNTIF($B7:$E7,P$3) -> 0 | ... AB7: =COUNTIF($B7:$E7,AB$3) -> 0
A8: =Input!A8 -> 4 | B8: =IF(Input!B8="","",IF(B$3>Input!$H$4,"",IFERROR(MATCH(Input!B8,Input!$H$10:$H$29,0),"ERR"))) -> 3 | C8: =IF(Input!C8="","",IF(C$3>Input!$H$4,"",IFERROR(MATCH(Input!C8,Input!$H$10:$H$29,0),"ERR"))) -> 3 | D8: =IF(Input!D8="","",IF(D$3>Input!$H$4,"",IFERROR(MATCH(Input!D8,Input!$H$10:$H$29,0),"ERR"))) | E8: =IF(Input!E8="","",IF(E$3>Input!$H$4,"",IFERROR(MATCH(Input!E8,Input!$H$10:$H$29,0),"ERR"))) | F8: =COUNT(B8:E8) -> 2 | G8: =COUNTIF(B8:E8,"ERR") -> 0 | H8: =IF(F8>=2,1/(F8-1),0) -> 1 | I8: =COUNTIF($B8:$E8,I$3) -> 0 | J8: =COUNTIF($B8:$E8,J$3) -> 0 | K8: =COUNTIF($B8:$E8,K$3) -> 2 | L8: =COUNTIF($B8:$E8,L$3) -> 0 | M8: =COUNTIF($B8:$E8,M$3) -> 0 | N8: =COUNTIF($B8:$E8,N$3) -> 0 | O8: =COUNTIF($B8:$E8,O$3) -> 0 | P8: =COUNTIF($B8:$E8,P$3) -> 0 | ... AB8: =COUNTIF($B8:$E8,AB$3) -> 0
A9: =Input!A9 -> 5 | B9: =IF(Input!B9="","",IF(B$3>Input!$H$4,"",IFERROR(MATCH(Input!B9,Input!$H$10:$H$29,0),"ERR"))) -> 4 | C9: =IF(Input!C9="","",IF(C$3>Input!$H$4,"",IFERROR(MATCH(Input!C9,Input!$H$10:$H$29,0),"ERR"))) -> 4 | D9: =IF(Input!D9="","",IF(D$3>Input!$H$4,"",IFERROR(MATCH(Input!D9,Input!$H$10:$H$29,0),"ERR"))) | E9: =IF(Input!E9="","",IF(E$3>Input!$H$4,"",IFERROR(MATCH(Input!E9,Input!$H$10:$H$29,0),"ERR"))) | F9: =COUNT(B9:E9) -> 2 | G9: =COUNTIF(B9:E9,"ERR") -> 0 | H9: =IF(F9>=2,1/(F9-1),0) -> 1 | I9: =COUNTIF($B9:$E9,I$3) -> 0 | J9: =COUNTIF($B9:$E9,J$3) -> 0 | K9: =COUNTIF($B9:$E9,K$3) -> 0 | L9: =COUNTIF($B9:$E9,L$3) -> 2 | M9: =COUNTIF($B9:$E9,M$3) -> 0 | N9: =COUNTIF($B9:$E9,N$3) -> 0 | O9: =COUNTIF($B9:$E9,O$3) -> 0 | P9: =COUNTIF($B9:$E9,P$3) -> 0 | ... AB9: =COUNTIF($B9:$E9,AB$3) -> 0
A10: =Input!A10 -> 6 | B10: =IF(Input!B10="","",IF(B$3>Input!$H$4,"",IFERROR(MATCH(Input!B10,Input!$H$10:$H$29,0),"ERR"))) -> 4 | C10: =IF(Input!C10="","",IF(C$3>Input!$H$4,"",IFERROR(MATCH(Input!C10,Input!$H$10:$H$29,0),"ERR"))) -> 4 | D10: =IF(Input!D10="","",IF(D$3>Input!$H$4,"",IFERROR(MATCH(Input!D10,Input!$H$10:$H$29,0),"ERR"))) | E10: =IF(Input!E10="","",IF(E$3>Input!$H$4,"",IFERROR(MATCH(Input!E10,Input!$H$10:$H$29,0),"ERR"))) | F10: =COUNT(B10:E10) -> 2 | G10: =COUNTIF(B10:E10,"ERR") -> 0 | H10: =IF(F10>=2,1/(F10-1),0) -> 1 | I10: =COUNTIF($B10:$E10,I$3) -> 0 | J10: =COUNTIF($B10:$E10,J$3) -> 0 | K10: =COUNTIF($B10:$E10,K$3) -> 0 | L10: =COUNTIF($B10:$E10,L$3) -> 2 | M10: =COUNTIF($B10:$E10,M$3) -> 0 | N10: =COUNTIF($B10:$E10,N$3) -> 0 | O10: =COUNTIF($B10:$E10,O$3) -> 0 | P10: =COUNTIF($B10:$E10,P$3) -> 0 | ... AB10: =COUNTIF($B10:$E10,AB$3) -> 0
A11: =Input!A11 -> 7 | B11: =IF(Input!B11="","",IF(B$3>Input!$H$4,"",IFERROR(MATCH(Input!B11,Input!$H$10:$H$29,0),"ERR"))) -> 3 | C11: =IF(Input!C11="","",IF(C$3>Input!$H$4,"",IFERROR(MATCH(Input!C11,Input!$H$10:$H$29,0),"ERR"))) -> 3 | D11: =IF(Input!D11="","",IF(D$3>Input!$H$4,"",IFERROR(MATCH(Input!D11,Input!$H$10:$H$29,0),"ERR"))) | E11: =IF(Input!E11="","",IF(E$3>Input!$H$4,"",IFERROR(MATCH(Input!E11,Input!$H$10:$H$29,0),"ERR"))) | F11: =COUNT(B11:E11) -> 2 | G11: =COUNTIF(B11:E11,"ERR") -> 0 | H11: =IF(F11>=2,1/(F11-1),0) -> 1 | I11: =COUNTIF($B11:$E11,I$3) -> 0 | J11: =COUNTIF($B11:$E11,J$3) -> 0 | K11: =COUNTIF($B11:$E11,K$3) -> 2 | L11: =COUNTIF($B11:$E11,L$3) -> 0 | M11: =COUNTIF($B11:$E11,M$3) -> 0 | N11: =COUNTIF($B11:$E11,N$3) -> 0 | O11: =COUNTIF($B11:$E11,O$3) -> 0 | P11: =COUNTIF($B11:$E11,P$3) -> 0 | ... AB11: =COUNTIF($B11:$E11,AB$3) -> 0
A12: =Input!A12 -> 8 | B12: =IF(Input!B12="","",IF(B$3>Input!$H$4,"",IFERROR(MATCH(Input!B12,Input!$H$10:$H$29,0),"ERR"))) -> 2 | C12: =IF(Input!C12="","",IF(C$3>Input!$H$4,"",IFERROR(MATCH(Input!C12,Input!$H$10:$H$29,0),"ERR"))) -> 2 | D12: =IF(Input!D12="","",IF(D$3>Input!$H$4,"",IFERROR(MATCH(Input!D12,Input!$H$10:$H$29,0),"ERR"))) | E12: =IF(Input!E12="","",IF(E$3>Input!$H$4,"",IFERROR(MATCH(Input!E12,Input!$H$10:$H$29,0),"ERR"))) | F12: =COUNT(B12:E12) -> 2 | G12: =COUNTIF(B12:E12,"ERR") -> 0 | H12: =IF(F12>=2,1/(F12-1),0) -> 1 | I12: =COUNTIF($B12:$E12,I$3) -> 0 | J12: =COUNTIF($B12:$E12,J$3) -> 2 | K12: =COUNTIF($B12:$E12,K$3) -> 0 | L12: =COUNTIF($B12:$E12,L$3) -> 0 | M12: =COUNTIF($B12:$E12,M$3) -> 0 | N12: =COUNTIF($B12:$E12,N$3) -> 0 | O12: =COUNTIF($B12:$E12,O$3) -> 0 | P12: =COUNTIF($B12:$E12,P$3) -> 0 | ... AB12: =COUNTIF($B12:$E12,AB$3) -> 0
A13: =Input!A13 -> 9 | B13: =IF(Input!B13="","",IF(B$3>Input!$H$4,"",IFERROR(MATCH(Input!B13,Input!$H$10:$H$29,0),"ERR"))) -> 2 | C13: =IF(Input!C13="","",IF(C$3>Input!$H$4,"",IFERROR(MATCH(Input!C13,Input!$H$10:$H$29,0),"ERR"))) -> 2 | D13: =IF(Input!D13="","",IF(D$3>Input!$H$4,"",IFERROR(MATCH(Input!D13,Input!$H$10:$H$29,0),"ERR"))) | E13: =IF(Input!E13="","",IF(E$3>Input!$H$4,"",IFERROR(MATCH(Input!E13,Input!$H$10:$H$29,0),"ERR"))) | F13: =COUNT(B13:E13) -> 2 | G13: =COUNTIF(B13:E13,"ERR") -> 0 | H13: =IF(F13>=2,1/(F13-1),0) -> 1 | I13: =COUNTIF($B13:$E13,I$3) -> 0 | J13: =COUNTIF($B13:$E13,J$3) -> 2 | K13: =COUNTIF($B13:$E13,K$3) -> 0 | L13: =COUNTIF($B13:$E13,L$3) -> 0 | M13: =COUNTIF($B13:$E13,M$3) -> 0 | N13: =COUNTIF($B13:$E13,N$3) -> 0 | O13: =COUNTIF($B13:$E13,O$3) -> 0 | P13: =COUNTIF($B13:$E13,P$3) -> 0 | ... AB13: =COUNTIF($B13:$E13,AB$3) -> 0
A14: =Input!A14 -> 10 | B14: =IF(Input!B14="","",IF(B$3>Input!$H$4,"",IFERROR(MATCH(Input!B14,Input!$H$10:$H$29,0),"ERR"))) -> 3 | C14: =IF(Input!C14="","",IF(C$3>Input!$H$4,"",IFERROR(MATCH(Input!C14,Input!$H$10:$H$29,0),"ERR"))) -> 3 | D14: =IF(Input!D14="","",IF(D$3>Input!$H$4,"",IFERROR(MATCH(Input!D14,Input!$H$10:$H$29,0),"ERR"))) | E14: =IF(Input!E14="","",IF(E$3>Input!$H$4,"",IFERROR(MATCH(Input!E14,Input!$H$10:$H$29,0),"ERR"))) | F14: =COUNT(B14:E14) -> 2 | G14: =COUNTIF(B14:E14,"ERR") -> 0 | H14: =IF(F14>=2,1/(F14-1),0) -> 1 | I14: =COUNTIF($B14:$E14,I$3) -> 0 | J14: =COUNTIF($B14:$E14,J$3) -> 0 | K14: =COUNTIF($B14:$E14,K$3) -> 2 | L14: =COUNTIF($B14:$E14,L$3) -> 0 | M14: =COUNTIF($B14:$E14,M$3) -> 0 | N14: =COUNTIF($B14:$E14,N$3) -> 0 | O14: =COUNTIF($B14:$E14,O$3) -> 0 | P14: =COUNTIF($B14:$E14,P$3) -> 0 | ... AB14: =COUNTIF($B14:$E14,AB$3) -> 0
A15: =Input!A15 -> 11 | B15: =IF(Input!B15="","",IF(B$3>Input!$H$4,"",IFERROR(MATCH(Input!B15,Input!$H$10:$H$29,0),"ERR"))) -> 4 | C15: =IF(Input!C15="","",IF(C$3>Input!$H$4,"",IFERROR(MATCH(Input!C15,Input!$H$10:$H$29,0),"ERR"))) -> 4 | D15: =IF(Input!D15="","",IF(D$3>Input!$H$4,"",IFERROR(MATCH(Input!D15,Input!$H$10:$H$29,0),"ERR"))) | E15: =IF(Input!E15="","",IF(E$3>Input!$H$4,"",IFERROR(MATCH(Input!E15,Input!$H$10:$H$29,0),"ERR"))) | F15: =COUNT(B15:E15) -> 2 | G15: =COUNTIF(B15:E15,"ERR") -> 0 | H15: =IF(F15>=2,1/(F15-1),0) -> 1 | I15: =COUNTIF($B15:$E15,I$3) -> 0 | J15: =COUNTIF($B15:$E15,J$3) -> 0 | K15: =COUNTIF($B15:$E15,K$3) -> 0 | L15: =COUNTIF($B15:$E15,L$3) -> 2 | M15: =COUNTIF($B15:$E15,M$3) -> 0 | N15: =COUNTIF($B15:$E15,N$3) -> 0 | O15: =COUNTIF($B15:$E15,O$3) -> 0 | P15: =COUNTIF($B15:$E15,P$3) -> 0 | ... AB15: =COUNTIF($B15:$E15,AB$3) -> 0
A16: =Input!A16 -> 12 | B16: =IF(Input!B16="","",IF(B$3>Input!$H$4,"",IFERROR(MATCH(Input!B16,Input!$H$10:$H$29,0),"ERR"))) -> 1 | C16: =IF(Input!C16="","",IF(C$3>Input!$H$4,"",IFERROR(MATCH(Input!C16,Input!$H$10:$H$29,0),"ERR"))) -> 1 | D16: =IF(Input!D16="","",IF(D$3>Input!$H$4,"",IFERROR(MATCH(Input!D16,Input!$H$10:$H$29,0),"ERR"))) | E16: =IF(Input!E16="","",IF(E$3>Input!$H$4,"",IFERROR(MATCH(Input!E16,Input!$H$10:$H$29,0),"ERR"))) | F16: =COUNT(B16:E16) -> 2 | G16: =COUNTIF(B16:E16,"ERR") -> 0 | H16: =IF(F16>=2,1/(F16-1),0) -> 1 | I16: =COUNTIF($B16:$E16,I$3) -> 2 | J16: =COUNTIF($B16:$E16,J$3) -> 0 | K16: =COUNTIF($B16:$E16,K$3) -> 0 | L16: =COUNTIF($B16:$E16,L$3) -> 0 | M16: =COUNTIF($B16:$E16,M$3) -> 0 | N16: =COUNTIF($B16:$E16,N$3) -> 0 | O16: =COUNTIF($B16:$E16,O$3) -> 0 | P16: =COUNTIF($B16:$E16,P$3) -> 0 | ... AB16: =COUNTIF($B16:$E16,AB$3) -> 0
... A104: =Input!A104 -> 100 | B104: =IF(Input!B104="","",IF(B$3>Input!$H$4,"",IFERROR(MATCH(Input!B104,Input!$H$10:$H$29,0),"ERR"))) | C104: =IF(Input!C104="","",IF(C$3>Input!$H$4,"",IFERROR(MATCH(Input!C104,Input!$H$10:$H$29,0),"ERR"))) | D104: =IF(Input!D104="","",IF(D$3>Input!$H$4,"",IFERROR(MATCH(Input!D104,Input!$H$10:$H$29,0),"ERR"))) | E104: =IF(Input!E104="","",IF(E$3>Input!$H$4,"",IFERROR(MATCH(Input!E104,Input!$H$10:$H$29,0),"ERR"))) | F104: =COUNT(B104:E104) -> 0 | G104: =COUNTIF(B104:E104,"ERR") -> 0 | H104: =IF(F104>=2,1/(F104-1),0) -> 0 | I104: =COUNTIF($B104:$E104,I$3) -> 0 | J104: =COUNTIF($B104:$E104,J$3) -> 0 | K104: =COUNTIF($B104:$E104,K$3) -> 0 | L104: =COUNTIF($B104:$E104,L$3) -> 0 | M104: =COUNTIF($B104:$E104,M$3) -> 0 | N104: =COUNTIF($B104:$E104,N$3) -> 0 | O104: =COUNTIF($B104:$E104,O$3) -> 0 | P104: =COUNTIF($B104:$E104,P$3) -> 0 | ... AB104: =COUNTIF($B104:$E104,AB$3) -> 0

Sheet Hasil_Alpha
A1: Hasil Perhitungan Krippendorff's Alpha
A2: Seluruh sel pada sheet ini otomatis (rumus). Alpha = 1 − Do/De.
A3: RINGKASAN
A4: Jenis data | F4: =Input!H5 -> Nominal
A5: Jumlah coder | F5: =Input!H4 -> 3
A6: Jumlah unit terisi (N) | F6: =COUNTIF(Hitung_Unit!F5:F104,">=1") -> 12
A7: Unit dapat dipasangkan (≥2 nilai) | F7: =COUNTIF(Hitung_Unit!F5:F104,">=2") -> 12
A8: Total nilai dipasangkan (n) | F8: =$W$41 -> 24
A9: Do – disagreement teramati | F9: =IF($W$41>1,SUMPRODUCT($C$21:$V$40,$C$72:$V$91)/$W$41,"") -> 0
A10: De – disagreement diharapkan | F10: =IF($W$41>1,SUMPRODUCT($C$47:$V$66,$C$72:$V$91)/$W$41,"") -> 0.8115942
A11: KRIPPENDORFF'S ALPHA (α) | F11: =IF(F8<=1,"N/A",IF(F10=0,"N/A",1-F9/F10)) -> 1
A12: Interpretasi | F12: =IF(F11="N/A","Tidak dapat dihitung (data kurang / semua nilai sama)",IF(F11>=0.8,"Reliabel (α ≥ 0,800)",IF(F11>=0.667,"Tentatif (0,667 ≤ α < 0,800)","Tidak reliabel (α < 0,667)"))) -> Reliabel (α ≥ 0,800)
A13: Kesepakatan teramati (persen) | F13: =IF($W$41>1,(C21+D22+E23+F24+G25+H26+I27+J28+K29+L30+M31+N32+O33+P34+Q35+R36+S37+T38+U39+V40)/$W$41,"") -> 1
A14: Entri di luar daftar kategori | F14: =SUM(Hitung_Unit!G5:G104) -> 0
A15: Status data | F15: =IF(OR(Input!H4<2,Input!H4>4),"PERIKSA: jumlah coder harus 2–4",IF(AND(Input!H5<>"Nominal",Input!H5<>"Ordinal"),"PERIKSA: jenis data harus Nominal/Ordinal",IF(COUNTA(Input!H10:H29)<2,"PERIKSA: isi minimal 2 kategori di Input",IF(F14>0,"PERIKSA: "&F14&" entri tidak ada di daftar kategori (sel merah di Input)",IF(F6=0,"Belum ada data",IF(COUNTA(Input!B5:E104)>SUM(Input!B3:E3),"Catatan: ada data pada kolom coder yang tidak dipakai (abu-abu)",IF(F7<F6,"Catatan: "&(F6-F7)&" unit hanya punya 1 nilai, tidak ikut dihitung","OK – data valid"))))))) -> OK – data valid
A18: 1. Matriks Koinsidensi (o_ck) – jumlah pasangan nilai antar-coder dalam unit yang sama
A19: c \ k | B19: Kategori | C19: 1 | D19: 2 | E19: 3 | F19: 4 | G19: 5 | H19: 6 | I19: 7 | J19: 8 | K19: 9 | L19: 10 | M19: 11 | N19: 12 | O19: 13 | P19: 14 | Q19: 15 | R19: 16 | S19: 17 | T19: 18 | U19: 19 | V19: 20 | W19: n_c
C20: =IF(Input!$H$10="","",Input!$H$10) -> K1 | D20: =IF(Input!$H$11="","",Input!$H$11) -> K2 | E20: =IF(Input!$H$12="","",Input!$H$12) -> K3 | F20: =IF(Input!$H$13="","",Input!$H$13) -> K4 | G20: =IF(Input!$H$14="","",Input!$H$14) -> K5 | H20: =IF(Input!$H$15="","",Input!$H$15) | I20: =IF(Input!$H$16="","",Input!$H$16) | J20: =IF(Input!$H$17="","",Input!$H$17) | K20: =IF(Input!$H$18="","",Input!$H$18) | L20: =IF(Input!$H$19="","",Input!$H$19) | M20: =IF(Input!$H$20="","",Input!$H$20) | N20: =IF(Input!$H$21="","",Input!$H$21) | O20: =IF(Input!$H$22="","",Input!$H$22) | P20: =IF(Input!$H$23="","",Input!$H$23) | Q20: =IF(Input!$H$24="","",Input!$H$24) | R20: =IF(Input!$H$25="","",Input!$H$25) | S20: =IF(Input!$H$26="","",Input!$H$26) | T20: =IF(Input!$H$27="","",Input!$H$27) | U20: =IF(Input!$H$28="","",Input!$H$28) | V20: =IF(Input!$H$29="","",Input!$H$29)
A21: 1 | B21: =IF(Input!$H$10="","",Input!$H$10) -> K1 | C21: =SUMPRODUCT(Hitung_Unit!$I$5:$I$104,Hitung_Unit!$I$5:$I$104-1,Hitung_Unit!$H$5:$H$104) -> 2 | D21: =SUMPRODUCT(Hitung_Unit!$I$5:$I$104,Hitung_Unit!$J$5:$J$104,Hitung_Unit!$H$5:$H$104) -> 0 | E21: =SUMPRODUCT(Hitung_Unit!$I$5:$I$104,Hitung_Unit!$K$5:$K$104,Hitung_Unit!$H$5:$H$104) -> 0 | F21: =SUMPRODUCT(Hitung_Unit!$I$5:$I$104,Hitung_Unit!$L$5:$L$104,Hitung_Unit!$H$5:$H$104) -> 0 | G21: =SUMPRODUCT(Hitung_Unit!$I$5:$I$104,Hitung_Unit!$M$5:$M$104,Hitung_Unit!$H$5:$H$104) -> 0 | H21: =SUMPRODUCT(Hitung_Unit!$I$5:$I$104,Hitung_Unit!$N$5:$N$104,Hitung_Unit!$H$5:$H$104) -> 0 | I21: =SUMPRODUCT(Hitung_Unit!$I$5:$I$104,Hitung_Unit!$O$5:$O$104,Hitung_Unit!$H$5:$H$104) -> 0 | J21: =SUMPRODUCT(Hitung_Unit!$I$5:$I$104,Hitung_Unit!$P$5:$P$104,Hitung_Unit!$H$5:$H$104) -> 0 | K21: =SUMPRODUCT(Hitung_Unit!$I$5:$I$104,Hitung_Unit!$Q$5:$Q$104,Hitung_Unit!$H$5:$H$104) -> 0 | L21: =SUMPRODUCT(Hitung_Unit!$I$5:$I$104,Hitung_Unit!$R$5:$R$104,Hitung_Unit!$H$5:$H$104) -> 0 | M21: =SUMPRODUCT(Hitung_Unit!$I$5:$I$104,Hitung_Unit!$S$5:$S$104,Hitung_Unit!$H$5:$H$104) -> 0 | N21: =SUMPRODUCT(Hitung_Unit!$I$5:$I$104,Hitung_Unit!$T$5:$T$104,Hitung_Unit!$H$5:$H$104) -> 0 | O21: =SUMPRODUCT(Hitung_Unit!$I$5:$I$104,Hitung_Unit!$U$5:$U$104,Hitung_Unit!$H$5:$H$104) -> 0 | P21: =SUMPRODUCT(Hitung_Unit!$I$5:$I$104,Hitung_Unit!$V$5:$V$104,Hitung_Unit!$H$5:$H$104) -> 0 | Q21: =SUMPRODUCT(Hitung_Unit!$I$5:$I$104,Hitung_Unit!$W$5:$W$104,Hitung_Unit!$H$5:$H$104) -> 0 | R21: =SUMPRODUCT(Hitung_Unit!$I$5:$I$104,Hitung_Unit!$X$5:$X$104,Hitung_Unit!$H$5:$H$104) -> 0 | S21: =SUMPRODUCT(Hitung_Unit!$I$5:$I$104,Hitung_Unit!$Y$5:$Y$104,Hitung_Unit!$H$5:$H$104) -> 0 | T21: =SUMPRODUCT(Hitung_Unit!$I$5:$I$104,Hitung_Unit!$Z$5:$Z$104,Hitung_Unit!$H$5:$H$104) -> 0 | U21: =SUMPRODUCT(Hitung_Unit!$I$5:$I$104,Hitung_Unit!$AA$5:$AA$104,Hitung_Unit!$H$5:$H$104) -> 0 | V21: =SUMPRODUCT(Hitung_Unit!$I$5:$I$104,Hitung_Unit!$AB$5:$AB$104,Hitung_Unit!$H$5:$H$104) -> 0 | W21: =SUM(C21:V21) -> 2
A22: 2 | B22: =IF(Input!$H$11="","",Input!$H$11) -> K2 | C22: =SUMPRODUCT(Hitung_Unit!$J$5:$J$104,Hitung_Unit!$I$5:$I$104,Hitung_Unit!$H$5:$H$104) -> 0 | D22: =SUMPRODUCT(Hitung_Unit!$J$5:$J$104,Hitung_Unit!$J$5:$J$104-1,Hitung_Unit!$H$5:$H$104) -> 4 | E22: =SUMPRODUCT(Hitung_Unit!$J$5:$J$104,Hitung_Unit!$K$5:$K$104,Hitung_Unit!$H$5:$H$104) -> 0 | F22: =SUMPRODUCT(Hitung_Unit!$J$5:$J$104,Hitung_Unit!$L$5:$L$104,Hitung_Unit!$H$5:$H$104) -> 0 | G22: =SUMPRODUCT(Hitung_Unit!$J$5:$J$104,Hitung_Unit!$M$5:$M$104,Hitung_Unit!$H$5:$H$104) -> 0 | H22: =SUMPRODUCT(Hitung_Unit!$J$5:$J$104,Hitung_Unit!$N$5:$N$104,Hitung_Unit!$H$5:$H$104) -> 0 | I22: =SUMPRODUCT(Hitung_Unit!$J$5:$J$104,Hitung_Unit!$O$5:$O$104,Hitung_Unit!$H$5:$H$104) -> 0 | J22: =SUMPRODUCT(Hitung_Unit!$J$5:$J$104,Hitung_Unit!$P$5:$P$104,Hitung_Unit!$H$5:$H$104) -> 0 | K22: =SUMPRODUCT(Hitung_Unit!$J$5:$J$104,Hitung_Unit!$Q$5:$Q$104,Hitung_Unit!$H$5:$H$104) -> 0 | L22: =SUMPRODUCT(Hitung_Unit!$J$5:$J$104,Hitung_Unit!$R$5:$R$104,Hitung_Unit!$H$5:$H$104) -> 0 | M22: =SUMPRODUCT(Hitung_Unit!$J$5:$J$104,Hitung_Unit!$S$5:$S$104,Hitung_Unit!$H$5:$H$104) -> 0 | N22: =SUMPRODUCT(Hitung_Unit!$J$5:$J$104,Hitung_Unit!$T$5:$T$104,Hitung_Unit!$H$5:$H$104) -> 0 | O22: =SUMPRODUCT(Hitung_Unit!$J$5:$J$104,Hitung_Unit!$U$5:$U$104,Hitung_Unit!$H$5:$H$104) -> 0 | P22: =SUMPRODUCT(Hitung_Unit!$J$5:$J$104,Hitung_Unit!$V$5:$V$104,Hitung_Unit!$H$5:$H$104) -> 0 | Q22: =SUMPRODUCT(Hitung_Unit!$J$5:$J$104,Hitung_Unit!$W$5:$W$104,Hitung_Unit!$H$5:$H$104) -> 0 | R22: =SUMPRODUCT(Hitung_Unit!$J$5:$J$104,Hitung_Unit!$X$5:$X$104,Hitung_Unit!$H$5:$H$104) -> 0 | S22: =SUMPRODUCT(Hitung_Unit!$J$5:$J$104,Hitung_Unit!$Y$5:$Y$104,Hitung_Unit!$H$5:$H$104) -> 0 | T22: =SUMPRODUCT(Hitung_Unit!$J$5:$J$104,Hitung_Unit!$Z$5:$Z$104,Hitung_Unit!$H$5:$H$104) -> 0 | U22: =SUMPRODUCT(Hitung_Unit!$J$5:$J$104,Hitung_Unit!$AA$5:$AA$104,Hitung_Unit!$H$5:$H$104) -> 0 | V22: =SUMPRODUCT(Hitung_Unit!$J$5:$J$104,Hitung_Unit!$AB$5:$AB$104,Hitung_Unit!$H$5:$H$104) -> 0 | W22: =SUM(C22:V22) -> 4
A23: 3 | B23: =IF(Input!$H$12="","",Input!$H$12) -> K3 | C23: =SUMPRODUCT(Hitung_Unit!$K$5:$K$104,Hitung_Unit!$I$5:$I$104,Hitung_Unit!$H$5:$H$104) -> 0 | D23: =SUMPRODUCT(Hitung_Unit!$K$5:$K$104,Hitung_Unit!$J$5:$J$104,Hitung_Unit!$H$5:$H$104) -> 0 | E23: =SUMPRODUCT(Hitung_Unit!$K$5:$K$104,Hitung_Unit!$K$5:$K$104-1,Hitung_Unit!$H$5:$H$104) -> 6 | F23: =SUMPRODUCT(Hitung_Unit!$K$5:$K$104,Hitung_Unit!$L$5:$L$104,Hitung_Unit!$H$5:$H$104) -> 0 | G23: =SUMPRODUCT(Hitung_Unit!$K$5:$K$104,Hitung_Unit!$M$5:$M$104,Hitung_Unit!$H$5:$H$104) -> 0 | H23: =SUMPRODUCT(Hitung_Unit!$K$5:$K$104,Hitung_Unit!$N$5:$N$104,Hitung_Unit!$H$5:$H$104) -> 0 | I23: =SUMPRODUCT(Hitung_Unit!$K$5:$K$104,Hitung_Unit!$O$5:$O$104,Hitung_Unit!$H$5:$H$104) -> 0 | J23: =SUMPRODUCT(Hitung_Unit!$K$5:$K$104,Hitung_Unit!$P$5:$P$104,Hitung_Unit!$H$5:$H$104) -> 0 | K23: =SUMPRODUCT(Hitung_Unit!$K$5:$K$104,Hitung_Unit!$Q$5:$Q$104,Hitung_Unit!$H$5:$H$104) -> 0 | L23: =SUMPRODUCT(Hitung_Unit!$K$5:$K$104,Hitung_Unit!$R$5:$R$104,Hitung_Unit!$H$5:$H$104) -> 0 | M23: =SUMPRODUCT(Hitung_Unit!$K$5:$K$104,Hitung_Unit!$S$5:$S$104,Hitung_Unit!$H$5:$H$104) -> 0 | N23: =SUMPRODUCT(Hitung_Unit!$K$5:$K$104,Hitung_Unit!$T$5:$T$104,Hitung_Unit!$H$5:$H$104) -> 0 | O23: =SUMPRODUCT(Hitung_Unit!$K$5:$K$104,Hitung_Unit!$U$5:$U$104,Hitung_Unit!$H$5:$H$104) -> 0 | P23: =SUMPRODUCT(Hitung_Unit!$K$5:$K$104,Hitung_Unit!$V$5:$V$104,Hitung_Unit!$H$5:$H$104) -> 0 | Q23: =SUMPRODUCT(Hitung_Unit!$K$5:$K$104,Hitung_Unit!$W$5:$W$104,Hitung_Unit!$H$5:$H$104) -> 0 | R23: =SUMPRODUCT(Hitung_Unit!$K$5:$K$104,Hitung_Unit!$X$5:$X$104,Hitung_Unit!$H$5:$H$104) -> 0 | S23: =SUMPRODUCT(Hitung_Unit!$K$5:$K$104,Hitung_Unit!$Y$5:$Y$104,Hitung_Unit!$H$5:$H$104) -> 0 | T23: =SUMPRODUCT(Hitung_Unit!$K$5:$K$104,Hitung_Unit!$Z$5:$Z$104,Hitung_Unit!$H$5:$H$104) -> 0 | U23: =SUMPRODUCT(Hitung_Unit!$K$5:$K$104,Hitung_Unit!$AA$5:$AA$104,Hitung_Unit!$H$5:$H$104) -> 0 | V23: =SUMPRODUCT(Hitung_Unit!$K$5:$K$104,Hitung_Unit!$AB$5:$AB$104,Hitung_Unit!$H$5:$H$104) -> 0 | W23: =SUM(C23:V23) -> 6
A24: 4 | B24: =IF(Input!$H$13="","",Input!$H$13) -> K4 | C24: =SUMPRODUCT(Hitung_Unit!$L$5:$L$104,Hitung_Unit!$I$5:$I$104,Hitung_Unit!$H$5:$H$104) -> 0 | D24: =SUMPRODUCT(Hitung_Unit!$L$5:$L$104,Hitung_Unit!$J$5:$J$104,Hitung_Unit!$H$5:$H$104) -> 0 | E24: =SUMPRODUCT(Hitung_Unit!$L$5:$L$104,Hitung_Unit!$K$5:$K$104,Hitung_Unit!$H$5:$H$104) -> 0 | F24: =SUMPRODUCT(Hitung_Unit!$L$5:$L$104,Hitung_Unit!$L$5:$L$104-1,Hitung_Unit!$H$5:$H$104) -> 6 | G24: =SUMPRODUCT(Hitung_Unit!$L$5:$L$104,Hitung_Unit!$M$5:$M$104,Hitung_Unit!$H$5:$H$104) -> 0 | H24: =SUMPRODUCT(Hitung_Unit!$L$5:$L$104,Hitung_Unit!$N$5:$N$104,Hitung_Unit!$H$5:$H$104) -> 0 | I24: =SUMPRODUCT(Hitung_Unit!$L$5:$L$104,Hitung_Unit!$O$5:$O$104,Hitung_Unit!$H$5:$H$104) -> 0 | J24: =SUMPRODUCT(Hitung_Unit!$L$5:$L$104,Hitung_Unit!$P$5:$P$104,Hitung_Unit!$H$5:$H$104) -> 0 | K24: =SUMPRODUCT(Hitung_Unit!$L$5:$L$104,Hitung_Unit!$Q$5:$Q$104,Hitung_Unit!$H$5:$H$104) -> 0 | L24: =SUMPRODUCT(Hitung_Unit!$L$5:$L$104,Hitung_Unit!$R$5:$R$104,Hitung_Unit!$H$5:$H$104) -> 0 | M24: =SUMPRODUCT(Hitung_Unit!$L$5:$L$104,Hitung_Unit!$S$5:$S$104,Hitung_Unit!$H$5:$H$104) -> 0 | N24: =SUMPRODUCT(Hitung_Unit!$L$5:$L$104,Hitung_Unit!$T$5:$T$104,Hitung_Unit!$H$5:$H$104) -> 0 | O24: =SUMPRODUCT(Hitung_Unit!$L$5:$L$104,Hitung_Unit!$U$5:$U$104,Hitung_Unit!$H$5:$H$104) -> 0 | P24: =SUMPRODUCT(Hitung_Unit!$L$5:$L$104,Hitung_Unit!$V$5:$V$104,Hitung_Unit!$H$5:$H$104) -> 0 | Q24: =SUMPRODUCT(Hitung_Unit!$L$5:$L$104,Hitung_Unit!$W$5:$W$104,Hitung_Unit!$H$5:$H$104) -> 0 | R24: =SUMPRODUCT(Hitung_Unit!$L$5:$L$104,Hitung_Unit!$X$5:$X$104,Hitung_Unit!$H$5:$H$104) -> 0 | S24: =SUMPRODUCT(Hitung_Unit!$L$5:$L$104,Hitung_Unit!$Y$5:$Y$104,Hitung_Unit!$H$5:$H$104) -> 0 | T24: =SUMPRODUCT(Hitung_Unit!$L$5:$L$104,Hitung_Unit!$Z$5:$Z$104,Hitung_Unit!$H$5:$H$104) -> 0 | U24: =SUMPRODUCT(Hitung_Unit!$L$5:$L$104,Hitung_Unit!$AA$5:$AA$104,Hitung_Unit!$H$5:$H$104) -> 0 | V24: =SUMPRODUCT(Hitung_Unit!$L$5:$L$104,Hitung_Unit!$AB$5:$AB$104,Hitung_Unit!$H$5:$H$104) -> 0 | W24: =SUM(C24:V24) -> 6
A25: 5 | B25: =IF(Input!$H$14="","",Input!$H$14) -> K5 | C25: =SUMPRODUCT(Hitung_Unit!$M$5:$M$104,Hitung_Unit!$I$5:$I$104,Hitung_Unit!$H$5:$H$104) -> 0 | D25: =SUMPRODUCT(Hitung_Unit!$M$5:$M$104,Hitung_Unit!$J$5:$J$104,Hitung_Unit!$H$5:$H$104) -> 0 | E25: =SUMPRODUCT(Hitung_Unit!$M$5:$M$104,Hitung_Unit!$K$5:$K$104,Hitung_Unit!$H$5:$H$104) -> 0 | F25: =SUMPRODUCT(Hitung_Unit!$M$5:$M$104,Hitung_Unit!$L$5:$L$104,Hitung_Unit!$H$5:$H$104) -> 0 | G25: =SUMPRODUCT(Hitung_Unit!$M$5:$M$104,Hitung_Unit!$M$5:$M$104-1,Hitung_Unit!$H$5:$H$104) -> 6 | H25: =SUMPRODUCT(Hitung_Unit!$M$5:$M$104,Hitung_Unit!$N$5:$N$104,Hitung_Unit!$H$5:$H$104) -> 0 | I25: =SUMPRODUCT(Hitung_Unit!$M$5:$M$104,Hitung_Unit!$O$5:$O$104,Hitung_Unit!$H$5:$H$104) -> 0 | J25: =SUMPRODUCT(Hitung_Unit!$M$5:$M$104,Hitung_Unit!$P$5:$P$104,Hitung_Unit!$H$5:$H$104) -> 0 | K25: =SUMPRODUCT(Hitung_Unit!$M$5:$M$104,Hitung_Unit!$Q$5:$Q$104,Hitung_Unit!$H$5:$H$104) -> 0 | L25: =SUMPRODUCT(Hitung_Unit!$M$5:$M$104,Hitung_Unit!$R$5:$R$104,Hitung_Unit!$H$5:$H$104) -> 0 | M25: =SUMPRODUCT(Hitung_Unit!$M$5:$M$104,Hitung_Unit!$S$5:$S$104,Hitung_Unit!$H$5:$H$104) -> 0 | N25: =SUMPRODUCT(Hitung_Unit!$M$5:$M$104,Hitung_Unit!$T$5:$T$104,Hitung_Unit!$H$5:$H$104) -> 0 | O25: =SUMPRODUCT(Hitung_Unit!$M$5:$M$104,Hitung_Unit!$U$5:$U$104,Hitung_Unit!$H$5:$H$104) -> 0 | P25: =SUMPRODUCT(Hitung_Unit!$M$5:$M$104,Hitung_Unit!$V$5:$V$104,Hitung_Unit!$H$5:$H$104) -> 0 | Q25: =SUMPRODUCT(Hitung_Unit!$M$5:$M$104,Hitung_Unit!$W$5:$W$104,Hitung_Unit!$H$5:$H$104) -> 0 | R25: =SUMPRODUCT(Hitung_Unit!$M$5:$M$104,Hitung_Unit!$X$5:$X$104,Hitung_Unit!$H$5:$H$104) -> 0 | S25: =SUMPRODUCT(Hitung_Unit!$M$5:$M$104,Hitung_Unit!$Y$5:$Y$104,Hitung_Unit!$H$5:$H$104) -> 0 | T25: =SUMPRODUCT(Hitung_Unit!$M$5:$M$104,Hitung_Unit!$Z$5:$Z$104,Hitung_Unit!$H$5:$H$104) -> 0 | U25: =SUMPRODUCT(Hitung_Unit!$M$5:$M$104,Hitung_Unit!$AA$5:$AA$104,Hitung_Unit!$H$5:$H$104) -> 0 | V25: =SUMPRODUCT(Hitung_Unit!$M$5:$M$104,Hitung_Unit!$AB$5:$AB$104,Hitung_Unit!$H$5:$H$104) -> 0 | W25: =SUM(C25:V25) -> 6
A26: 6 | B26: =IF(Input!$H$15="","",Input!$H$15) | C26: =SUMPRODUCT(Hitung_Unit!$N$5:$N$104,Hitung_Unit!$I$5:$I$104,Hitung_Unit!$H$5:$H$104) -> 0 | D26: =SUMPRODUCT(Hitung_Unit!$N$5:$N$104,Hitung_Unit!$J$5:$J$104,Hitung_Unit!$H$5:$H$104) -> 0 | E26: =SUMPRODUCT(Hitung_Unit!$N$5:$N$104,Hitung_Unit!$K$5:$K$104,Hitung_Unit!$H$5:$H$104) -> 0 | F26: =SUMPRODUCT(Hitung_Unit!$N$5:$N$104,Hitung_Unit!$L$5:$L$104,Hitung_Unit!$H$5:$H$104) -> 0 | G26: =SUMPRODUCT(Hitung_Unit!$N$5:$N$104,Hitung_Unit!$M$5:$M$104,Hitung_Unit!$H$5:$H$104) -> 0 | H26: =SUMPRODUCT(Hitung_Unit!$N$5:$N$104,Hitung_Unit!$N$5:$N$104-1,Hitung_Unit!$H$5:$H$104) -> 0 | I26: =SUMPRODUCT(Hitung_Unit!$N$5:$N$104,Hitung_Unit!$O$5:$O$104,Hitung_Unit!$H$5:$H$104) -> 0 | J26: =SUMPRODUCT(Hitung_Unit!$N$5:$N$104,Hitung_Unit!$P$5:$P$104,Hitung_Unit!$H$5:$H$104) -> 0 | K26: =SUMPRODUCT(Hitung_Unit!$N$5:$N$104,Hitung_Unit!$Q$5:$Q$104,Hitung_Unit!$H$5:$H$104) -> 0 | L26: =SUMPRODUCT(Hitung_Unit!$N$5:$N$104,Hitung_Unit!$R$5:$R$104,Hitung_Unit!$H$5:$H$104) -> 0 | M26: =SUMPRODUCT(Hitung_Unit!$N$5:$N$104,Hitung_Unit!$S$5:$S$104,Hitung_Unit!$H$5:$H$104) -> 0 | N26: =SUMPRODUCT(Hitung_Unit!$N$5:$N$104,Hitung_Unit!$T$5:$T$104,Hitung_Unit!$H$5:$H$104) -> 0 | O26: =SUMPRODUCT(Hitung_Unit!$N$5:$N$104,Hitung_Unit!$U$5:$U$104,Hitung_Unit!$H$5:$H$104) -> 0 | P26: =SUMPRODUCT(Hitung_Unit!$N$5:$N$104,Hitung_Unit!$V$5:$V$104,Hitung_Unit!$H$5:$H$104) -> 0 | Q26: =SUMPRODUCT(Hitung_Unit!$N$5:$N$104,Hitung_Unit!$W$5:$W$104,Hitung_Unit!$H$5:$H$104) -> 0 | R26: =SUMPRODUCT(Hitung_Unit!$N$5:$N$104,Hitung_Unit!$X$5:$X$104,Hitung_Unit!$H$5:$H$104) -> 0 | S26: =SUMPRODUCT(Hitung_Unit!$N$5:$N$104,Hitung_Unit!$Y$5:$Y$104,Hitung_Unit!$H$5:$H$104) -> 0 | T26: =SUMPRODUCT(Hitung_Unit!$N$5:$N$104,Hitung_Unit!$Z$5:$Z$104,Hitung_Unit!$H$5:$H$104) -> 0 | U26: =SUMPRODUCT(Hitung_Unit!$N$5:$N$104,Hitung_Unit!$AA$5:$AA$104,Hitung_Unit!$H$5:$H$104) -> 0 | V26: =SUMPRODUCT(Hitung_Unit!$N$5:$N$104,Hitung_Unit!$AB$5:$AB$104,Hitung_Unit!$H$5:$H$104) -> 0 | W26: =SUM(C26:V26) -> 0
A27: 7 | B27: =IF(Input!$H$16="","",Input!$H$16) | C27: =SUMPRODUCT(Hitung_Unit!$O$5:$O$104,Hitung_Unit!$I$5:$I$104,Hitung_Unit!$H$5:$H$104) -> 0 | D27: =SUMPRODUCT(Hitung_Unit!$O$5:$O$104,Hitung_Unit!$J$5:$J$104,Hitung_Unit!$H$5:$H$104) -> 0 | E27: =SUMPRODUCT(Hitung_Unit!$O$5:$O$104,Hitung_Unit!$K$5:$K$104,Hitung_Unit!$H$5:$H$104) -> 0 | F27: =SUMPRODUCT(Hitung_Unit!$O$5:$O$104,Hitung_Unit!$L$5:$L$104,Hitung_Unit!$H$5:$H$104) -> 0 | G27: =SUMPRODUCT(Hitung_Unit!$O$5:$O$104,Hitung_Unit!$M$5:$M$104,Hitung_Unit!$H$5:$H$104) -> 0 | H27: =SUMPRODUCT(Hitung_Unit!$O$5:$O$104,Hitung_Unit!$N$5:$N$104,Hitung_Unit!$H$5:$H$104) -> 0 | I27: =SUMPRODUCT(Hitung_Unit!$O$5:$O$104,Hitung_Unit!$O$5:$O$104-1,Hitung_Unit!$H$5:$H$104) -> 0 | J27: =SUMPRODUCT(Hitung_Unit!$O$5:$O$104,Hitung_Unit!$P$5:$P$104,Hitung_Unit!$H$5:$H$104) -> 0 | K27: =SUMPRODUCT(Hitung_Unit!$O$5:$O$104,Hitung_Unit!$Q$5:$Q$104,Hitung_Unit!$H$5:$H$104) -> 0 | L27: =SUMPRODUCT(Hitung_Unit!$O$5:$O$104,Hitung_Unit!$R$5:$R$104,Hitung_Unit!$H$5:$H$104) -> 0 | M27: =SUMPRODUCT(Hitung_Unit!$O$5:$O$104,Hitung_Unit!$S$5:$S$104,Hitung_Unit!$H$5:$H$104) -> 0 | N27: =SUMPRODUCT(Hitung_Unit!$O$5:$O$104,Hitung_Unit!$T$5:$T$104,Hitung_Unit!$H$5:$H$104) -> 0 | O27: =SUMPRODUCT(Hitung_Unit!$O$5:$O$104,Hitung_Unit!$U$5:$U$104,Hitung_Unit!$H$5:$H$104) -> 0 | P27: =SUMPRODUCT(Hitung_Unit!$O$5:$O$104,Hitung_Unit!$V$5:$V$104,Hitung_Unit!$H$5:$H$104) -> 0 | Q27: =SUMPRODUCT(Hitung_Unit!$O$5:$O$104,Hitung_Unit!$W$5:$W$104,Hitung_Unit!$H$5:$H$104) -> 0 | R27: =SUMPRODUCT(Hitung_Unit!$O$5:$O$104,Hitung_Unit!$X$5:$X$104,Hitung_Unit!$H$5:$H$104) -> 0 | S27: =SUMPRODUCT(Hitung_Unit!$O$5:$O$104,Hitung_Unit!$Y$5:$Y$104,Hitung_Unit!$H$5:$H$104) -> 0 | T27: =SUMPRODUCT(Hitung_Unit!$O$5:$O$104,Hitung_Unit!$Z$5:$Z$104,Hitung_Unit!$H$5:$H$104) -> 0 | U27: =SUMPRODUCT(Hitung_Unit!$O$5:$O$104,Hitung_Unit!$AA$5:$AA$104,Hitung_Unit!$H$5:$H$104) -> 0 | V27: =SUMPRODUCT(Hitung_Unit!$O$5:$O$104,Hitung_Unit!$AB$5:$AB$104,Hitung_Unit!$H$5:$H$104) -> 0 | W27: =SUM(C27:V27) -> 0
A28: 8 | B28: =IF(Input!$H$17="","",Input!$H$17) | C28: =SUMPRODUCT(Hitung_Unit!$P$5:$P$104,Hitung_Unit!$I$5:$I$104,Hitung_Unit!$H$5:$H$104) -> 0 | D28: =SUMPRODUCT(Hitung_Unit!$P$5:$P$104,Hitung_Unit!$J$5:$J$104,Hitung_Unit!$H$5:$H$104) -> 0 | E28: =SUMPRODUCT(Hitung_Unit!$P$5:$P$104,Hitung_Unit!$K$5:$K$104,Hitung_Unit!$H$5:$H$104) -> 0 | F28: =SUMPRODUCT(Hitung_Unit!$P$5:$P$104,Hitung_Unit!$L$5:$L$104,Hitung_Unit!$H$5:$H$104) -> 0 | G28: =SUMPRODUCT(Hitung_Unit!$P$5:$P$104,Hitung_Unit!$M$5:$M$104,Hitung_Unit!$H$5:$H$104) -> 0 | H28: =SUMPRODUCT(Hitung_Unit!$P$5:$P$104,Hitung_Unit!$N$5:$N$104,Hitung_Unit!$H$5:$H$104) -> 0 | I28: =SUMPRODUCT(Hitung_Unit!$P$5:$P$104,Hitung_Unit!$O$5:$O$104,Hitung_Unit!$H$5:$H$104) -> 0 | J28: =SUMPRODUCT(Hitung_Unit!$P$5:$P$104,Hitung_Unit!$P$5:$P$104-1,Hitung_Unit!$H$5:$H$104) -> 0 | K28: =SUMPRODUCT(Hitung_Unit!$P$5:$P$104,Hitung_Unit!$Q$5:$Q$104,Hitung_Unit!$H$5:$H$104) -> 0 | L28: =SUMPRODUCT(Hitung_Unit!$P$5:$P$104,Hitung_Unit!$R$5:$R$104,Hitung_Unit!$H$5:$H$104) -> 0 | M28: =SUMPRODUCT(Hitung_Unit!$P$5:$P$104,Hitung_Unit!$S$5:$S$104,Hitung_Unit!$H$5:$H$104) -> 0 | N28: =SUMPRODUCT(Hitung_Unit!$P$5:$P$104,Hitung_Unit!$T$5:$T$104,Hitung_Unit!$H$5:$H$104) -> 0 | O28: =SUMPRODUCT(Hitung_Unit!$P$5:$P$104,Hitung_Unit!$U$5:$U$104,Hitung_Unit!$H$5:$H$104) -> 0 | P28: =SUMPRODUCT(Hitung_Unit!$P$5:$P$104,Hitung_Unit!$V$5:$V$104,Hitung_Unit!$H$5:$H$104) -> 0 | Q28: =SUMPRODUCT(Hitung_Unit!$P$5:$P$104,Hitung_Unit!$W$5:$W$104,Hitung_Unit!$H$5:$H$104) -> 0 | R28: =SUMPRODUCT(Hitung_Unit!$P$5:$P$104,Hitung_Unit!$X$5:$X$104,Hitung_Unit!$H$5:$H$104) -> 0 | S28: =SUMPRODUCT(Hitung_Unit!$P$5:$P$104,Hitung_Unit!$Y$5:$Y$104,Hitung_Unit!$H$5:$H$104) -> 0 | T28: =SUMPRODUCT(Hitung_Unit!$P$5:$P$104,Hitung_Unit!$Z$5:$Z$104,Hitung_Unit!$H$5:$H$104) -> 0 | U28: =SUMPRODUCT(Hitung_Unit!$P$5:$P$104,Hitung_Unit!$AA$5:$AA$104,Hitung_Unit!$H$5:$H$104) -> 0 | V28: =SUMPRODUCT(Hitung_Unit!$P$5:$P$104,Hitung_Unit!$AB$5:$AB$104,Hitung_Unit!$H$5:$H$104) -> 0 | W28: =SUM(C28:V28) -> 0
A29: 9 | B29: =IF(Input!$H$18="","",Input!$H$18) | C29: =SUMPRODUCT(Hitung_Unit!$Q$5:$Q$104,Hitung_Unit!$I$5:$I$104,Hitung_Unit!$H$5:$H$104) -> 0 | D29: =SUMPRODUCT(Hitung_Unit!$Q$5:$Q$104,Hitung_Unit!$J$5:$J$104,Hitung_Unit!$H$5:$H$104) -> 0 | E29: =SUMPRODUCT(Hitung_Unit!$Q$5:$Q$104,Hitung_Unit!$K$5:$K$104,Hitung_Unit!$H$5:$H$104) -> 0 | F29: =SUMPRODUCT(Hitung_Unit!$Q$5:$Q$104,Hitung_Unit!$L$5:$L$104,Hitung_Unit!$H$5:$H$104) -> 0 | G29: =SUMPRODUCT(Hitung_Unit!$Q$5:$Q$104,Hitung_Unit!$M$5:$M$104,Hitung_Unit!$H$5:$H$104) -> 0 | H29: =SUMPRODUCT(Hitung_Unit!$Q$5:$Q$104,Hitung_Unit!$N$5:$N$104,Hitung_Unit!$H$5:$H$104) -> 0 | I29: =SUMPRODUCT(Hitung_Unit!$Q$5:$Q$104,Hitung_Unit!$O$5:$O$104,Hitung_Unit!$H$5:$H$104) -> 0 | J29: =SUMPRODUCT(Hitung_Unit!$Q$5:$Q$104,Hitung_Unit!$P$5:$P$104,Hitung_Unit!$H$5:$H$104) -> 0 | K29: =SUMPRODUCT(Hitung_Unit!$Q$5:$Q$104,Hitung_Unit!$Q$5:$Q$104-1,Hitung_Unit!$H$5:$H$104) -> 0 | L29: =SUMPRODUCT(Hitung_Unit!$Q$5:$Q$104,Hitung_Unit!$R$5:$R$104,Hitung_Unit!$H$5:$H$104) -> 0 | M29: =SUMPRODUCT(Hitung_Unit!$Q$5:$Q$104,Hitung_Unit!$S$5:$S$104,Hitung_Unit!$H$5:$H$104) -> 0 | N29: =SUMPRODUCT(Hitung_Unit!$Q$5:$Q$104,Hitung_Unit!$T$5:$T$104,Hitung_Unit!$H$5:$H$104) -> 0 | O29: =SUMPRODUCT(Hitung_Unit!$Q$5:$Q$104,Hitung_Unit!$U$5:$U$104,Hitung_Unit!$H$5:$H$104) -> 0 | P29: =SUMPRODUCT(Hitung_Unit!$Q$5:$Q$104,Hitung_Unit!$V$5:$V$104,Hitung_Unit!$H$5:$H$104) -> 0 | Q29: =SUMPRODUCT(Hitung_Unit!$Q$5:$Q$104,Hitung_Unit!$W$5:$W$104,Hitung_Unit!$H$5:$H$104) -> 0 | R29: =SUMPRODUCT(Hitung_Unit!$Q$5:$Q$104,Hitung_Unit!$X$5:$X$104,Hitung_Unit!$H$5:$H$104) -> 0 | S29: =SUMPRODUCT(Hitung_Unit!$Q$5:$Q$104,Hitung_Unit!$Y$5:$Y$104,Hitung_Unit!$H$5:$H$104) -> 0 | T29: =SUMPRODUCT(Hitung_Unit!$Q$5:$Q$104,Hitung_Unit!$Z$5:$Z$104,Hitung_Unit!$H$5:$H$104) -> 0 | U29: =SUMPRODUCT(Hitung_Unit!$Q$5:$Q$104,Hitung_Unit!$AA$5:$AA$104,Hitung_Unit!$H$5:$H$104) -> 0 | V29: =SUMPRODUCT(Hitung_Unit!$Q$5:$Q$104,Hitung_Unit!$AB$5:$AB$104,Hitung_Unit!$H$5:$H$104) -> 0 | W29: =SUM(C29:V29) -> 0
A30: 10 | B30: =IF(Input!$H$19="","",Input!$H$19) | C30: =SUMPRODUCT(Hitung_Unit!$R$5:$R$104,Hitung_Unit!$I$5:$I$104,Hitung_Unit!$H$5:$H$104) -> 0 | D30: =SUMPRODUCT(Hitung_Unit!$R$5:$R$104,Hitung_Unit!$J$5:$J$104,Hitung_Unit!$H$5:$H$104) -> 0 | E30: =SUMPRODUCT(Hitung_Unit!$R$5:$R$104,Hitung_Unit!$K$5:$K$104,Hitung_Unit!$H$5:$H$104) -> 0 | F30: =SUMPRODUCT(Hitung_Unit!$R$5:$R$104,Hitung_Unit!$L$5:$L$104,Hitung_Unit!$H$5:$H$104) -> 0 | G30: =SUMPRODUCT(Hitung_Unit!$R$5:$R$104,Hitung_Unit!$M$5:$M$104,Hitung_Unit!$H$5:$H$104) -> 0 | H30: =SUMPRODUCT(Hitung_Unit!$R$5:$R$104,Hitung_Unit!$N$5:$N$104,Hitung_Unit!$H$5:$H$104) -> 0 | I30: =SUMPRODUCT(Hitung_Unit!$R$5:$R$104,Hitung_Unit!$O$5:$O$104,Hitung_Unit!$H$5:$H$104) -> 0 | J30: =SUMPRODUCT(Hitung_Unit!$R$5:$R$104,Hitung_Unit!$P$5:$P$104,Hitung_Unit!$H$5:$H$104) -> 0 | K30: =SUMPRODUCT(Hitung_Unit!$R$5:$R$104,Hitung_Unit!$Q$5:$Q$104,Hitung_Unit!$H$5:$H$104) -> 0 | L30: =SUMPRODUCT(Hitung_Unit!$R$5:$R$104,Hitung_Unit!$R$5:$R$104-1,Hitung_Unit!$H$5:$H$104) -> 0 | M30: =SUMPRODUCT(Hitung_Unit!$R$5:$R$104,Hitung_Unit!$S$5:$S$104,Hitung_Unit!$H$5:$H$104) -> 0 | N30: =SUMPRODUCT(Hitung_Unit!$R$5:$R$104,Hitung_Unit!$T$5:$T$104,Hitung_Unit!$H$5:$H$104) -> 0 | O30: =SUMPRODUCT(Hitung_Unit!$R$5:$R$104,Hitung_Unit!$U$5:$U$104,Hitung_Unit!$H$5:$H$104) -> 0 | P30: =SUMPRODUCT(Hitung_Unit!$R$5:$R$104,Hitung_Unit!$V$5:$V$104,Hitung_Unit!$H$5:$H$104) -> 0 | Q30: =SUMPRODUCT(Hitung_Unit!$R$5:$R$104,Hitung_Unit!$W$5:$W$104,Hitung_Unit!$H$5:$H$104) -> 0 | R30: =SUMPRODUCT(Hitung_Unit!$R$5:$R$104,Hitung_Unit!$X$5:$X$104,Hitung_Unit!$H$5:$H$104) -> 0 | S30: =SUMPRODUCT(Hitung_Unit!$R$5:$R$104,Hitung_Unit!$Y$5:$Y$104,Hitung_Unit!$H$5:$H$104) -> 0 | T30: =SUMPRODUCT(Hitung_Unit!$R$5:$R$104,Hitung_Unit!$Z$5:$Z$104,Hitung_Unit!$H$5:$H$104) -> 0 | U30: =SUMPRODUCT(Hitung_Unit!$R$5:$R$104,Hitung_Unit!$AA$5:$AA$104,Hitung_Unit!$H$5:$H$104) -> 0 | V30: =SUMPRODUCT(Hitung_Unit!$R$5:$R$104,Hitung_Unit!$AB$5:$AB$104,Hitung_Unit!$H$5:$H$104) -> 0 | W30: =SUM(C30:V30) -> 0
A31: 11 | B31: =IF(Input!$H$20="","",Input!$H$20) | C31: =SUMPRODUCT(Hitung_Unit!$S$5:$S$104,Hitung_Unit!$I$5:$I$104,Hitung_Unit!$H$5:$H$104) -> 0 | D31: =SUMPRODUCT(Hitung_Unit!$S$5:$S$104,Hitung_Unit!$J$5:$J$104,Hitung_Unit!$H$5:$H$104) -> 0 | E31: =SUMPRODUCT(Hitung_Unit!$S$5:$S$104,Hitung_Unit!$K$5:$K$104,Hitung_Unit!$H$5:$H$104) -> 0 | F31: =SUMPRODUCT(Hitung_Unit!$S$5:$S$104,Hitung_Unit!$L$5:$L$104,Hitung_Unit!$H$5:$H$104) -> 0 | G31: =SUMPRODUCT(Hitung_Unit!$S$5:$S$104,Hitung_Unit!$M$5:$M$104,Hitung_Unit!$H$5:$H$104) -> 0 | H31: =SUMPRODUCT(Hitung_Unit!$S$5:$S$104,Hitung_Unit!$N$5:$N$104,Hitung_Unit!$H$5:$H$104) -> 0 | I31: =SUMPRODUCT(Hitung_Unit!$S$5:$S$104,Hitung_Unit!$O$5:$O$104,Hitung_Unit!$H$5:$H$104) -> 0 | J31: =SUMPRODUCT(Hitung_Unit!$S$5:$S$104,Hitung_Unit!$P$5:$P$104,Hitung_Unit!$H$5:$H$104) -> 0 | K31: =SUMPRODUCT(Hitung_Unit!$S$5:$S$104,Hitung_Unit!$Q$5:$Q$104,Hitung_Unit!$H$5:$H$104) -> 0 | L31: =SUMPRODUCT(Hitung_Unit!$S$5:$S$104,Hitung_Unit!$R$5:$R$104,Hitung_Unit!$H$5:$H$104) -> 0 | M31: =SUMPRODUCT(Hitung_Unit!$S$5:$S$104,Hitung_Unit!$S$5:$S$104-1,Hitung_Unit!$H$5:$H$104) -> 0 | N31: =SUMPRODUCT(Hitung_Unit!$S$5:$S$104,Hitung_Unit!$T$5:$T$104,Hitung_Unit!$H$5:$H$104) -> 0 | O31: =SUMPRODUCT(Hitung_Unit!$S$5:$S$104,Hitung_Unit!$U$5:$U$104,Hitung_Unit!$H$5:$H$104) -> 0 | P31: =SUMPRODUCT(Hitung_Unit!$S$5:$S$104,Hitung_Unit!$V$5:$V$104,Hitung_Unit!$H$5:$H$104) -> 0 | Q31: =SUMPRODUCT(Hitung_Unit!$S$5:$S$104,Hitung_Unit!$W$5:$W$104,Hitung_Unit!$H$5:$H$104) -> 0 | R31: =SUMPRODUCT(Hitung_Unit!$S$5:$S$104,Hitung_Unit!$X$5:$X$104,Hitung_Unit!$H$5:$H$104) -> 0 | S31: =SUMPRODUCT(Hitung_Unit!$S$5:$S$104,Hitung_Unit!$Y$5:$Y$104,Hitung_Unit!$H$5:$H$104) -> 0 | T31: =SUMPRODUCT(Hitung_Unit!$S$5:$S$104,Hitung_Unit!$Z$5:$Z$104,Hitung_Unit!$H$5:$H$104) -> 0 | U31: =SUMPRODUCT(Hitung_Unit!$S$5:$S$104,Hitung_Unit!$AA$5:$AA$104,Hitung_Unit!$H$5:$H$104) -> 0 | V31: =SUMPRODUCT(Hitung_Unit!$S$5:$S$104,Hitung_Unit!$AB$5:$AB$104,Hitung_Unit!$H$5:$H$104) -> 0 | W31: =SUM(C31:V31) -> 0
A32: 12 | B32: =IF(Input!$H$21="","",Input!$H$21) | C32: =SUMPRODUCT(Hitung_Unit!$T$5:$T$104,Hitung_Unit!$I$5:$I$104,Hitung_Unit!$H$5:$H$104) -> 0 | D32: =SUMPRODUCT(Hitung_Unit!$T$5:$T$104,Hitung_Unit!$J$5:$J$104,Hitung_Unit!$H$5:$H$104) -> 0 | E32: =SUMPRODUCT(Hitung_Unit!$T$5:$T$104,Hitung_Unit!$K$5:$K$104,Hitung_Unit!$H$5:$H$104) -> 0 | F32: =SUMPRODUCT(Hitung_Unit!$T$5:$T$104,Hitung_Unit!$L$5:$L$104,Hitung_Unit!$H$5:$H$104) -> 0 | G32: =SUMPRODUCT(Hitung_Unit!$T$5:$T$104,Hitung_Unit!$M$5:$M$104,Hitung_Unit!$H$5:$H$104) -> 0 | H32: =SUMPRODUCT(Hitung_Unit!$T$5:$T$104,Hitung_Unit!$N$5:$N$104,Hitung_Unit!$H$5:$H$104) -> 0 | I32: =SUMPRODUCT(Hitung_Unit!$T$5:$T$104,Hitung_Unit!$O$5:$O$104,Hitung_Unit!$H$5:$H$104) -> 0 | J32: =SUMPRODUCT(Hitung_Unit!$T$5:$T$104,Hitung_Unit!$P$5:$P$104,Hitung_Unit!$H$5:$H$104) -> 0 | K32: =SUMPRODUCT(Hitung_Unit!$T$5:$T$104,Hitung_Unit!$Q$5:$Q$104,Hitung_Unit!$H$5:$H$104) -> 0 | L32: =SUMPRODUCT(Hitung_Unit!$T$5:$T$104,Hitung_Unit!$R$5:$R$104,Hitung_Unit!$H$5:$H$104) -> 0 | M32: =SUMPRODUCT(Hitung_Unit!$T$5:$T$104,Hitung_Unit!$S$5:$S$104,Hitung_Unit!$H$5:$H$104) -> 0 | N32: =SUMPRODUCT(Hitung_Unit!$T$5:$T$104,Hitung_Unit!$T$5:$T$104-1,Hitung_Unit!$H$5:$H$104) -> 0 | O32: =SUMPRODUCT(Hitung_Unit!$T$5:$T$104,Hitung_Unit!$U$5:$U$104,Hitung_Unit!$H$5:$H$104) -> 0 | P32: =SUMPRODUCT(Hitung_Unit!$T$5:$T$104,Hitung_Unit!$V$5:$V$104,Hitung_Unit!$H$5:$H$104) -> 0 | Q32: =SUMPRODUCT(Hitung_Unit!$T$5:$T$104,Hitung_Unit!$W$5:$W$104,Hitung_Unit!$H$5:$H$104) -> 0 | R32: =SUMPRODUCT(Hitung_Unit!$T$5:$T$104,Hitung_Unit!$X$5:$X$104,Hitung_Unit!$H$5:$H$104) -> 0 | S32: =SUMPRODUCT(Hitung_Unit!$T$5:$T$104,Hitung_Unit!$Y$5:$Y$104,Hitung_Unit!$H$5:$H$104) -> 0 | T32: =SUMPRODUCT(Hitung_Unit!$T$5:$T$104,Hitung_Unit!$Z$5:$Z$104,Hitung_Unit!$H$5:$H$104) -> 0 | U32: =SUMPRODUCT(Hitung_Unit!$T$5:$T$104,Hitung_Unit!$AA$5:$AA$104,Hitung_Unit!$H$5:$H$104) -> 0 | V32: =SUMPRODUCT(Hitung_Unit!$T$5:$T$104,Hitung_Unit!$AB$5:$AB$104,Hitung_Unit!$H$5:$H$104) -> 0 | W32: =SUM(C32:V32) -> 0
A33: 13 | B33: =IF(Input!$H$22="","",Input!$H$22) | C33: =SUMPRODUCT(Hitung_Unit!$U$5:$U$104,Hitung_Unit!$I$5:$I$104,Hitung_Unit!$H$5:$H$104) -> 0 | D33: =SUMPRODUCT(Hitung_Unit!$U$5:$U$104,Hitung_Unit!$J$5:$J$104,Hitung_Unit!$H$5:$H$104) -> 0 | E33: =SUMPRODUCT(Hitung_Unit!$U$5:$U$104,Hitung_Unit!$K$5:$K$104,Hitung_Unit!$H$5:$H$104) -> 0 | F33: =SUMPRODUCT(Hitung_Unit!$U$5:$U$104,Hitung_Unit!$L$5:$L$104,Hitung_Unit!$H$5:$H$104) -> 0 | G33: =SUMPRODUCT(Hitung_Unit!$U$5:$U$104,Hitung_Unit!$M$5:$M$104,Hitung_Unit!$H$5:$H$104) -> 0 | H33: =SUMPRODUCT(Hitung_Unit!$U$5:$U$104,Hitung_Unit!$N$5:$N$104,Hitung_Unit!$H$5:$H$104) -> 0 | I33: =SUMPRODUCT(Hitung_Unit!$U$5:$U$104,Hitung_Unit!$O$5:$O$104,Hitung_Unit!$H$5:$H$104) -> 0 | J33: =SUMPRODUCT(Hitung_Unit!$U$5:$U$104,Hitung_Unit!$P$5:$P$104,Hitung_Unit!$H$5:$H$104) -> 0 | K33: =SUMPRODUCT(Hitung_Unit!$U$5:$U$104,Hitung_Unit!$Q$5:$Q$104,Hitung_Unit!$H$5:$H$104) -> 0 | L33: =SUMPRODUCT(Hitung_Unit!$U$5:$U$104,Hitung_Unit!$R$5:$R$104,Hitung_Unit!$H$5:$H$104) -> 0 | M33: =SUMPRODUCT(Hitung_Unit!$U$5:$U$104,Hitung_Unit!$S$5:$S$104,Hitung_Unit!$H$5:$H$104) -> 0 | N33: =SUMPRODUCT(Hitung_Unit!$U$5:$U$104,Hitung_Unit!$T$5:$T$104,Hitung_Unit!$H$5:$H$104) -> 0 | O33: =SUMPRODUCT(Hitung_Unit!$U$5:$U$104,Hitung_Unit!$U$5:$U$104-1,Hitung_Unit!$H$5:$H$104) -> 0 | P33: =SUMPRODUCT(Hitung_Unit!$U$5:$U$104,Hitung_Unit!$V$5:$V$104,Hitung_Unit!$H$5:$H$104) -> 0 | Q33: =SUMPRODUCT(Hitung_Unit!$U$5:$U$104,Hitung_Unit!$W$5:$W$104,Hitung_Unit!$H$5:$H$104) -> 0 | R33: =SUMPRODUCT(Hitung_Unit!$U$5:$U$104,Hitung_Unit!$X$5:$X$104,Hitung_Unit!$H$5:$H$104) -> 0 | S33: =SUMPRODUCT(Hitung_Unit!$U$5:$U$104,Hitung_Unit!$Y$5:$Y$104,Hitung_Unit!$H$5:$H$104) -> 0 | T33: =SUMPRODUCT(Hitung_Unit!$U$5:$U$104,Hitung_Unit!$Z$5:$Z$104,Hitung_Unit!$H$5:$H$104) -> 0 | U33: =SUMPRODUCT(Hitung_Unit!$U$5:$U$104,Hitung_Unit!$AA$5:$AA$104,Hitung_Unit!$H$5:$H$104) -> 0 | V33: =SUMPRODUCT(Hitung_Unit!$U$5:$U$104,Hitung_Unit!$AB$5:$AB$104,Hitung_Unit!$H$5:$H$104) -> 0 | W33: =SUM(C33:V33) -> 0
A34: 14 | B34: =IF(Input!$H$23="","",Input!$H$23) | C34: =SUMPRODUCT(Hitung_Unit!$V$5:$V$104,Hitung_Unit!$I$5:$I$104,Hitung_Unit!$H$5:$H$104) -> 0 | D34: =SUMPRODUCT(Hitung_Unit!$V$5:$V$104,Hitung_Unit!$J$5:$J$104,Hitung_Unit!$H$5:$H$104) -> 0 | E34: =SUMPRODUCT(Hitung_Unit!$V$5:$V$104,Hitung_Unit!$K$5:$K$104,Hitung_Unit!$H$5:$H$104) -> 0 | F34: =SUMPRODUCT(Hitung_Unit!$V$5:$V$104,Hitung_Unit!$L$5:$L$104,Hitung_Unit!$H$5:$H$104) -> 0 | G34: =SUMPRODUCT(Hitung_Unit!$V$5:$V$104,Hitung_Unit!$M$5:$M$104,Hitung_Unit!$H$5:$H$104) -> 0 | H34: =SUMPRODUCT(Hitung_Unit!$V$5:$V$104,Hitung_Unit!$N$5:$N$104,Hitung_Unit!$H$5:$H$104) -> 0 | I34: =SUMPRODUCT(Hitung_Unit!$V$5:$V$104,Hitung_Unit!$O$5:$O$104,Hitung_Unit!$H$5:$H$104) -> 0 | J34: =SUMPRODUCT(Hitung_Unit!$V$5:$V$104,Hitung_Unit!$P$5:$P$104,Hitung_Unit!$H$5:$H$104) -> 0 | K34: =SUMPRODUCT(Hitung_Unit!$V$5:$V$104,Hitung_Unit!$Q$5:$Q$104,Hitung_Unit!$H$5:$H$104) -> 0 | L34: =SUMPRODUCT(Hitung_Unit!$V$5:$V$104,Hitung_Unit!$R$5:$R$104,Hitung_Unit!$H$5:$H$104) -> 0 | M34: =SUMPRODUCT(Hitung_Unit!$V$5:$V$104,Hitung_Unit!$S$5:$S$104,Hitung_Unit!$H$5:$H$104) -> 0 | N34: =SUMPRODUCT(Hitung_Unit!$V$5:$V$104,Hitung_Unit!$T$5:$T$104,Hitung_Unit!$H$5:$H$104) -> 0 | O34: =SUMPRODUCT(Hitung_Unit!$V$5:$V$104,Hitung_Unit!$U$5:$U$104,Hitung_Unit!$H$5:$H$104) -> 0 | P34: =SUMPRODUCT(Hitung_Unit!$V$5:$V$104,Hitung_Unit!$V$5:$V$104-1,Hitung_Unit!$H$5:$H$104) -> 0 | Q34: =SUMPRODUCT(Hitung_Unit!$V$5:$V$104,Hitung_Unit!$W$5:$W$104,Hitung_Unit!$H$5:$H$104) -> 0 | R34: =SUMPRODUCT(Hitung_Unit!$V$5:$V$104,Hitung_Unit!$X$5:$X$104,Hitung_Unit!$H$5:$H$104) -> 0 | S34: =SUMPRODUCT(Hitung_Unit!$V$5:$V$104,Hitung_Unit!$Y$5:$Y$104,Hitung_Unit!$H$5:$H$104) -> 0 | T34: =SUMPRODUCT(Hitung_Unit!$V$5:$V$104,Hitung_Unit!$Z$5:$Z$104,Hitung_Unit!$H$5:$H$104) -> 0 | U34: =SUMPRODUCT(Hitung_Unit!$V$5:$V$104,Hitung_Unit!$AA$5:$AA$104,Hitung_Unit!$H$5:$H$104) -> 0 | V34: =SUMPRODUCT(Hitung_Unit!$V$5:$V$104,Hitung_Unit!$AB$5:$AB$104,Hitung_Unit!$H$5:$H$104) -> 0 | W34: =SUM(C34:V34) -> 0
A35: 15 | B35: =IF(Input!$H$24="","",Input!$H$24) | C35: =SUMPRODUCT(Hitung_Unit!$W$5:$W$104,Hitung_Unit!$I$5:$I$104,Hitung_Unit!$H$5:$H$104) -> 0 | D35: =SUMPRODUCT(Hitung_Unit!$W$5:$W$104,Hitung_Unit!$J$5:$J$104,Hitung_Unit!$H$5:$H$104) -> 0 | E35: =SUMPRODUCT(Hitung_Unit!$W$5:$W$104,Hitung_Unit!$K$5:$K$104,Hitung_Unit!$H$5:$H$104) -> 0 | F35: =SUMPRODUCT(Hitung_Unit!$W$5:$W$104,Hitung_Unit!$L$5:$L$104,Hitung_Unit!$H$5:$H$104) -> 0 | G35: =SUMPRODUCT(Hitung_Unit!$W$5:$W$104,Hitung_Unit!$M$5:$M$104,Hitung_Unit!$H$5:$H$104) -> 0 | H35: =SUMPRODUCT(Hitung_Unit!$W$5:$W$104,Hitung_Unit!$N$5:$N$104,Hitung_Unit!$H$5:$H$104) -> 0 | I35: =SUMPRODUCT(Hitung_Unit!$W$5:$W$104,Hitung_Unit!$O$5:$O$104,Hitung_Unit!$H$5:$H$104) -> 0 | J35: =SUMPRODUCT(Hitung_Unit!$W$5:$W$104,Hitung_Unit!$P$5:$P$104,Hitung_Unit!$H$5:$H$104) -> 0 | K35: =SUMPRODUCT(Hitung_Unit!$W$5:$W$104,Hitung_Unit!$Q$5:$Q$104,Hitung_Unit!$H$5:$H$104) -> 0 | L35: =SUMPRODUCT(Hitung_Unit!$W$5:$W$104,Hitung_Unit!$R$5:$R$104,Hitung_Unit!$H$5:$H$104) -> 0 | M35: =SUMPRODUCT(Hitung_Unit!$W$5:$W$104,Hitung_Unit!$S$5:$S$104,Hitung_Unit!$H$5:$H$104) -> 0 | N35: =SUMPRODUCT(Hitung_Unit!$W$5:$W$104,Hitung_Unit!$T$5:$T$104,Hitung_Unit!$H$5:$H$104) -> 0 | O35: =SUMPRODUCT(Hitung_Unit!$W$5:$W$104,Hitung_Unit!$U$5:$U$104,Hitung_Unit!$H$5:$H$104) -> 0 | P35: =SUMPRODUCT(Hitung_Unit!$W$5:$W$104,Hitung_Unit!$V$5:$V$104,Hitung_Unit!$H$5:$H$104) -> 0 | Q35: =SUMPRODUCT(Hitung_Unit!$W$5:$W$104,Hitung_Unit!$W$5:$W$104-1,Hitung_Unit!$H$5:$H$104) -> 0 | R35: =SUMPRODUCT(Hitung_Unit!$W$5:$W$104,Hitung_Unit!$X$5:$X$104,Hitung_Unit!$H$5:$H$104) -> 0 | S35: =SUMPRODUCT(Hitung_Unit!$W$5:$W$104,Hitung_Unit!$Y$5:$Y$104,Hitung_Unit!$H$5:$H$104) -> 0 | T35: =SUMPRODUCT(Hitung_Unit!$W$5:$W$104,Hitung_Unit!$Z$5:$Z$104,Hitung_Unit!$H$5:$H$104) -> 0 | U35: =SUMPRODUCT(Hitung_Unit!$W$5:$W$104,Hitung_Unit!$AA$5:$AA$104,Hitung_Unit!$H$5:$H$104) -> 0 | V35: =SUMPRODUCT(Hitung_Unit!$W$5:$W$104,Hitung_Unit!$AB$5:$AB$104,Hitung_Unit!$H$5:$H$104) -> 0 | W35: =SUM(C35:V35) -> 0
A36: 16 | B36: =IF(Input!$H$25="","",Input!$H$25) | C36: =SUMPRODUCT(Hitung_Unit!$X$5:$X$104,Hitung_Unit!$I$5:$I$104,Hitung_Unit!$H$5:$H$104) -> 0 | D36: =SUMPRODUCT(Hitung_Unit!$X$5:$X$104,Hitung_Unit!$J$5:$J$104,Hitung_Unit!$H$5:$H$104) -> 0 | E36: =SUMPRODUCT(Hitung_Unit!$X$5:$X$104,Hitung_Unit!$K$5:$K$104,Hitung_Unit!$H$5:$H$104) -> 0 | F36: =SUMPRODUCT(Hitung_Unit!$X$5:$X$104,Hitung_Unit!$L$5:$L$104,Hitung_Unit!$H$5:$H$104) -> 0 | G36: =SUMPRODUCT(Hitung_Unit!$X$5:$X$104,Hitung_Unit!$M$5:$M$104,Hitung_Unit!$H$5:$H$104) -> 0 | H36: =SUMPRODUCT(Hitung_Unit!$X$5:$X$104,Hitung_Unit!$N$5:$N$104,Hitung_Unit!$H$5:$H$104) -> 0 | I36: =SUMPRODUCT(Hitung_Unit!$X$5:$X$104,Hitung_Unit!$O$5:$O$104,Hitung_Unit!$H$5:$H$104) -> 0 | J36: =SUMPRODUCT(Hitung_Unit!$X$5:$X$104,Hitung_Unit!$P$5:$P$104,Hitung_Unit!$H$5:$H$104) -> 0 | K36: =SUMPRODUCT(Hitung_Unit!$X$5:$X$104,Hitung_Unit!$Q$5:$Q$104,Hitung_Unit!$H$5:$H$104) -> 0 | L36: =SUMPRODUCT(Hitung_Unit!$X$5:$X$104,Hitung_Unit!$R$5:$R$104,Hitung_Unit!$H$5:$H$104) -> 0 | M36: =SUMPRODUCT(Hitung_Unit!$X$5:$X$104,Hitung_Unit!$S$5:$S$104,Hitung_Unit!$H$5:$H$104) -> 0 | N36: =SUMPRODUCT(Hitung_Unit!$X$5:$X$104,Hitung_Unit!$T$5:$T$104,Hitung_Unit!$H$5:$H$104) -> 0 | O36: =SUMPRODUCT(Hitung_Unit!$X$5:$X$104,Hitung_Unit!$U$5:$U$104,Hitung_Unit!$H$5:$H$104) -> 0 | P36: =SUMPRODUCT(Hitung_Unit!$X$5:$X$104,Hitung_Unit!$V$5:$V$104,Hitung_Unit!$H$5:$H$104) -> 0 | Q36: =SUMPRODUCT(Hitung_Unit!$X$5:$X$104,Hitung_Unit!$W$5:$W$104,Hitung_Unit!$H$5:$H$104) -> 0 | R36: =SUMPRODUCT(Hitung_Unit!$X$5:$X$104,Hitung_Unit!$X$5:$X$104-1,Hitung_Unit!$H$5:$H$104) -> 0 | S36: =SUMPRODUCT(Hitung_Unit!$X$5:$X$104,Hitung_Unit!$Y$5:$Y$104,Hitung_Unit!$H$5:$H$104) -> 0 | T36: =SUMPRODUCT(Hitung_Unit!$X$5:$X$104,Hitung_Unit!$Z$5:$Z$104,Hitung_Unit!$H$5:$H$104) -> 0 | U36: =SUMPRODUCT(Hitung_Unit!$X$5:$X$104,Hitung_Unit!$AA$5:$AA$104,Hitung_Unit!$H$5:$H$104) -> 0 | V36: =SUMPRODUCT(Hitung_Unit!$X$5:$X$104,Hitung_Unit!$AB$5:$AB$104,Hitung_Unit!$H$5:$H$104) -> 0 | W36: =SUM(C36:V36) -> 0
A37: 17 | B37: =IF(Input!$H$26="","",Input!$H$26) | C37: =SUMPRODUCT(Hitung_Unit!$Y$5:$Y$104,Hitung_Unit!$I$5:$I$104,Hitung_Unit!$H$5:$H$104) -> 0 | D37: =SUMPRODUCT(Hitung_Unit!$Y$5:$Y$104,Hitung_Unit!$J$5:$J$104,Hitung_Unit!$H$5:$H$104) -> 0 | E37: =SUMPRODUCT(Hitung_Unit!$Y$5:$Y$104,Hitung_Unit!$K$5:$K$104,Hitung_Unit!$H$5:$H$104) -> 0 | F37: =SUMPRODUCT(Hitung_Unit!$Y$5:$Y$104,Hitung_Unit!$L$5:$L$104,Hitung_Unit!$H$5:$H$104) -> 0 | G37: =SUMPRODUCT(Hitung_Unit!$Y$5:$Y$104,Hitung_Unit!$M$5:$M$104,Hitung_Unit!$H$5:$H$104) -> 0 | H37: =SUMPRODUCT(Hitung_Unit!$Y$5:$Y$104,Hitung_Unit!$N$5:$N$104,Hitung_Unit!$H$5:$H$104) -> 0 | I37: =SUMPRODUCT(Hitung_Unit!$Y$5:$Y$104,Hitung_Unit!$O$5:$O$104,Hitung_Unit!$H$5:$H$104) -> 0 | J37: =SUMPRODUCT(Hitung_Unit!$Y$5:$Y$104,Hitung_Unit!$P$5:$P$104,Hitung_Unit!$H$5:$H$104) -> 0 | K37: =SUMPRODUCT(Hitung_Unit!$Y$5:$Y$104,Hitung_Unit!$Q$5:$Q$104,Hitung_Unit!$H$5:$H$104) -> 0 | L37: =SUMPRODUCT(Hitung_Unit!$Y$5:$Y$104,Hitung_Unit!$R$5:$R$104,Hitung_Unit!$H$5:$H$104) -> 0 | M37: =SUMPRODUCT(Hitung_Unit!$Y$5:$Y$104,Hitung_Unit!$S$5:$S$104,Hitung_Unit!$H$5:$H$104) -> 0 | N37: =SUMPRODUCT(Hitung_Unit!$Y$5:$Y$104,Hitung_Unit!$T$5:$T$104,Hitung_Unit!$H$5:$H$104) -> 0 | O37: =SUMPRODUCT(Hitung_Unit!$Y$5:$Y$104,Hitung_Unit!$U$5:$U$104,Hitung_Unit!$H$5:$H$104) -> 0 | P37: =SUMPRODUCT(Hitung_Unit!$Y$5:$Y$104,Hitung_Unit!$V$5:$V$104,Hitung_Unit!$H$5:$H$104) -> 0 | Q37: =SUMPRODUCT(Hitung_Unit!$Y$5:$Y$104,Hitung_Unit!$W$5:$W$104,Hitung_Unit!$H$5:$H$104) -> 0 | R37: =SUMPRODUCT(Hitung_Unit!$Y$5:$Y$104,Hitung_Unit!$X$5:$X$104,Hitung_Unit!$H$5:$H$104) -> 0 | S37: =SUMPRODUCT(Hitung_Unit!$Y$5:$Y$104,Hitung_Unit!$Y$5:$Y$104-1,Hitung_Unit!$H$5:$H$104) -> 0 | T37: =SUMPRODUCT(Hitung_Unit!$Y$5:$Y$104,Hitung_Unit!$Z$5:$Z$104,Hitung_Unit!$H$5:$H$104) -> 0 | U37: =SUMPRODUCT(Hitung_Unit!$Y$5:$Y$104,Hitung_Unit!$AA$5:$AA$104,Hitung_Unit!$H$5:$H$104) -> 0 | V37: =SUMPRODUCT(Hitung_Unit!$Y$5:$Y$104,Hitung_Unit!$AB$5:$AB$104,Hitung_Unit!$H$5:$H$104) -> 0 | W37: =SUM(C37:V37) -> 0
A38: 18 | B38: =IF(Input!$H$27="","",Input!$H$27) | C38: =SUMPRODUCT(Hitung_Unit!$Z$5:$Z$104,Hitung_Unit!$I$5:$I$104,Hitung_Unit!$H$5:$H$104) -> 0 | D38: =SUMPRODUCT(Hitung_Unit!$Z$5:$Z$104,Hitung_Unit!$J$5:$J$104,Hitung_Unit!$H$5:$H$104) -> 0 | E38: =SUMPRODUCT(Hitung_Unit!$Z$5:$Z$104,Hitung_Unit!$K$5:$K$104,Hitung_Unit!$H$5:$H$104) -> 0 | F38: =SUMPRODUCT(Hitung_Unit!$Z$5:$Z$104,Hitung_Unit!$L$5:$L$104,Hitung_Unit!$H$5:$H$104) -> 0 | G38: =SUMPRODUCT(Hitung_Unit!$Z$5:$Z$104,Hitung_Unit!$M$5:$M$104,Hitung_Unit!$H$5:$H$104) -> 0 | H38: =SUMPRODUCT(Hitung_Unit!$Z$5:$Z$104,Hitung_Unit!$N$5:$N$104,Hitung_Unit!$H$5:$H$104) -> 0 | I38: =SUMPRODUCT(Hitung_Unit!$Z$5:$Z$104,Hitung_Unit!$O$5:$O$104,Hitung_Unit!$H$5:$H$104) -> 0 | J38: =SUMPRODUCT(Hitung_Unit!$Z$5:$Z$104,Hitung_Unit!$P$5:$P$104,Hitung_Unit!$H$5:$H$104) -> 0 | K38: =SUMPRODUCT(Hitung_Unit!$Z$5:$Z$104,Hitung_Unit!$Q$5:$Q$104,Hitung_Unit!$H$5:$H$104) -> 0 | L38: =SUMPRODUCT(Hitung_Unit!$Z$5:$Z$104,Hitung_Unit!$R$5:$R$104,Hitung_Unit!$H$5:$H$104) -> 0 | M38: =SUMPRODUCT(Hitung_Unit!$Z$5:$Z$104,Hitung_Unit!$S$5:$S$104,Hitung_Unit!$H$5:$H$104) -> 0 | N38: =SUMPRODUCT(Hitung_Unit!$Z$5:$Z$104,Hitung_Unit!$T$5:$T$104,Hitung_Unit!$H$5:$H$104) -> 0 | O38: =SUMPRODUCT(Hitung_Unit!$Z$5:$Z$104,Hitung_Unit!$U$5:$U$104,Hitung_Unit!$H$5:$H$104) -> 0 | P38: =SUMPRODUCT(Hitung_Unit!$Z$5:$Z$104,Hitung_Unit!$V$5:$V$104,Hitung_Unit!$H$5:$H$104) -> 0 | Q38: =SUMPRODUCT(Hitung_Unit!$Z$5:$Z$104,Hitung_Unit!$W$5:$W$104,Hitung_Unit!$H$5:$H$104) -> 0 | R38: =SUMPRODUCT(Hitung_Unit!$Z$5:$Z$104,Hitung_Unit!$X$5:$X$104,Hitung_Unit!$H$5:$H$104) -> 0 | S38: =SUMPRODUCT(Hitung_Unit!$Z$5:$Z$104,Hitung_Unit!$Y$5:$Y$104,Hitung_Unit!$H$5:$H$104) -> 0 | T38: =SUMPRODUCT(Hitung_Unit!$Z$5:$Z$104,Hitung_Unit!$Z$5:$Z$104-1,Hitung_Unit!$H$5:$H$104) -> 0 | U38: =SUMPRODUCT(Hitung_Unit!$Z$5:$Z$104,Hitung_Unit!$AA$5:$AA$104,Hitung_Unit!$H$5:$H$104) -> 0 | V38: =SUMPRODUCT(Hitung_Unit!$Z$5:$Z$104,Hitung_Unit!$AB$5:$AB$104,Hitung_Unit!$H$5:$H$104) -> 0 | W38: =SUM(C38:V38) -> 0
A39: 19 | B39: =IF(Input!$H$28="","",Input!$H$28) | C39: =SUMPRODUCT(Hitung_Unit!$AA$5:$AA$104,Hitung_Unit!$I$5:$I$104,Hitung_Unit!$H$5:$H$104) -> 0 | D39: =SUMPRODUCT(Hitung_Unit!$AA$5:$AA$104,Hitung_Unit!$J$5:$J$104,Hitung_Unit!$H$5:$H$104) -> 0 | E39: =SUMPRODUCT(Hitung_Unit!$AA$5:$AA$104,Hitung_Unit!$K$5:$K$104,Hitung_Unit!$H$5:$H$104) -> 0 | F39: =SUMPRODUCT(Hitung_Unit!$AA$5:$AA$104,Hitung_Unit!$L$5:$L$104,Hitung_Unit!$H$5:$H$104) -> 0 | G39: =SUMPRODUCT(Hitung_Unit!$AA$5:$AA$104,Hitung_Unit!$M$5:$M$104,Hitung_Unit!$H$5:$H$104) -> 0 | H39: =SUMPRODUCT(Hitung_Unit!$AA$5:$AA$104,Hitung_Unit!$N$5:$N$104,Hitung_Unit!$H$5:$H$104) -> 0 | I39: =SUMPRODUCT(Hitung_Unit!$AA$5:$AA$104,Hitung_Unit!$O$5:$O$104,Hitung_Unit!$H$5:$H$104) -> 0 | J39: =SUMPRODUCT(Hitung_Unit!$AA$5:$AA$104,Hitung_Unit!$P$5:$P$104,Hitung_Unit!$H$5:$H$104) -> 0 | K39: =SUMPRODUCT(Hitung_Unit!$AA$5:$AA$104,Hitung_Unit!$Q$5:$Q$104,Hitung_Unit!$H$5:$H$104) -> 0 | L39: =SUMPRODUCT(Hitung_Unit!$AA$5:$AA$104,Hitung_Unit!$R$5:$R$104,Hitung_Unit!$H$5:$H$104) -> 0 | M39: =SUMPRODUCT(Hitung_Unit!$AA$5:$AA$104,Hitung_Unit!$S$5:$S$104,Hitung_Unit!$H$5:$H$104) -> 0 | N39: =SUMPRODUCT(Hitung_Unit!$AA$5:$AA$104,Hitung_Unit!$T$5:$T$104,Hitung_Unit!$H$5:$H$104) -> 0 | O39: =SUMPRODUCT(Hitung_Unit!$AA$5:$AA$104,Hitung_Unit!$U$5:$U$104,Hitung_Unit!$H$5:$H$104) -> 0 | P39: =SUMPRODUCT(Hitung_Unit!$AA$5:$AA$104,Hitung_Unit!$V$5:$V$104,Hitung_Unit!$H$5:$H$104) -> 0 | Q39: =SUMPRODUCT(Hitung_Unit!$AA$5:$AA$104,Hitung_Unit!$W$5:$W$104,Hitung_Unit!$H$5:$H$104) -> 0 | R39: =SUMPRODUCT(Hitung_Unit!$AA$5:$AA$104,Hitung_Unit!$X$5:$X$104,Hitung_Unit!$H$5:$H$104) -> 0 | S39: =SUMPRODUCT(Hitung_Unit!$AA$5:$AA$104,Hitung_Unit!$Y$5:$Y$104,Hitung_Unit!$H$5:$H$104) -> 0 | T39: =SUMPRODUCT(Hitung_Unit!$AA$5:$AA$104,Hitung_Unit!$Z$5:$Z$104,Hitung_Unit!$H$5:$H$104) -> 0 | U39: =SUMPRODUCT(Hitung_Unit!$AA$5:$AA$104,Hitung_Unit!$AA$5:$AA$104-1,Hitung_Unit!$H$5:$H$104) -> 0 | V39: =SUMPRODUCT(Hitung_Unit!$AA$5:$AA$104,Hitung_Unit!$AB$5:$AB$104,Hitung_Unit!$H$5:$H$104) -> 0 | W39: =SUM(C39:V39) -> 0
A40: 20 | B40: =IF(Input!$H$29="","",Input!$H$29) | C40: =SUMPRODUCT(Hitung_Unit!$AB$5:$AB$104,Hitung_Unit!$I$5:$I$104,Hitung_Unit!$H$5:$H$104) -> 0 | D40: =SUMPRODUCT(Hitung_Unit!$AB$5:$AB$104,Hitung_Unit!$J$5:$J$104,Hitung_Unit!$H$5:$H$104) -> 0 | E40: =SUMPRODUCT(Hitung_Unit!$AB$5:$AB$104,Hitung_Unit!$K$5:$K$104,Hitung_Unit!$H$5:$H$104) -> 0 | F40: =SUMPRODUCT(Hitung_Unit!$AB$5:$AB$104,Hitung_Unit!$L$5:$L$104,Hitung_Unit!$H$5:$H$104) -> 0 | G40: =SUMPRODUCT(Hitung_Unit!$AB$5:$AB$104,Hitung_Unit!$M$5:$M$104,Hitung_Unit!$H$5:$H$104) -> 0 | H40: =SUMPRODUCT(Hitung_Unit!$AB$5:$AB$104,Hitung_Unit!$N$5:$N$104,Hitung_Unit!$H$5:$H$104) -> 0 | I40: =SUMPRODUCT(Hitung_Unit!$AB$5:$AB$104,Hitung_Unit!$O$5:$O$104,Hitung_Unit!$H$5:$H$104) -> 0 | J40: =SUMPRODUCT(Hitung_Unit!$AB$5:$AB$104,Hitung_Unit!$P$5:$P$104,Hitung_Unit!$H$5:$H$104) -> 0 | K40: =SUMPRODUCT(Hitung_Unit!$AB$5:$AB$104,Hitung_Unit!$Q$5:$Q$104,Hitung_Unit!$H$5:$H$104) -> 0 | L40: =SUMPRODUCT(Hitung_Unit!$AB$5:$AB$104,Hitung_Unit!$R$5:$R$104,Hitung_Unit!$H$5:$H$104) -> 0 | M40: =SUMPRODUCT(Hitung_Unit!$AB$5:$AB$104,Hitung_Unit!$S$5:$S$104,Hitung_Unit!$H$5:$H$104) -> 0 | N40: =SUMPRODUCT(Hitung_Unit!$AB$5:$AB$104,Hitung_Unit!$T$5:$T$104,Hitung_Unit!$H$5:$H$104) -> 0 | O40: =SUMPRODUCT(Hitung_Unit!$AB$5:$AB$104,Hitung_Unit!$U$5:$U$104,Hitung_Unit!$H$5:$H$104) -> 0 | P40: =SUMPRODUCT(Hitung_Unit!$AB$5:$AB$104,Hitung_Unit!$V$5:$V$104,Hitung_Unit!$H$5:$H$104) -> 0 | Q40: =SUMPRODUCT(Hitung_Unit!$AB$5:$AB$104,Hitung_Unit!$W$5:$W$104,Hitung_Unit!$H$5:$H$104) -> 0 | R40: =SUMPRODUCT(Hitung_Unit!$AB$5:$AB$104,Hitung_Unit!$X$5:$X$104,Hitung_Unit!$H$5:$H$104) -> 0 | S40: =SUMPRODUCT(Hitung_Unit!$AB$5:$AB$104,Hitung_Unit!$Y$5:$Y$104,Hitung_Unit!$H$5:$H$104) -> 0 | T40: =SUMPRODUCT(Hitung_Unit!$AB$5:$AB$104,Hitung_Unit!$Z$5:$Z$104,Hitung_Unit!$H$5:$H$104) -> 0 | U40: =SUMPRODUCT(Hitung_Unit!$AB$5:$AB$104,Hitung_Unit!$AA$5:$AA$104,Hitung_Unit!$H$5:$H$104) -> 0 | V40: =SUMPRODUCT(Hitung_Unit!$AB$5:$AB$104,Hitung_Unit!$AB$5:$AB$104-1,Hitung_Unit!$H$5:$H$104) -> 0 | W40: =SUM(C40:V40) -> 0
A41: n | B41: Total | C41: =SUM(C21:C40) -> 2 | D41: =SUM(D21:D40) -> 4 | E41: =SUM(E21:E40) -> 6 | F41: =SUM(F21:F40) -> 6 | G41: =SUM(G21:G40) -> 6 | H41: =SUM(H21:H40) -> 0 | I41: =SUM(I21:I40) -> 0 | J41: =SUM(J21:J40) -> 0 | ... W41: =SUM(W21:W40) -> 24
A44: 2. Matriks Harapan (e_ck) = n_c·n_k / (n−1) (diagonal: n_c·(n_c−1)/(n−1))
A45: c \ k | B45: Kategori | C45: 1 | D45: 2 | E45: 3 | F45: 4 | G45: 5 | H45: 6 | I45: 7 | J45: 8 | K45: 9 | L45: 10 | M45: 11 | N45: 12 | O45: 13 | P45: 14 | Q45: 15 | R45: 16 | S45: 17 | T45: 18 | U45: 19 | V45: 20
C46: =IF(Input!$H$10="","",Input!$H$10) -> K1 | D46: =IF(Input!$H$11="","",Input!$H$11) -> K2 | E46: =IF(Input!$H$12="","",Input!$H$12) -> K3 | F46: =IF(Input!$H$13="","",Input!$H$13) -> K4 | G46: =IF(Input!$H$14="","",Input!$H$14) -> K5 | H46: =IF(Input!$H$15="","",Input!$H$15) | I46: =IF(Input!$H$16="","",Input!$H$16) | J46: =IF(Input!$H$17="","",Input!$H$17) | K46: =IF(Input!$H$18="","",Input!$H$18) | L46: =IF(Input!$H$19="","",Input!$H$19) | M46: =IF(Input!$H$20="","",Input!$H$20) | N46: =IF(Input!$H$21="","",Input!$H$21) | O46: =IF(Input!$H$22="","",Input!$H$22) | P46: =IF(Input!$H$23="","",Input!$H$23) | Q46: =IF(Input!$H$24="","",Input!$H$24) | R46: =IF(Input!$H$25="","",Input!$H$25) | S46: =IF(Input!$H$26="","",Input!$H$26) | T46: =IF(Input!$H$27="","",Input!$H$27) | U46: =IF(Input!$H$28="","",Input!$H$28) | V46: =IF(Input!$H$29="","",Input!$H$29)
A47: 1 | B47: =IF(Input!$H$10="","",Input!$H$10) -> K1 | C47: =IF($W$41>1,IF($A47=C$45,INDEX($W$21:$W$40,$A47)*(INDEX($W$21:$W$40,$A47)-1),INDEX($W$21:$W$40,$A47)*INDEX($W$21:$W$40,C$45))/($W$41-1),0) -> 0.086956522 | D47: =IF($W$41>1,IF($A47=D$45,INDEX($W$21:$W$40,$A47)*(INDEX($W$21:$W$40,$A47)-1),INDEX($W$21:$W$40,$A47)*INDEX($W$21:$W$40,D$45))/($W$41-1),0) -> 0.34782609 | E47: =IF($W$41>1,IF($A47=E$45,INDEX($W$21:$W$40,$A47)*(INDEX($W$21:$W$40,$A47)-1),INDEX($W$21:$W$40,$A47)*INDEX($W$21:$W$40,E$45))/($W$41-1),0) -> 0.52173913 | F47: =IF($W$41>1,IF($A47=F$45,INDEX($W$21:$W$40,$A47)*(INDEX($W$21:$W$40,$A47)-1),INDEX($W$21:$W$40,$A47)*INDEX($W$21:$W$40,F$45))/($W$41-1),0) -> 0.52173913 | G47: =IF($W$41>1,IF($A47=G$45,INDEX($W$21:$W$40,$A47)*(INDEX($W$21:$W$40,$A47)-1),INDEX($W$21:$W$40,$A47)*INDEX($W$21:$W$40,G$45))/($W$41-1),0) -> 0.52173913 | H47: =IF($W$41>1,IF($A47=H$45,INDEX($W$21:$W$40,$A47)*(INDEX($W$21:$W$40,$A47)-1),INDEX($W$21:$W$40,$A47)*INDEX($W$21:$W$40,H$45))/($W$41-1),0) -> 0 | I47: =IF($W$41>1,IF($A47=I$45,INDEX($W$21:$W$40,$A47)*(INDEX($W$21:$W$40,$A47)-1),INDEX($W$21:$W$40,$A47)*INDEX($W$21:$W$40,I$45))/($W$41-1),0) -> 0 | J47: =IF($W$41>1,IF($A47=J$45,INDEX($W$21:$W$40,$A47)*(INDEX($W$21:$W$40,$A47)-1),INDEX($W$21:$W$40,$A47)*INDEX($W$21:$W$40,J$45))/($W$41-1),0) -> 0 | ... V47: =IF($W$41>1,IF($A47=V$45,INDEX($W$21:$W$40,$A47)*(INDEX($W$21:$W$40,$A47)-1),INDEX($W$21:$W$40,$A47)*INDEX($W$21:$W$40,V$45))/($W$41-1),0) -> 0
A48: 2 | B48: =IF(Input!$H$11="","",Input!$H$11) -> K2 | C48: =IF($W$41>1,IF($A48=C$45,INDEX($W$21:$W$40,$A48)*(INDEX($W$21:$W$40,$A48)-1),INDEX($W$21:$W$40,$A48)*INDEX($W$21:$W$40,C$45))/($W$41-1),0) -> 0.34782609 | D48: =IF($W$41>1,IF($A48=D$45,INDEX($W$21:$W$40,$A48)*(INDEX($W$21:$W$40,$A48)-1),INDEX($W$21:$W$40,$A48)*INDEX($W$21:$W$40,D$45))/($W$41-1),0) -> 0.52173913 | E48: =IF($W$41>1,IF($A48=E$45,INDEX($W$21:$W$40,$A48)*(INDEX($W$21:$W$40,$A48)-1),INDEX($W$21:$W$40,$A48)*INDEX($W$21:$W$40,E$45))/($W$41-1),0) -> 1.0434783 | F48: =IF($W$41>1,IF($A48=F$45,INDEX($W$21:$W$40,$A48)*(INDEX($W$21:$W$40,$A48)-1),INDEX($W$21:$W$40,$A48)*INDEX($W$21:$W$40,F$45))/($W$41-1),0) -> 1.0434783 | G48: =IF($W$41>1,IF($A48=G$45,INDEX($W$21:$W$40,$A48)*(INDEX($W$21:$W$40,$A48)-1),INDEX($W$21:$W$40,$A48)*INDEX($W$21:$W$40,G$45))/($W$41-1),0) -> 1.0434783 | H48: =IF($W$41>1,IF($A48=H$45,INDEX($W$21:$W$40,$A48)*(INDEX($W$21:$W$40,$A48)-1),INDEX($W$21:$W$40,$A48)*INDEX($W$21:$W$40,H$45))/($W$41-1),0) -> 0 | I48: =IF($W$41>1,IF($A48=I$45,INDEX($W$21:$W$40,$A48)*(INDEX($W$21:$W$40,$A48)-1),INDEX($W$21:$W$40,$A48)*INDEX($W$21:$W$40,I$45))/($W$41-1),0) -> 0 | J48: =IF($W$41>1,IF($A48=J$45,INDEX($W$21:$W$40,$A48)*(INDEX($W$21:$W$40,$A48)-1),INDEX($W$21:$W$40,$A48)*INDEX($W$21:$W$40,J$45))/($W$41-1),0) -> 0 | ... V48: =IF($W$41>1,IF($A48=V$45,INDEX($W$21:$W$40,$A48)*(INDEX($W$21:$W$40,$A48)-1),INDEX($W$21:$W$40,$A48)*INDEX($W$21:$W$40,V$45))/($W$41-1),0) -> 0
A49: 3 | B49: =IF(Input!$H$12="","",Input!$H$12) -> K3 | C49: =IF($W$41>1,IF($A49=C$45,INDEX($W$21:$W$40,$A49)*(INDEX($W$21:$W$40,$A49)-1),INDEX($W$21:$W$40,$A49)*INDEX($W$21:$W$40,C$45))/($W$41-1),0) -> 0.52173913 | D49: =IF($W$41>1,IF($A49=D$45,INDEX($W$21:$W$40,$A49)*(INDEX($W$21:$W$40,$A49)-1),INDEX($W$21:$W$40,$A49)*INDEX($W$21:$W$40,D$45))/($W$41-1),0) -> 1.0434783 | E49: =IF($W$41>1,IF($A49=E$45,INDEX($W$21:$W$40,$A49)*(INDEX($W$21:$W$40,$A49)-1),INDEX($W$21:$W$40,$A49)*INDEX($W$21:$W$40,E$45))/($W$41-1),0) -> 1.3043478 | F49: =IF($W$41>1,IF($A49=F$45,INDEX($W$21:$W$40,$A49)*(INDEX($W$21:$W$40,$A49)-1),INDEX($W$21:$W$40,$A49)*INDEX($W$21:$W$40,F$45))/($W$41-1),0) -> 1.5652174 | G49: =IF($W$41>1,IF($A49=G$45,INDEX($W$21:$W$40,$A49)*(INDEX($W$21:$W$40,$A49)-1),INDEX($W$21:$W$40,$A49)*INDEX($W$21:$W$40,G$45))/($W$41-1),0) -> 1.5652174 | H49: =IF($W$41>1,IF($A49=H$45,INDEX($W$21:$W$40,$A49)*(INDEX($W$21:$W$40,$A49)-1),INDEX($W$21:$W$40,$A49)*INDEX($W$21:$W$40,H$45))/($W$41-1),0) -> 0 | I49: =IF($W$41>1,IF($A49=I$45,INDEX($W$21:$W$40,$A49)*(INDEX($W$21:$W$40,$A49)-1),INDEX($W$21:$W$40,$A49)*INDEX($W$21:$W$40,I$45))/($W$41-1),0) -> 0 | J49: =IF($W$41>1,IF($A49=J$45,INDEX($W$21:$W$40,$A49)*(INDEX($W$21:$W$40,$A49)-1),INDEX($W$21:$W$40,$A49)*INDEX($W$21:$W$40,J$45))/($W$41-1),0) -> 0 | ... V49: =IF($W$41>1,IF($A49=V$45,INDEX($W$21:$W$40,$A49)*(INDEX($W$21:$W$40,$A49)-1),INDEX($W$21:$W$40,$A49)*INDEX($W$21:$W$40,V$45))/($W$41-1),0) -> 0
A50: 4 | B50: =IF(Input!$H$13="","",Input!$H$13) -> K4 | C50: =IF($W$41>1,IF($A50=C$45,INDEX($W$21:$W$40,$A50)*(INDEX($W$21:$W$40,$A50)-1),INDEX($W$21:$W$40,$A50)*INDEX($W$21:$W$40,C$45))/($W$41-1),0) -> 0.52173913 | D50: =IF($W$41>1,IF($A50=D$45,INDEX($W$21:$W$40,$A50)*(INDEX($W$21:$W$40,$A50)-1),INDEX($W$21:$W$40,$A50)*INDEX($W$21:$W$40,D$45))/($W$41-1),0) -> 1.0434783 | E50: =IF($W$41>1,IF($A50=E$45,INDEX($W$21:$W$40,$A50)*(INDEX($W$21:$W$40,$A50)-1),INDEX($W$21:$W$40,$A50)*INDEX($W$21:$W$40,E$45))/($W$41-1),0) -> 1.5652174 | F50: =IF($W$41>1,IF($A50=F$45,INDEX($W$21:$W$40,$A50)*(INDEX($W$21:$W$40,$A50)-1),INDEX($W$21:$W$40,$A50)*INDEX($W$21:$W$40,F$45))/($W$41-1),0) -> 1.3043478 | G50: =IF($W$41>1,IF($A50=G$45,INDEX($W$21:$W$40,$A50)*(INDEX($W$21:$W$40,$A50)-1),INDEX($W$21:$W$40,$A50)*INDEX($W$21:$W$40,G$45))/($W$41-1),0) -> 1.5652174 | H50: =IF($W$41>1,IF($A50=H$45,INDEX($W$21:$W$40,$A50)*(INDEX($W$21:$W$40,$A50)-1),INDEX($W$21:$W$40,$A50)*INDEX($W$21:$W$40,H$45))/($W$41-1),0) -> 0 | I50: =IF($W$41>1,IF($A50=I$45,INDEX($W$21:$W$40,$A50)*(INDEX($W$21:$W$40,$A50)-1),INDEX($W$21:$W$40,$A50)*INDEX($W$21:$W$40,I$45))/($W$41-1),0) -> 0 | J50: =IF($W$41>1,IF($A50=J$45,INDEX($W$21:$W$40,$A50)*(INDEX($W$21:$W$40,$A50)-1),INDEX($W$21:$W$40,$A50)*INDEX($W$21:$W$40,J$45))/($W$41-1),0) -> 0 | ... V50: =IF($W$41>1,IF($A50=V$45,INDEX($W$21:$W$40,$A50)*(INDEX($W$21:$W$40,$A50)-1),INDEX($W$21:$W$40,$A50)*INDEX($W$21:$W$40,V$45))/($W$41-1),0) -> 0
A51: 5 | B51: =IF(Input!$H$14="","",Input!$H$14) -> K5 | C51: =IF($W$41>1,IF($A51=C$45,INDEX($W$21:$W$40,$A51)*(INDEX($W$21:$W$40,$A51)-1),INDEX($W$21:$W$40,$A51)*INDEX($W$21:$W$40,C$45))/($W$41-1),0) -> 0.52173913 | D51: =IF($W$41>1,IF($A51=D$45,INDEX($W$21:$W$40,$A51)*(INDEX($W$21:$W$40,$A51)-1),INDEX($W$21:$W$40,$A51)*INDEX($W$21:$W$40,D$45))/($W$41-1),0) -> 1.0434783 | E51: =IF($W$41>1,IF($A51=E$45,INDEX($W$21:$W$40,$A51)*(INDEX($W$21:$W$40,$A51)-1),INDEX($W$21:$W$40,$A51)*INDEX($W$21:$W$40,E$45))/($W$41-1),0) -> 1.5652174 | F51: =IF($W$41>1,IF($A51=F$45,INDEX($W$21:$W$40,$A51)*(INDEX($W$21:$W$40,$A51)-1),INDEX($W$21:$W$40,$A51)*INDEX($W$21:$W$40,F$45))/($W$41-1),0) -> 1.5652174 | G51: =IF($W$41>1,IF($A51=G$45,INDEX($W$21:$W$40,$A51)*(INDEX($W$21:$W$40,$A51)-1),INDEX($W$21:$W$40,$A51)*INDEX($W$21:$W$40,G$45))/($W$41-1),0) -> 1.3043478 | H51: =IF($W$41>1,IF($A51=H$45,INDEX($W$21:$W$40,$A51)*(INDEX($W$21:$W$40,$A51)-1),INDEX($W$21:$W$40,$A51)*INDEX($W$21:$W$40,H$45))/($W$41-1),0) -> 0 | I51: =IF($W$41>1,IF($A51=I$45,INDEX($W$21:$W$40,$A51)*(INDEX($W$21:$W$40,$A51)-1),INDEX($W$21:$W$40,$A51)*INDEX($W$21:$W$40,I$45))/($W$41-1),0) -> 0 | J51: =IF($W$41>1,IF($A51=J$45,INDEX($W$21:$W$40,$A51)*(INDEX($W$21:$W$40,$A51)-1),INDEX($W$21:$W$40,$A51)*INDEX($W$21:$W$40,J$45))/($W$41-1),0) -> 0 | ... V51: =IF($W$41>1,IF($A51=V$45,INDEX($W$21:$W$40,$A51)*(INDEX($W$21:$W$40,$A51)-1),INDEX($W$21:$W$40,$A51)*INDEX($W$21:$W$40,V$45))/($W$41-1),0) -> 0
A52: 6 | B52: =IF(Input!$H$15="","",Input!$H$15) | C52: =IF($W$41>1,IF($A52=C$45,INDEX($W$21:$W$40,$A52)*(INDEX($W$21:$W$40,$A52)-1),INDEX($W$21:$W$40,$A52)*INDEX($W$21:$W$40,C$45))/($W$41-1),0) -> 0 | D52: =IF($W$41>1,IF($A52=D$45,INDEX($W$21:$W$40,$A52)*(INDEX($W$21:$W$40,$A52)-1),INDEX($W$21:$W$40,$A52)*INDEX($W$21:$W$40,D$45))/($W$41-1),0) -> 0 | E52: =IF($W$41>1,IF($A52=E$45,INDEX($W$21:$W$40,$A52)*(INDEX($W$21:$W$40,$A52)-1),INDEX($W$21:$W$40,$A52)*INDEX($W$21:$W$40,E$45))/($W$41-1),0) -> 0 | F52: =IF($W$41>1,IF($A52=F$45,INDEX($W$21:$W$40,$A52)*(INDEX($W$21:$W$40,$A52)-1),INDEX($W$21:$W$40,$A52)*INDEX($W$21:$W$40,F$45))/($W$41-1),0) -> 0 | G52: =IF($W$41>1,IF($A52=G$45,INDEX($W$21:$W$40,$A52)*(INDEX($W$21:$W$40,$A52)-1),INDEX($W$21:$W$40,$A52)*INDEX($W$21:$W$40,G$45))/($W$41-1),0) -> 0 | H52: =IF($W$41>1,IF($A52=H$45,INDEX($W$21:$W$40,$A52)*(INDEX($W$21:$W$40,$A52)-1),INDEX($W$21:$W$40,$A52)*INDEX($W$21:$W$40,H$45))/($W$41-1),0) -> 0 | I52: =IF($W$41>1,IF($A52=I$45,INDEX($W$21:$W$40,$A52)*(INDEX($W$21:$W$40,$A52)-1),INDEX($W$21:$W$40,$A52)*INDEX($W$21:$W$40,I$45))/($W$41-1),0) -> 0 | J52: =IF($W$41>1,IF($A52=J$45,INDEX($W$21:$W$40,$A52)*(INDEX($W$21:$W$40,$A52)-1),INDEX($W$21:$W$40,$A52)*INDEX($W$21:$W$40,J$45))/($W$41-1),0) -> 0 | ... V52: =IF($W$41>1,IF($A52=V$45,INDEX($W$21:$W$40,$A52)*(INDEX($W$21:$W$40,$A52)-1),INDEX($W$21:$W$40,$A52)*INDEX($W$21:$W$40,V$45))/($W$41-1),0) -> 0
A53: 7 | B53: =IF(Input!$H$16="","",Input!$H$16) | C53: =IF($W$41>1,IF($A53=C$45,INDEX($W$21:$W$40,$A53)*(INDEX($W$21:$W$40,$A53)-1),INDEX($W$21:$W$40,$A53)*INDEX($W$21:$W$40,C$45))/($W$41-1),0) -> 0 | D53: =IF($W$41>1,IF($A53=D$45,INDEX($W$21:$W$40,$A53)*(INDEX($W$21:$W$40,$A53)-1),INDEX($W$21:$W$40,$A53)*INDEX($W$21:$W$40,D$45))/($W$41-1),0) -> 0 | E53: =IF($W$41>1,IF($A53=E$45,INDEX($W$21:$W$40,$A53)*(INDEX($W$21:$W$40,$A53)-1),INDEX($W$21:$W$40,$A53)*INDEX($W$21:$W$40,E$45))/($W$41-1),0) -> 0 | F53: =IF($W$41>1,IF($A53=F$45,INDEX($W$21:$W$40,$A53)*(INDEX($W$21:$W$40,$A53)-1),INDEX($W$21:$W$40,$A53)*INDEX($W$21:$W$40,F$45))/($W$41-1),0) -> 0 | G53: =IF($W$41>1,IF($A53=G$45,INDEX($W$21:$W$40,$A53)*(INDEX($W$21:$W$40,$A53)-1),INDEX($W$21:$W$40,$A53)*INDEX($W$21:$W$40,G$45))/($W$41-1),0) -> 0 | H53: =IF($W$41>1,IF($A53=H$45,INDEX($W$21:$W$40,$A53)*(INDEX($W$21:$W$40,$A53)-1),INDEX($W$21:$W$40,$A53)*INDEX($W$21:$W$40,H$45))/($W$41-1),0) -> 0 | I53: =IF($W$41>1,IF($A53=I$45,INDEX($W$21:$W$40,$A53)*(INDEX($W$21:$W$40,$A53)-1),INDEX($W$21:$W$40,$A53)*INDEX($W$21:$W$40,I$45))/($W$41-1),0) -> 0 | J53: =IF($W$41>1,IF($A53=J$45,INDEX($W$21:$W$40,$A53)*(INDEX($W$21:$W$40,$A53)-1),INDEX($W$21:$W$40,$A53)*INDEX($W$21:$W$40,J$45))/($W$41-1),0) -> 0 | ... V53: =IF($W$41>1,IF($A53=V$45,INDEX($W$21:$W$40,$A53)*(INDEX($W$21:$W$40,$A53)-1),INDEX($W$21:$W$40,$A53)*INDEX($W$21:$W$40,V$45))/($W$41-1),0) -> 0
A54: 8 | B54: =IF(Input!$H$17="","",Input!$H$17) | C54: =IF($W$41>1,IF($A54=C$45,INDEX($W$21:$W$40,$A54)*(INDEX($W$21:$W$40,$A54)-1),INDEX($W$21:$W$40,$A54)*INDEX($W$21:$W$40,C$45))/($W$41-1),0) -> 0 | D54: =IF($W$41>1,IF($A54=D$45,INDEX($W$21:$W$40,$A54)*(INDEX($W$21:$W$40,$A54)-1),INDEX($W$21:$W$40,$A54)*INDEX($W$21:$W$40,D$45))/($W$41-1),0) -> 0 | E54: =IF($W$41>1,IF($A54=E$45,INDEX($W$21:$W$40,$A54)*(INDEX($W$21:$W$40,$A54)-1),INDEX($W$21:$W$40,$A54)*INDEX($W$21:$W$40,E$45))/($W$41-1),0) -> 0 | F54: =IF($W$41>1,IF($A54=F$45,INDEX($W$21:$W$40,$A54)*(INDEX($W$21:$W$40,$A54)-1),INDEX($W$21:$W$40,$A54)*INDEX($W$21:$W$40,F$45))/($W$41-1),0) -> 0 | G54: =IF($W$41>1,IF($A54=G$45,INDEX($W$21:$W$40,$A54)*(INDEX($W$21:$W$40,$A54)-1),INDEX($W$21:$W$40,$A54)*INDEX($W$21:$W$40,G$45))/($W$41-1),0) -> 0 | H54: =IF($W$41>1,IF($A54=H$45,INDEX($W$21:$W$40,$A54)*(INDEX($W$21:$W$40,$A54)-1),INDEX($W$21:$W$40,$A54)*INDEX($W$21:$W$40,H$45))/($W$41-1),0) -> 0 | I54: =IF($W$41>1,IF($A54=I$45,INDEX($W$21:$W$40,$A54)*(INDEX($W$21:$W$40,$A54)-1),INDEX($W$21:$W$40,$A54)*INDEX($W$21:$W$40,I$45))/($W$41-1),0) -> 0 | J54: =IF($W$41>1,IF($A54=J$45,INDEX($W$21:$W$40,$A54)*(INDEX($W$21:$W$40,$A54)-1),INDEX($W$21:$W$40,$A54)*INDEX($W$21:$W$40,J$45))/($W$41-1),0) -> 0 | ... V54: =IF($W$41>1,IF($A54=V$45,INDEX($W$21:$W$40,$A54)*(INDEX($W$21:$W$40,$A54)-1),INDEX($W$21:$W$40,$A54)*INDEX($W$21:$W$40,V$45))/($W$41-1),0) -> 0
A55: 9 | B55: =IF(Input!$H$18="","",Input!$H$18) | C55: =IF($W$41>1,IF($A55=C$45,INDEX($W$21:$W$40,$A55)*(INDEX($W$21:$W$40,$A55)-1),INDEX($W$21:$W$40,$A55)*INDEX($W$21:$W$40,C$45))/($W$41-1),0) -> 0 | D55: =IF($W$41>1,IF($A55=D$45,INDEX($W$21:$W$40,$A55)*(INDEX($W$21:$W$40,$A55)-1),INDEX($W$21:$W$40,$A55)*INDEX($W$21:$W$40,D$45))/($W$41-1),0) -> 0 | E55: =IF($W$41>1,IF($A55=E$45,INDEX($W$21:$W$40,$A55)*(INDEX($W$21:$W$40,$A55)-1),INDEX($W$21:$W$40,$A55)*INDEX($W$21:$W$40,E$45))/($W$41-1),0) -> 0 | F55: =IF($W$41>1,IF($A55=F$45,INDEX($W$21:$W$40,$A55)*(INDEX($W$21:$W$40,$A55)-1),INDEX($W$21:$W$40,$A55)*INDEX($W$21:$W$40,F$45))/($W$41-1),0) -> 0 | G55: =IF($W$41>1,IF($A55=G$45,INDEX($W$21:$W$40,$A55)*(INDEX($W$21:$W$40,$A55)-1),INDEX($W$21:$W$40,$A55)*INDEX($W$21:$W$40,G$45))/($W$41-1),0) -> 0 | H55: =IF($W$41>1,IF($A55=H$45,INDEX($W$21:$W$40,$A55)*(INDEX($W$21:$W$40,$A55)-1),INDEX($W$21:$W$40,$A55)*INDEX($W$21:$W$40,H$45))/($W$41-1),0) -> 0 | I55: =IF($W$41>1,IF($A55=I$45,INDEX($W$21:$W$40,$A55)*(INDEX($W$21:$W$40,$A55)-1),INDEX($W$21:$W$40,$A55)*INDEX($W$21:$W$40,I$45))/($W$41-1),0) -> 0 | J55: =IF($W$41>1,IF($A55=J$45,INDEX($W$21:$W$40,$A55)*(INDEX($W$21:$W$40,$A55)-1),INDEX($W$21:$W$40,$A55)*INDEX($W$21:$W$40,J$45))/($W$41-1),0) -> 0 | ... V55: =IF($W$41>1,IF($A55=V$45,INDEX($W$21:$W$40,$A55)*(INDEX($W$21:$W$40,$A55)-1),INDEX($W$21:$W$40,$A55)*INDEX($W$21:$W$40,V$45))/($W$41-1),0) -> 0
A56: 10 | B56: =IF(Input!$H$19="","",Input!$H$19) | C56: =IF($W$41>1,IF($A56=C$45,INDEX($W$21:$W$40,$A56)*(INDEX($W$21:$W$40,$A56)-1),INDEX($W$21:$W$40,$A56)*INDEX($W$21:$W$40,C$45))/($W$41-1),0) -> 0 | D56: =IF($W$41>1,IF($A56=D$45,INDEX($W$21:$W$40,$A56)*(INDEX($W$21:$W$40,$A56)-1),INDEX($W$21:$W$40,$A56)*INDEX($W$21:$W$40,D$45))/($W$41-1),0) -> 0 | E56: =IF($W$41>1,IF($A56=E$45,INDEX($W$21:$W$40,$A56)*(INDEX($W$21:$W$40,$A56)-1),INDEX($W$21:$W$40,$A56)*INDEX($W$21:$W$40,E$45))/($W$41-1),0) -> 0 | F56: =IF($W$41>1,IF($A56=F$45,INDEX($W$21:$W$40,$A56)*(INDEX($W$21:$W$40,$A56)-1),INDEX($W$21:$W$40,$A56)*INDEX($W$21:$W$40,F$45))/($W$41-1),0) -> 0 | G56: =IF($W$41>1,IF($A56=G$45,INDEX($W$21:$W$40,$A56)*(INDEX($W$21:$W$40,$A56)-1),INDEX($W$21:$W$40,$A56)*INDEX($W$21:$W$40,G$45))/($W$41-1),0) -> 0 | H56: =IF($W$41>1,IF($A56=H$45,INDEX($W$21:$W$40,$A56)*(INDEX($W$21:$W$40,$A56)-1),INDEX($W$21:$W$40,$A56)*INDEX($W$21:$W$40,H$45))/($W$41-1),0) -> 0 | I56: =IF($W$41>1,IF($A56=I$45,INDEX($W$21:$W$40,$A56)*(INDEX($W$21:$W$40,$A56)-1),INDEX($W$21:$W$40,$A56)*INDEX($W$21:$W$40,I$45))/($W$41-1),0) -> 0 | J56: =IF($W$41>1,IF($A56=J$45,INDEX($W$21:$W$40,$A56)*(INDEX($W$21:$W$40,$A56)-1),INDEX($W$21:$W$40,$A56)*INDEX($W$21:$W$40,J$45))/($W$41-1),0) -> 0 | ... V56: =IF($W$41>1,IF($A56=V$45,INDEX($W$21:$W$40,$A56)*(INDEX($W$21:$W$40,$A56)-1),INDEX($W$21:$W$40,$A56)*INDEX($W$21:$W$40,V$45))/($W$41-1),0) -> 0
A57: 11 | B57: =IF(Input!$H$20="","",Input!$H$20) | C57: =IF($W$41>1,IF($A57=C$45,INDEX($W$21:$W$40,$A57)*(INDEX($W$21:$W$40,$A57)-1),INDEX($W$21:$W$40,$A57)*INDEX($W$21:$W$40,C$45))/($W$41-1),0) -> 0 | D57: =IF($W$41>1,IF($A57=D$45,INDEX($W$21:$W$40,$A57)*(INDEX($W$21:$W$40,$A57)-1),INDEX($W$21:$W$40,$A57)*INDEX($W$21:$W$40,D$45))/($W$41-1),0) -> 0 | E57: =IF($W$41>1,IF($A57=E$45,INDEX($W$21:$W$40,$A57)*(INDEX($W$21:$W$40,$A57)-1),INDEX($W$21:$W$40,$A57)*INDEX($W$21:$W$40,E$45))/($W$41-1),0) -> 0 | F57: =IF($W$41>1,IF($A57=F$45,INDEX($W$21:$W$40,$A57)*(INDEX($W$21:$W$40,$A57)-1),INDEX($W$21:$W$40,$A57)*INDEX($W$21:$W$40,F$45))/($W$41-1),0) -> 0 | G57: =IF($W$41>1,IF($A57=G$45,INDEX($W$21:$W$40,$A57)*(INDEX($W$21:$W$40,$A57)-1),INDEX($W$21:$W$40,$A57)*INDEX($W$21:$W$40,G$45))/($W$41-1),0) -> 0 | H57: =IF($W$41>1,IF($A57=H$45,INDEX($W$21:$W$40,$A57)*(INDEX($W$21:$W$40,$A57)-1),INDEX($W$21:$W$40,$A57)*INDEX($W$21:$W$40,H$45))/($W$41-1),0) -> 0 | I57: =IF($W$41>1,IF($A57=I$45,INDEX($W$21:$W$40,$A57)*(INDEX($W$21:$W$40,$A57)-1),INDEX($W$21:$W$40,$A57)*INDEX($W$21:$W$40,I$45))/($W$41-1),0) -> 0 | J57: =IF($W$41>1,IF($A57=J$45,INDEX($W$21:$W$40,$A57)*(INDEX($W$21:$W$40,$A57)-1),INDEX($W$21:$W$40,$A57)*INDEX($W$21:$W$40,J$45))/($W$41-1),0) -> 0 | ... V57: =IF($W$41>1,IF($A57=V$45,INDEX($W$21:$W$40,$A57)*(INDEX($W$21:$W$40,$A57)-1),INDEX($W$21:$W$40,$A57)*INDEX($W$21:$W$40,V$45))/($W$41-1),0) -> 0
A58: 12 | B58: =IF(Input!$H$21="","",Input!$H$21) | C58: =IF($W$41>1,IF($A58=C$45,INDEX($W$21:$W$40,$A58)*(INDEX($W$21:$W$40,$A58)-1),INDEX($W$21:$W$40,$A58)*INDEX($W$21:$W$40,C$45))/($W$41-1),0) -> 0 | D58: =IF($W$41>1,IF($A58=D$45,INDEX($W$21:$W$40,$A58)*(INDEX($W$21:$W$40,$A58)-1),INDEX($W$21:$W$40,$A58)*INDEX($W$21:$W$40,D$45))/($W$41-1),0) -> 0 | E58: =IF($W$41>1,IF($A58=E$45,INDEX($W$21:$W$40,$A58)*(INDEX($W$21:$W$40,$A58)-1),INDEX($W$21:$W$40,$A58)*INDEX($W$21:$W$40,E$45))/($W$41-1),0) -> 0 | F58: =IF($W$41>1,IF($A58=F$45,INDEX($W$21:$W$40,$A58)*(INDEX($W$21:$W$40,$A58)-1),INDEX($W$21:$W$40,$A58)*INDEX($W$21:$W$40,F$45))/($W$41-1),0) -> 0 | G58: =IF($W$41>1,IF($A58=G$45,INDEX($W$21:$W$40,$A58)*(INDEX($W$21:$W$40,$A58)-1),INDEX($W$21:$W$40,$A58)*INDEX($W$21:$W$40,G$45))/($W$41-1),0) -> 0 | H58: =IF($W$41>1,IF($A58=H$45,INDEX($W$21:$W$40,$A58)*(INDEX($W$21:$W$40,$A58)-1),INDEX($W$21:$W$40,$A58)*INDEX($W$21:$W$40,H$45))/($W$41-1),0) -> 0 | I58: =IF($W$41>1,IF($A58=I$45,INDEX($W$21:$W$40,$A58)*(INDEX($W$21:$W$40,$A58)-1),INDEX($W$21:$W$40,$A58)*INDEX($W$21:$W$40,I$45))/($W$41-1),0) -> 0 | J58: =IF($W$41>1,IF($A58=J$45,INDEX($W$21:$W$40,$A58)*(INDEX($W$21:$W$40,$A58)-1),INDEX($W$21:$W$40,$A58)*INDEX($W$21:$W$40,J$45))/($W$41-1),0) -> 0 | ... V58: =IF($W$41>1,IF($A58=V$45,INDEX($W$21:$W$40,$A58)*(INDEX($W$21:$W$40,$A58)-1),INDEX($W$21:$W$40,$A58)*INDEX($W$21:$W$40,V$45))/($W$41-1),0) -> 0
A59: 13 | B59: =IF(Input!$H$22="","",Input!$H$22) | C59: =IF($W$41>1,IF($A59=C$45,INDEX($W$21:$W$40,$A59)*(INDEX($W$21:$W$40,$A59)-1),INDEX($W$21:$W$40,$A59)*INDEX($W$21:$W$40,C$45))/($W$41-1),0) -> 0 | D59: =IF($W$41>1,IF($A59=D$45,INDEX($W$21:$W$40,$A59)*(INDEX($W$21:$W$40,$A59)-1),INDEX($W$21:$W$40,$A59)*INDEX($W$21:$W$40,D$45))/($W$41-1),0) -> 0 | E59: =IF($W$41>1,IF($A59=E$45,INDEX($W$21:$W$40,$A59)*(INDEX($W$21:$W$40,$A59)-1),INDEX($W$21:$W$40,$A59)*INDEX($W$21:$W$40,E$45))/($W$41-1),0) -> 0 | F59: =IF($W$41>1,IF($A59=F$45,INDEX($W$21:$W$40,$A59)*(INDEX($W$21:$W$40,$A59)-1),INDEX($W$21:$W$40,$A59)*INDEX($W$21:$W$40,F$45))/($W$41-1),0) -> 0 | G59: =IF($W$41>1,IF($A59=G$45,INDEX($W$21:$W$40,$A59)*(INDEX($W$21:$W$40,$A59)-1),INDEX($W$21:$W$40,$A59)*INDEX($W$21:$W$40,G$45))/($W$41-1),0) -> 0 | H59: =IF($W$41>1,IF($A59=H$45,INDEX($W$21:$W$40,$A59)*(INDEX($W$21:$W$40,$A59)-1),INDEX($W$21:$W$40,$A59)*INDEX($W$21:$W$40,H$45))/($W$41-1),0) -> 0 | I59: =IF($W$41>1,IF($A59=I$45,INDEX($W$21:$W$40,$A59)*(INDEX($W$21:$W$40,$A59)-1),INDEX($W$21:$W$40,$A59)*INDEX($W$21:$W$40,I$45))/($W$41-1),0) -> 0 | J59: =IF($W$41>1,IF($A59=J$45,INDEX($W$21:$W$40,$A59)*(INDEX($W$21:$W$40,$A59)-1),INDEX($W$21:$W$40,$A59)*INDEX($W$21:$W$40,J$45))/($W$41-1),0) -> 0 | ... V59: =IF($W$41>1,IF($A59=V$45,INDEX($W$21:$W$40,$A59)*(INDEX($W$21:$W$40,$A59)-1),INDEX($W$21:$W$40,$A59)*INDEX($W$21:$W$40,V$45))/($W$41-1),0) -> 0
A60: 14 | B60: =IF(Input!$H$23="","",Input!$H$23) | C60: =IF($W$41>1,IF($A60=C$45,INDEX($W$21:$W$40,$A60)*(INDEX($W$21:$W$40,$A60)-1),INDEX($W$21:$W$40,$A60)*INDEX($W$21:$W$40,C$45))/($W$41-1),0) -> 0 | D60: =IF($W$41>1,IF($A60=D$45,INDEX($W$21:$W$40,$A60)*(INDEX($W$21:$W$40,$A60)-1),INDEX($W$21:$W$40,$A60)*INDEX($W$21:$W$40,D$45))/($W$41-1),0) -> 0 | E60: =IF($W$41>1,IF($A60=E$45,INDEX($W$21:$W$40,$A60)*(INDEX($W$21:$W$40,$A60)-1),INDEX($W$21:$W$40,$A60)*INDEX($W$21:$W$40,E$45))/($W$41-1),0) -> 0 | F60: =IF($W$41>1,IF($A60=F$45,INDEX($W$21:$W$40,$A60)*(INDEX($W$21:$W$40,$A60)-1),INDEX($W$21:$W$40,$A60)*INDEX($W$21:$W$40,F$45))/($W$41-1),0) -> 0 | G60: =IF($W$41>1,IF($A60=G$45,INDEX($W$21:$W$40,$A60)*(INDEX($W$21:$W$40,$A60)-1),INDEX($W$21:$W$40,$A60)*INDEX($W$21:$W$40,G$45))/($W$41-1),0) -> 0 | H60: =IF($W$41>1,IF($A60=H$45,INDEX($W$21:$W$40,$A60)*(INDEX($W$21:$W$40,$A60)-1),INDEX($W$21:$W$40,$A60)*INDEX($W$21:$W$40,H$45))/($W$41-1),0) -> 0 | I60: =IF($W$41>1,IF($A60=I$45,INDEX($W$21:$W$40,$A60)*(INDEX($W$21:$W$40,$A60)-1),INDEX($W$21:$W$40,$A60)*INDEX($W$21:$W$40,I$45))/($W$41-1),0) -> 0 | J60: =IF($W$41>1,IF($A60=J$45,INDEX($W$21:$W$40,$A60)*(INDEX($W$21:$W$40,$A60)-1),INDEX($W$21:$W$40,$A60)*INDEX($W$21:$W$40,J$45))/($W$41-1),0) -> 0 | ... V60: =IF($W$41>1,IF($A60=V$45,INDEX($W$21:$W$40,$A60)*(INDEX($W$21:$W$40,$A60)-1),INDEX($W$21:$W$40,$A60)*INDEX($W$21:$W$40,V$45))/($W$41-1),0) -> 0
A61: 15 | B61: =IF(Input!$H$24="","",Input!$H$24) | C61: =IF($W$41>1,IF($A61=C$45,INDEX($W$21:$W$40,$A61)*(INDEX($W$21:$W$40,$A61)-1),INDEX($W$21:$W$40,$A61)*INDEX($W$21:$W$40,C$45))/($W$41-1),0) -> 0 | D61: =IF($W$41>1,IF($A61=D$45,INDEX($W$21:$W$40,$A61)*(INDEX($W$21:$W$40,$A61)-1),INDEX($W$21:$W$40,$A61)*INDEX($W$21:$W$40,D$45))/($W$41-1),0) -> 0 | E61: =IF($W$41>1,IF($A61=E$45,INDEX($W$21:$W$40,$A61)*(INDEX($W$21:$W$40,$A61)-1),INDEX($W$21:$W$40,$A61)*INDEX($W$21:$W$40,E$45))/($W$41-1),0) -> 0 | F61: =IF($W$41>1,IF($A61=F$45,INDEX($W$21:$W$40,$A61)*(INDEX($W$21:$W$40,$A61)-1),INDEX($W$21:$W$40,$A61)*INDEX($W$21:$W$40,F$45))/($W$41-1),0) -> 0 | G61: =IF($W$41>1,IF($A61=G$45,INDEX($W$21:$W$40,$A61)*(INDEX($W$21:$W$40,$A61)-1),INDEX($W$21:$W$40,$A61)*INDEX($W$21:$W$40,G$45))/($W$41-1),0) -> 0 | H61: =IF($W$41>1,IF($A61=H$45,INDEX($W$21:$W$40,$A61)*(INDEX($W$21:$W$40,$A61)-1),INDEX($W$21:$W$40,$A61)*INDEX($W$21:$W$40,H$45))/($W$41-1),0) -> 0 | I61: =IF($W$41>1,IF($A61=I$45,INDEX($W$21:$W$40,$A61)*(INDEX($W$21:$W$40,$A61)-1),INDEX($W$21:$W$40,$A61)*INDEX($W$21:$W$40,I$45))/($W$41-1),0) -> 0 | J61: =IF($W$41>1,IF($A61=J$45,INDEX($W$21:$W$40,$A61)*(INDEX($W$21:$W$40,$A61)-1),INDEX($W$21:$W$40,$A61)*INDEX($W$21:$W$40,J$45))/($W$41-1),0) -> 0 | ... V61: =IF($W$41>1,IF($A61=V$45,INDEX($W$21:$W$40,$A61)*(INDEX($W$21:$W$40,$A61)-1),INDEX($W$21:$W$40,$A61)*INDEX($W$21:$W$40,V$45))/($W$41-1),0) -> 0
A62: 16 | B62: =IF(Input!$H$25="","",Input!$H$25) | C62: =IF($W$41>1,IF($A62=C$45,INDEX($W$21:$W$40,$A62)*(INDEX($W$21:$W$40,$A62)-1),INDEX($W$21:$W$40,$A62)*INDEX($W$21:$W$40,C$45))/($W$41-1),0) -> 0 | D62: =IF($W$41>1,IF($A62=D$45,INDEX($W$21:$W$40,$A62)*(INDEX($W$21:$W$40,$A62)-1),INDEX($W$21:$W$40,$A62)*INDEX($W$21:$W$40,D$45))/($W$41-1),0) -> 0 | E62: =IF($W$41>1,IF($A62=E$45,INDEX($W$21:$W$40,$A62)*(INDEX($W$21:$W$40,$A62)-1),INDEX($W$21:$W$40,$A62)*INDEX($W$21:$W$40,E$45))/($W$41-1),0) -> 0 | F62: =IF($W$41>1,IF($A62=F$45,INDEX($W$21:$W$40,$A62)*(INDEX($W$21:$W$40,$A62)-1),INDEX($W$21:$W$40,$A62)*INDEX($W$21:$W$40,F$45))/($W$41-1),0) -> 0 | G62: =IF($W$41>1,IF($A62=G$45,INDEX($W$21:$W$40,$A62)*(INDEX($W$21:$W$40,$A62)-1),INDEX($W$21:$W$40,$A62)*INDEX($W$21:$W$40,G$45))/($W$41-1),0) -> 0 | H62: =IF($W$41>1,IF($A62=H$45,INDEX($W$21:$W$40,$A62)*(INDEX($W$21:$W$40,$A62)-1),INDEX($W$21:$W$40,$A62)*INDEX($W$21:$W$40,H$45))/($W$41-1),0) -> 0 | I62: =IF($W$41>1,IF($A62=I$45,INDEX($W$21:$W$40,$A62)*(INDEX($W$21:$W$40,$A62)-1),INDEX($W$21:$W$40,$A62)*INDEX($W$21:$W$40,I$45))/($W$41-1),0) -> 0 | J62: =IF($W$41>1,IF($A62=J$45,INDEX($W$21:$W$40,$A62)*(INDEX($W$21:$W$40,$A62)-1),INDEX($W$21:$W$40,$A62)*INDEX($W$21:$W$40,J$45))/($W$41-1),0) -> 0 | ... V62: =IF($W$41>1,IF($A62=V$45,INDEX($W$21:$W$40,$A62)*(INDEX($W$21:$W$40,$A62)-1),INDEX($W$21:$W$40,$A62)*INDEX($W$21:$W$40,V$45))/($W$41-1),0) -> 0
A63: 17 | B63: =IF(Input!$H$26="","",Input!$H$26) | C63: =IF($W$41>1,IF($A63=C$45,INDEX($W$21:$W$40,$A63)*(INDEX($W$21:$W$40,$A63)-1),INDEX($W$21:$W$40,$A63)*INDEX($W$21:$W$40,C$45))/($W$41-1),0) -> 0 | D63: =IF($W$41>1,IF($A63=D$45,INDEX($W$21:$W$40,$A63)*(INDEX($W$21:$W$40,$A63)-1),INDEX($W$21:$W$40,$A63)*INDEX($W$21:$W$40,D$45))/($W$41-1),0) -> 0 | E63: =IF($W$41>1,IF($A63=E$45,INDEX($W$21:$W$40,$A63)*(INDEX($W$21:$W$40,$A63)-1),INDEX($W$21:$W$40,$A63)*INDEX($W$21:$W$40,E$45))/($W$41-1),0) -> 0 | F63: =IF($W$41>1,IF($A63=F$45,INDEX($W$21:$W$40,$A63)*(INDEX($W$21:$W$40,$A63)-1),INDEX($W$21:$W$40,$A63)*INDEX($W$21:$W$40,F$45))/($W$41-1),0) -> 0 | G63: =IF($W$41>1,IF($A63=G$45,INDEX($W$21:$W$40,$A63)*(INDEX($W$21:$W$40,$A63)-1),INDEX($W$21:$W$40,$A63)*INDEX($W$21:$W$40,G$45))/($W$41-1),0) -> 0 | H63: =IF($W$41>1,IF($A63=H$45,INDEX($W$21:$W$40,$A63)*(INDEX($W$21:$W$40,$A63)-1),INDEX($W$21:$W$40,$A63)*INDEX($W$21:$W$40,H$45))/($W$41-1),0) -> 0 | I63: =IF($W$41>1,IF($A63=I$45,INDEX($W$21:$W$40,$A63)*(INDEX($W$21:$W$40,$A63)-1),INDEX($W$21:$W$40,$A63)*INDEX($W$21:$W$40,I$45))/($W$41-1),0) -> 0 | J63: =IF($W$41>1,IF($A63=J$45,INDEX($W$21:$W$40,$A63)*(INDEX($W$21:$W$40,$A63)-1),INDEX($W$21:$W$40,$A63)*INDEX($W$21:$W$40,J$45))/($W$41-1),0) -> 0 | ... V63: =IF($W$41>1,IF($A63=V$45,INDEX($W$21:$W$40,$A63)*(INDEX($W$21:$W$40,$A63)-1),INDEX($W$21:$W$40,$A63)*INDEX($W$21:$W$40,V$45))/($W$41-1),0) -> 0
A64: 18 | B64: =IF(Input!$H$27="","",Input!$H$27) | C64: =IF($W$41>1,IF($A64=C$45,INDEX($W$21:$W$40,$A64)*(INDEX($W$21:$W$40,$A64)-1),INDEX($W$21:$W$40,$A64)*INDEX($W$21:$W$40,C$45))/($W$41-1),0) -> 0 | D64: =IF($W$41>1,IF($A64=D$45,INDEX($W$21:$W$40,$A64)*(INDEX($W$21:$W$40,$A64)-1),INDEX($W$21:$W$40,$A64)*INDEX($W$21:$W$40,D$45))/($W$41-1),0) -> 0 | E64: =IF($W$41>1,IF($A64=E$45,INDEX($W$21:$W$40,$A64)*(INDEX($W$21:$W$40,$A64)-1),INDEX($W$21:$W$40,$A64)*INDEX($W$21:$W$40,E$45))/($W$41-1),0) -> 0 | F64: =IF($W$41>1,IF($A64=F$45,INDEX($W$21:$W$40,$A64)*(INDEX($W$21:$W$40,$A64)-1),INDEX($W$21:$W$40,$A64)*INDEX($W$21:$W$40,F$45))/($W$41-1),0) -> 0 | G64: =IF($W$41>1,IF($A64=G$45,INDEX($W$21:$W$40,$A64)*(INDEX($W$21:$W$40,$A64)-1),INDEX($W$21:$W$40,$A64)*INDEX($W$21:$W$40,G$45))/($W$41-1),0) -> 0 | H64: =IF($W$41>1,IF($A64=H$45,INDEX($W$21:$W$40,$A64)*(INDEX($W$21:$W$40,$A64)-1),INDEX($W$21:$W$40,$A64)*INDEX($W$21:$W$40,H$45))/($W$41-1),0) -> 0 | I64: =IF($W$41>1,IF($A64=I$45,INDEX($W$21:$W$40,$A64)*(INDEX($W$21:$W$40,$A64)-1),INDEX($W$21:$W$40,$A64)*INDEX($W$21:$W$40,I$45))/($W$41-1),0) -> 0 | J64: =IF($W$41>1,IF($A64=J$45,INDEX($W$21:$W$40,$A64)*(INDEX($W$21:$W$40,$A64)-1),INDEX($W$21:$W$40,$A64)*INDEX($W$21:$W$40,J$45))/($W$41-1),0) -> 0 | ... V64: =IF($W$41>1,IF($A64=V$45,INDEX($W$21:$W$40,$A64)*(INDEX($W$21:$W$40,$A64)-1),INDEX($W$21:$W$40,$A64)*INDEX($W$21:$W$40,V$45))/($W$41-1),0) -> 0
A65: 19 | B65: =IF(Input!$H$28="","",Input!$H$28) | C65: =IF($W$41>1,IF($A65=C$45,INDEX($W$21:$W$40,$A65)*(INDEX($W$21:$W$40,$A65)-1),INDEX($W$21:$W$40,$A65)*INDEX($W$21:$W$40,C$45))/($W$41-1),0) -> 0 | D65: =IF($W$41>1,IF($A65=D$45,INDEX($W$21:$W$40,$A65)*(INDEX($W$21:$W$40,$A65)-1),INDEX($W$21:$W$40,$A65)*INDEX($W$21:$W$40,D$45))/($W$41-1),0) -> 0 | E65: =IF($W$41>1,IF($A65=E$45,INDEX($W$21:$W$40,$A65)*(INDEX($W$21:$W$40,$A65)-1),INDEX($W$21:$W$40,$A65)*INDEX($W$21:$W$40,E$45))/($W$41-1),0) -> 0 | F65: =IF($W$41>1,IF($A65=F$45,INDEX($W$21:$W$40,$A65)*(INDEX($W$21:$W$40,$A65)-1),INDEX($W$21:$W$40,$A65)*INDEX($W$21:$W$40,F$45))/($W$41-1),0) -> 0 | G65: =IF($W$41>1,IF($A65=G$45,INDEX($W$21:$W$40,$A65)*(INDEX($W$21:$W$40,$A65)-1),INDEX($W$21:$W$40,$A65)*INDEX($W$21:$W$40,G$45))/($W$41-1),0) -> 0 | H65: =IF($W$41>1,IF($A65=H$45,INDEX($W$21:$W$40,$A65)*(INDEX($W$21:$W$40,$A65)-1),INDEX($W$21:$W$40,$A65)*INDEX($W$21:$W$40,H$45))/($W$41-1),0) -> 0 | I65: =IF($W$41>1,IF($A65=I$45,INDEX($W$21:$W$40,$A65)*(INDEX($W$21:$W$40,$A65)-1),INDEX($W$21:$W$40,$A65)*INDEX($W$21:$W$40,I$45))/($W$41-1),0) -> 0 | J65: =IF($W$41>1,IF($A65=J$45,INDEX($W$21:$W$40,$A65)*(INDEX($W$21:$W$40,$A65)-1),INDEX($W$21:$W$40,$A65)*INDEX($W$21:$W$40,J$45))/($W$41-1),0) -> 0 | ... V65: =IF($W$41>1,IF($A65=V$45,INDEX($W$21:$W$40,$A65)*(INDEX($W$21:$W$40,$A65)-1),INDEX($W$21:$W$40,$A65)*INDEX($W$21:$W$40,V$45))/($W$41-1),0) -> 0
A66: 20 | B66: =IF(Input!$H$29="","",Input!$H$29) | C66: =IF($W$41>1,IF($A66=C$45,INDEX($W$21:$W$40,$A66)*(INDEX($W$21:$W$40,$A66)-1),INDEX($W$21:$W$40,$A66)*INDEX($W$21:$W$40,C$45))/($W$41-1),0) -> 0 | D66: =IF($W$41>1,IF($A66=D$45,INDEX($W$21:$W$40,$A66)*(INDEX($W$21:$W$40,$A66)-1),INDEX($W$21:$W$40,$A66)*INDEX($W$21:$W$40,D$45))/($W$41-1),0) -> 0 | E66: =IF($W$41>1,IF($A66=E$45,INDEX($W$21:$W$40,$A66)*(INDEX($W$21:$W$40,$A66)-1),INDEX($W$21:$W$40,$A66)*INDEX($W$21:$W$40,E$45))/($W$41-1),0) -> 0 | F66: =IF($W$41>1,IF($A66=F$45,INDEX($W$21:$W$40,$A66)*(INDEX($W$21:$W$40,$A66)-1),INDEX($W$21:$W$40,$A66)*INDEX($W$21:$W$40,F$45))/($W$41-1),0) -> 0 | G66: =IF($W$41>1,IF($A66=G$45,INDEX($W$21:$W$40,$A66)*(INDEX($W$21:$W$40,$A66)-1),INDEX($W$21:$W$40,$A66)*INDEX($W$21:$W$40,G$45))/($W$41-1),0) -> 0 | H66: =IF($W$41>1,IF($A66=H$45,INDEX($W$21:$W$40,$A66)*(INDEX($W$21:$W$40,$A66)-1),INDEX($W$21:$W$40,$A66)*INDEX($W$21:$W$40,H$45))/($W$41-1),0) -> 0 | I66: =IF($W$41>1,IF($A66=I$45,INDEX($W$21:$W$40,$A66)*(INDEX($W$21:$W$40,$A66)-1),INDEX($W$21:$W$40,$A66)*INDEX($W$21:$W$40,I$45))/($W$41-1),0) -> 0 | J66: =IF($W$41>1,IF($A66=J$45,INDEX($W$21:$W$40,$A66)*(INDEX($W$21:$W$40,$A66)-1),INDEX($W$21:$W$40,$A66)*INDEX($W$21:$W$40,J$45))/($W$41-1),0) -> 0 | ... V66: =IF($W$41>1,IF($A66=V$45,INDEX($W$21:$W$40,$A66)*(INDEX($W$21:$W$40,$A66)-1),INDEX($W$21:$W$40,$A66)*INDEX($W$21:$W$40,V$45))/($W$41-1),0) -> 0
A69: 3. Matriks Selisih Kuadrat (δ²_ck) – nominal: 0/1; ordinal: (Σn_g − (n_c+n_k)/2)²
A70: c \ k | B70: Kategori | C70: 1 | D70: 2 | E70: 3 | F70: 4 | G70: 5 | H70: 6 | I70: 7 | J70: 8 | K70: 9 | L70: 10 | M70: 11 | N70: 12 | O70: 13 | P70: 14 | Q70: 15 | R70: 16 | S70: 17 | T70: 18 | U70: 19 | V70: 20
C71: =IF(Input!$H$10="","",Input!$H$10) -> K1 | D71: =IF(Input!$H$11="","",Input!$H$11) -> K2 | E71: =IF(Input!$H$12="","",Input!$H$12) -> K3 | F71: =IF(Input!$H$13="","",Input!$H$13) -> K4 | G71: =IF(Input!$H$14="","",Input!$H$14) -> K5 | H71: =IF(Input!$H$15="","",Input!$H$15) | I71: =IF(Input!$H$16="","",Input!$H$16) | J71: =IF(Input!$H$17="","",Input!$H$17) | K71: =IF(Input!$H$18="","",Input!$H$18) | L71: =IF(Input!$H$19="","",Input!$H$19) | M71: =IF(Input!$H$20="","",Input!$H$20) | N71: =IF(Input!$H$21="","",Input!$H$21) | O71: =IF(Input!$H$22="","",Input!$H$22) | P71: =IF(Input!$H$23="","",Input!$H$23) | Q71: =IF(Input!$H$24="","",Input!$H$24) | R71: =IF(Input!$H$25="","",Input!$H$25) | S71: =IF(Input!$H$26="","",Input!$H$26) | T71: =IF(Input!$H$27="","",Input!$H$27) | U71: =IF(Input!$H$28="","",Input!$H$28) | V71: =IF(Input!$H$29="","",Input!$H$29)
A72: 1 | B72: =IF(Input!$H$10="","",Input!$H$10) -> K1 | C72: =IF($A72=C$70,0,IF(Input!$H$5="Nominal",1,(SUM(INDEX($W$21:$W$40,MIN($A72,C$70)):INDEX($W$21:$W$40,MAX($A72,C$70)))-(INDEX($W$21:$W$40,$A72)+INDEX($W$21:$W$40,C$70))/2)^2)) -> 0 | D72: =IF($A72=D$70,0,IF(Input!$H$5="Nominal",1,(SUM(INDEX($W$21:$W$40,MIN($A72,D$70)):INDEX($W$21:$W$40,MAX($A72,D$70)))-(INDEX($W$21:$W$40,$A72)+INDEX($W$21:$W$40,D$70))/2)^2)) -> 1 | E72: =IF($A72=E$70,0,IF(Input!$H$5="Nominal",1,(SUM(INDEX($W$21:$W$40,MIN($A72,E$70)):INDEX($W$21:$W$40,MAX($A72,E$70)))-(INDEX($W$21:$W$40,$A72)+INDEX($W$21:$W$40,E$70))/2)^2)) -> 1 | F72: =IF($A72=F$70,0,IF(Input!$H$5="Nominal",1,(SUM(INDEX($W$21:$W$40,MIN($A72,F$70)):INDEX($W$21:$W$40,MAX($A72,F$70)))-(INDEX($W$21:$W$40,$A72)+INDEX($W$21:$W$40,F$70))/2)^2)) -> 1 | G72: =IF($A72=G$70,0,IF(Input!$H$5="Nominal",1,(SUM(INDEX($W$21:$W$40,MIN($A72,G$70)):INDEX($W$21:$W$40,MAX($A72,G$70)))-(INDEX($W$21:$W$40,$A72)+INDEX($W$21:$W$40,G$70))/2)^2)) -> 1 | H72: =IF($A72=H$70,0,IF(Input!$H$5="Nominal",1,(SUM(INDEX($W$21:$W$40,MIN($A72,H$70)):INDEX($W$21:$W$40,MAX($A72,H$70)))-(INDEX($W$21:$W$40,$A72)+INDEX($W$21:$W$40,H$70))/2)^2)) -> 1 | I72: =IF($A72=I$70,0,IF(Input!$H$5="Nominal",1,(SUM(INDEX($W$21:$W$40,MIN($A72,I$70)):INDEX($W$21:$W$40,MAX($A72,I$70)))-(INDEX($W$21:$W$40,$A72)+INDEX($W$21:$W$40,I$70))/2)^2)) -> 1 | J72: =IF($A72=J$70,0,IF(Input!$H$5="Nominal",1,(SUM(INDEX($W$21:$W$40,MIN($A72,J$70)):INDEX($W$21:$W$40,MAX($A72,J$70)))-(INDEX($W$21:$W$40,$A72)+INDEX($W$21:$W$40,J$70))/2)^2)) -> 1 | ... V72: =IF($A72=V$70,0,IF(Input!$H$5="Nominal",1,(SUM(INDEX($W$21:$W$40,MIN($A72,V$70)):INDEX($W$21:$W$40,MAX($A72,V$70)))-(INDEX($W$21:$W$40,$A72)+INDEX($W$21:$W$40,V$70))/2)^2)) -> 1
A73: 2 | B73: =IF(Input!$H$11="","",Input!$H$11) -> K2 | C73: =IF($A73=C$70,0,IF(Input!$H$5="Nominal",1,(SUM(INDEX($W$21:$W$40,MIN($A73,C$70)):INDEX($W$21:$W$40,MAX($A73,C$70)))-(INDEX($W$21:$W$40,$A73)+INDEX($W$21:$W$40,C$70))/2)^2)) -> 1 | D73: =IF($A73=D$70,0,IF(Input!$H$5="Nominal",1,(SUM(INDEX($W$21:$W$40,MIN($A73,D$70)):INDEX($W$21:$W$40,MAX($A73,D$70)))-(INDEX($W$21:$W$40,$A73)+INDEX($W$21:$W$40,D$70))/2)^2)) -> 0 | E73: =IF($A73=E$70,0,IF(Input!$H$5="Nominal",1,(SUM(INDEX($W$21:$W$40,MIN($A73,E$70)):INDEX($W$21:$W$40,MAX($A73,E$70)))-(INDEX($W$21:$W$40,$A73)+INDEX($W$21:$W$40,E$70))/2)^2)) -> 1 | F73: =IF($A73=F$70,0,IF(Input!$H$5="Nominal",1,(SUM(INDEX($W$21:$W$40,MIN($A73,F$70)):INDEX($W$21:$W$40,MAX($A73,F$70)))-(INDEX($W$21:$W$40,$A73)+INDEX($W$21:$W$40,F$70))/2)^2)) -> 1 | G73: =IF($A73=G$70,0,IF(Input!$H$5="Nominal",1,(SUM(INDEX($W$21:$W$40,MIN($A73,G$70)):INDEX($W$21:$W$40,MAX($A73,G$70)))-(INDEX($W$21:$W$40,$A73)+INDEX($W$21:$W$40,G$70))/2)^2)) -> 1 | H73: =IF($A73=H$70,0,IF(Input!$H$5="Nominal",1,(SUM(INDEX($W$21:$W$40,MIN($A73,H$70)):INDEX($W$21:$W$40,MAX($A73,H$70)))-(INDEX($W$21:$W$40,$A73)+INDEX($W$21:$W$40,H$70))/2)^2)) -> 1 | I73: =IF($A73=I$70,0,IF(Input!$H$5="Nominal",1,(SUM(INDEX($W$21:$W$40,MIN($A73,I$70)):INDEX($W$21:$W$40,MAX($A73,I$70)))-(INDEX($W$21:$W$40,$A73)+INDEX($W$21:$W$40,I$70))/2)^2)) -> 1 | J73: =IF($A73=J$70,0,IF(Input!$H$5="Nominal",1,(SUM(INDEX($W$21:$W$40,MIN($A73,J$70)):INDEX($W$21:$W$40,MAX($A73,J$70)))-(INDEX($W$21:$W$40,$A73)+INDEX($W$21:$W$40,J$70))/2)^2)) -> 1 | ... V73: =IF($A73=V$70,0,IF(Input!$H$5="Nominal",1,(SUM(INDEX($W$21:$W$40,MIN($A73,V$70)):INDEX($W$21:$W$40,MAX($A73,V$70)))-(INDEX($W$21:$W$40,$A73)+INDEX($W$21:$W$40,V$70))/2)^2)) -> 1
A74: 3 | B74: =IF(Input!$H$12="","",Input!$H$12) -> K3 | C74: =IF($A74=C$70,0,IF(Input!$H$5="Nominal",1,(SUM(INDEX($W$21:$W$40,MIN($A74,C$70)):INDEX($W$21:$W$40,MAX($A74,C$70)))-(INDEX($W$21:$W$40,$A74)+INDEX($W$21:$W$40,C$70))/2)^2)) -> 1 | D74: =IF($A74=D$70,0,IF(Input!$H$5="Nominal",1,(SUM(INDEX($W$21:$W$40,MIN($A74,D$70)):INDEX($W$21:$W$40,MAX($A74,D$70)))-(INDEX($W$21:$W$40,$A74)+INDEX($W$21:$W$40,D$70))/2)^2)) -> 1 | E74: =IF($A74=E$70,0,IF(Input!$H$5="Nominal",1,(SUM(INDEX($W$21:$W$40,MIN($A74,E$70)):INDEX($W$21:$W$40,MAX($A74,E$70)))-(INDEX($W$21:$W$40,$A74)+INDEX($W$21:$W$40,E$70))/2)^2)) -> 0 | F74: =IF($A74=F$70,0,IF(Input!$H$5="Nominal",1,(SUM(INDEX($W$21:$W$40,MIN($A74,F$70)):INDEX($W$21:$W$40,MAX($A74,F$70)))-(INDEX($W$21:$W$40,$A74)+INDEX($W$21:$W$40,F$70))/2)^2)) -> 1 | G74: =IF($A74=G$70,0,IF(Input!$H$5="Nominal",1,(SUM(INDEX($W$21:$W$40,MIN($A74,G$70)):INDEX($W$21:$W$40,MAX($A74,G$70)))-(INDEX($W$21:$W$40,$A74)+INDEX($W$21:$W$40,G$70))/2)^2)) -> 1 | H74: =IF($A74=H$70,0,IF(Input!$H$5="Nominal",1,(SUM(INDEX($W$21:$W$40,MIN($A74,H$70)):INDEX($W$21:$W$40,MAX($A74,H$70)))-(INDEX($W$21:$W$40,$A74)+INDEX($W$21:$W$40,H$70))/2)^2)) -> 1 | I74: =IF($A74=I$70,0,IF(Input!$H$5="Nominal",1,(SUM(INDEX($W$21:$W$40,MIN($A74,I$70)):INDEX($W$21:$W$40,MAX($A74,I$70)))-(INDEX($W$21:$W$40,$A74)+INDEX($W$21:$W$40,I$70))/2)^2)) -> 1 | J74: =IF($A74=J$70,0,IF(Input!$H$5="Nominal",1,(SUM(INDEX($W$21:$W$40,MIN($A74,J$70)):INDEX($W$21:$W$40,MAX($A74,J$70)))-(INDEX($W$21:$W$40,$A74)+INDEX($W$21:$W$40,J$70))/2)^2)) -> 1 | ... V74: =IF($A74=V$70,0,IF(Input!$H$5="Nominal",1,(SUM(INDEX($W$21:$W$40,MIN($A74,V$70)):INDEX($W$21:$W$40,MAX($A74,V$70)))-(INDEX($W$21:$W$40,$A74)+INDEX($W$21:$W$40,V$70))/2)^2)) -> 1
A75: 4 | B75: =IF(Input!$H$13="","",Input!$H$13) -> K4 | C75: =IF($A75=C$70,0,IF(Input!$H$5="Nominal",1,(SUM(INDEX($W$21:$W$40,MIN($A75,C$70)):INDEX($W$21:$W$40,MAX($A75,C$70)))-(INDEX($W$21:$W$40,$A75)+INDEX($W$21:$W$40,C$70))/2)^2)) -> 1 | D75: =IF($A75=D$70,0,IF(Input!$H$5="Nominal",1,(SUM(INDEX($W$21:$W$40,MIN($A75,D$70)):INDEX($W$21:$W$40,MAX($A75,D$70)))-(INDEX($W$21:$W$40,$A75)+INDEX($W$21:$W$40,D$70))/2)^2)) -> 1 | E75: =IF($A75=E$70,0,IF(Input!$H$5="Nominal",1,(SUM(INDEX($W$21:$W$40,MIN($A75,E$70)):INDEX($W$21:$W$40,MAX($A75,E$70)))-(INDEX($W$21:$W$40,$A75)+INDEX($W$21:$W$40,E$70))/2)^2)) -> 1 | F75: =IF($A75=F$70,0,IF(Input!$H$5="Nominal",1,(SUM(INDEX($W$21:$W$40,MIN($A75,F$70)):INDEX($W$21:$W$40,MAX($A75,F$70)))-(INDEX($W$21:$W$40,$A75)+INDEX($W$21:$W$40,F$70))/2)^2)) -> 0 | G75: =IF($A75=G$70,0,IF(Input!$H$5="Nominal",1,(SUM(INDEX($W$21:$W$40,MIN($A75,G$70)):INDEX($W$21:$W$40,MAX($A75,G$70)))-(INDEX($W$21:$W$40,$A75)+INDEX($W$21:$W$40,G$70))/2)^2)) -> 1 | H75: =IF($A75=H$70,0,IF(Input!$H$5="Nominal",1,(SUM(INDEX($W$21:$W$40,MIN($A75,H$70)):INDEX($W$21:$W$40,MAX($A75,H$70)))-(INDEX($W$21:$W$40,$A75)+INDEX($W$21:$W$40,H$70))/2)^2)) -> 1 | I75: =IF($A75=I$70,0,IF(Input!$H$5="Nominal",1,(SUM(INDEX($W$21:$W$40,MIN($A75,I$70)):INDEX($W$21:$W$40,MAX($A75,I$70)))-(INDEX($W$21:$W$40,$A75)+INDEX($W$21:$W$40,I$70))/2)^2)) -> 1 | J75: =IF($A75=J$70,0,IF(Input!$H$5="Nominal",1,(SUM(INDEX($W$21:$W$40,MIN($A75,J$70)):INDEX($W$21:$W$40,MAX($A75,J$70)))-(INDEX($W$21:$W$40,$A75)+INDEX($W$21:$W$40,J$70))/2)^2)) -> 1 | ... V75: =IF($A75=V$70,0,IF(Input!$H$5="Nominal",1,(SUM(INDEX($W$21:$W$40,MIN($A75,V$70)):INDEX($W$21:$W$40,MAX($A75,V$70)))-(INDEX($W$21:$W$40,$A75)+INDEX($W$21:$W$40,V$70))/2)^2)) -> 1
A76: 5 | B76: =IF(Input!$H$14="","",Input!$H$14) -> K5 | C76: =IF($A76=C$70,0,IF(Input!$H$5="Nominal",1,(SUM(INDEX($W$21:$W$40,MIN($A76,C$70)):INDEX($W$21:$W$40,MAX($A76,C$70)))-(INDEX($W$21:$W$40,$A76)+INDEX($W$21:$W$40,C$70))/2)^2)) -> 1 | D76: =IF($A76=D$70,0,IF(Input!$H$5="Nominal",1,(SUM(INDEX($W$21:$W$40,MIN($A76,D$70)):INDEX($W$21:$W$40,MAX($A76,D$70)))-(INDEX($W$21:$W$40,$A76)+INDEX($W$21:$W$40,D$70))/2)^2)) -> 1 | E76: =IF($A76=E$70,0,IF(Input!$H$5="Nominal",1,(SUM(INDEX($W$21:$W$40,MIN($A76,E$70)):INDEX($W$21:$W$40,MAX($A76,E$70)))-(INDEX($W$21:$W$40,$A76)+INDEX($W$21:$W$40,E$70))/2)^2)) -> 1 | F76: =IF($A76=F$70,0,IF(Input!$H$5="Nominal",1,(SUM(INDEX($W$21:$W$40,MIN($A76,F$70)):INDEX($W$21:$W$40,MAX($A76,F$70)))-(INDEX($W$21:$W$40,$A76)+INDEX($W$21:$W$40,F$70))/2)^2)) -> 1 | G76: =IF($A76=G$70,0,IF(Input!$H$5="Nominal",1,(SUM(INDEX($W$21:$W$40,MIN($A76,G$70)):INDEX($W$21:$W$40,MAX($A76,G$70)))-(INDEX($W$21:$W$40,$A76)+INDEX($W$21:$W$40,G$70))/2)^2)) -> 0 | H76: =IF($A76=H$70,0,IF(Input!$H$5="Nominal",1,(SUM(INDEX($W$21:$W$40,MIN($A76,H$70)):INDEX($W$21:$W$40,MAX($A76,H$70)))-(INDEX($W$21:$W$40,$A76)+INDEX($W$21:$W$40,H$70))/2)^2)) -> 1 | I76: =IF($A76=I$70,0,IF(Input!$H$5="Nominal",1,(SUM(INDEX($W$21:$W$40,MIN($A76,I$70)):INDEX($W$21:$W$40,MAX($A76,I$70)))-(INDEX($W$21:$W$40,$A76)+INDEX($W$21:$W$40,I$70))/2)^2)) -> 1 | J76: =IF($A76=J$70,0,IF(Input!$H$5="Nominal",1,(SUM(INDEX($W$21:$W$40,MIN($A76,J$70)):INDEX($W$21:$W$40,MAX($A76,J$70)))-(INDEX($W$21:$W$40,$A76)+INDEX($W$21:$W$40,J$70))/2)^2)) -> 1 | ... V76: =IF($A76=V$70,0,IF(Input!$H$5="Nominal",1,(SUM(INDEX($W$21:$W$40,MIN($A76,V$70)):INDEX($W$21:$W$40,MAX($A76,V$70)))-(INDEX($W$21:$W$40,$A76)+INDEX($W$21:$W$40,V$70))/2)^2)) -> 1
A77: 6 | B77: =IF(Input!$H$15="","",Input!$H$15) | C77: =IF($A77=C$70,0,IF(Input!$H$5="Nominal",1,(SUM(INDEX($W$21:$W$40,MIN($A77,C$70)):INDEX($W$21:$W$40,MAX($A77,C$70)))-(INDEX($W$21:$W$40,$A77)+INDEX($W$21:$W$40,C$70))/2)^2)) -> 1 | D77: =IF($A77=D$70,0,IF(Input!$H$5="Nominal",1,(SUM(INDEX($W$21:$W$40,MIN($A77,D$70)):INDEX($W$21:$W$40,MAX($A77,D$70)))-(INDEX($W$21:$W$40,$A77)+INDEX($W$21:$W$40,D$70))/2)^2)) -> 1 | E77: =IF($A77=E$70,0,IF(Input!$H$5="Nominal",1,(SUM(INDEX($W$21:$W$40,MIN($A77,E$70)):INDEX($W$21:$W$40,MAX($A77,E$70)))-(INDEX($W$21:$W$40,$A77)+INDEX($W$21:$W$40,E$70))/2)^2)) -> 1 | F77: =IF($A77=F$70,0,IF(Input!$H$5="Nominal",1,(SUM(INDEX($W$21:$W$40,MIN($A77,F$70)):INDEX($W$21:$W$40,MAX($A77,F$70)))-(INDEX($W$21:$W$40,$A77)+INDEX($W$21:$W$40,F$70))/2)^2)) -> 1 | G77: =IF($A77=G$70,0,IF(Input!$H$5="Nominal",1,(SUM(INDEX($W$21:$W$40,MIN($A77,G$70)):INDEX($W$21:$W$40,MAX($A77,G$70)))-(INDEX($W$21:$W$40,$A77)+INDEX($W$21:$W$40,G$70))/2)^2)) -> 1 | H77: =IF($A77=H$70,0,IF(Input!$H$5="Nominal",1,(SUM(INDEX($W$21:$W$40,MIN($A77,H$70)):INDEX($W$21:$W$40,MAX($A77,H$70)))-(INDEX($W$21:$W$40,$A77)+INDEX($W$21:$W$40,H$70))/2)^2)) -> 0 | I77: =IF($A77=I$70,0,IF(Input!$H$5="Nominal",1,(SUM(INDEX($W$21:$W$40,MIN($A77,I$70)):INDEX($W$21:$W$40,MAX($A77,I$70)))-(INDEX($W$21:$W$40,$A77)+INDEX($W$21:$W$40,I$70))/2)^2)) -> 1 | J77: =IF($A77=J$70,0,IF(Input!$H$5="Nominal",1,(SUM(INDEX($W$21:$W$40,MIN($A77,J$70)):INDEX($W$21:$W$40,MAX($A77,J$70)))-(INDEX($W$21:$W$40,$A77)+INDEX($W$21:$W$40,J$70))/2)^2)) -> 1 | ... V77: =IF($A77=V$70,0,IF(Input!$H$5="Nominal",1,(SUM(INDEX($W$21:$W$40,MIN($A77,V$70)):INDEX($W$21:$W$40,MAX($A77,V$70)))-(INDEX($W$21:$W$40,$A77)+INDEX($W$21:$W$40,V$70))/2)^2)) -> 1
A78: 7 | B78: =IF(Input!$H$16="","",Input!$H$16) | C78: =IF($A78=C$70,0,IF(Input!$H$5="Nominal",1,(SUM(INDEX($W$21:$W$40,MIN($A78,C$70)):INDEX($W$21:$W$40,MAX($A78,C$70)))-(INDEX($W$21:$W$40,$A78)+INDEX($W$21:$W$40,C$70))/2)^2)) -> 1 | D78: =IF($A78=D$70,0,IF(Input!$H$5="Nominal",1,(SUM(INDEX($W$21:$W$40,MIN($A78,D$70)):INDEX($W$21:$W$40,MAX($A78,D$70)))-(INDEX($W$21:$W$40,$A78)+INDEX($W$21:$W$40,D$70))/2)^2)) -> 1 | E78: =IF($A78=E$70,0,IF(Input!$H$5="Nominal",1,(SUM(INDEX($W$21:$W$40,MIN($A78,E$70)):INDEX($W$21:$W$40,MAX($A78,E$70)))-(INDEX($W$21:$W$40,$A78)+INDEX($W$21:$W$40,E$70))/2)^2)) -> 1 | F78: =IF($A78=F$70,0,IF(Input!$H$5="Nominal",1,(SUM(INDEX($W$21:$W$40,MIN($A78,F$70)):INDEX($W$21:$W$40,MAX($A78,F$70)))-(INDEX($W$21:$W$40,$A78)+INDEX($W$21:$W$40,F$70))/2)^2)) -> 1 | G78: =IF($A78=G$70,0,IF(Input!$H$5="Nominal",1,(SUM(INDEX($W$21:$W$40,MIN($A78,G$70)):INDEX($W$21:$W$40,MAX($A78,G$70)))-(INDEX($W$21:$W$40,$A78)+INDEX($W$21:$W$40,G$70))/2)^2)) -> 1 | H78: =IF($A78=H$70,0,IF(Input!$H$5="Nominal",1,(SUM(INDEX($W$21:$W$40,MIN($A78,H$70)):INDEX($W$21:$W$40,MAX($A78,H$70)))-(INDEX($W$21:$W$40,$A78)+INDEX($W$21:$W$40,H$70))/2)^2)) -> 1 | I78: =IF($A78=I$70,0,IF(Input!$H$5="Nominal",1,(SUM(INDEX($W$21:$W$40,MIN($A78,I$70)):INDEX($W$21:$W$40,MAX($A78,I$70)))-(INDEX($W$21:$W$40,$A78)+INDEX($W$21:$W$40,I$70))/2)^2)) -> 0 | J78: =IF($A78=J$70,0,IF(Input!$H$5="Nominal",1,(SUM(INDEX($W$21:$W$40,MIN($A78,J$70)):INDEX($W$21:$W$40,MAX($A78,J$70)))-(INDEX($W$21:$W$40,$A78)+INDEX($W$21:$W$40,J$70))/2)^2)) -> 1 | ... V78: =IF($A78=V$70,0,IF(Input!$H$5="Nominal",1,(SUM(INDEX($W$21:$W$40,MIN($A78,V$70)):INDEX($W$21:$W$40,MAX($A78,V$70)))-(INDEX($W$21:$W$40,$A78)+INDEX($W$21:$W$40,V$70))/2)^2)) -> 1
A79: 8 | B79: =IF(Input!$H$17="","",Input!$H$17) | C79: =IF($A79=C$70,0,IF(Input!$H$5="Nominal",1,(SUM(INDEX($W$21:$W$40,MIN($A79,C$70)):INDEX($W$21:$W$40,MAX($A79,C$70)))-(INDEX($W$21:$W$40,$A79)+INDEX($W$21:$W$40,C$70))/2)^2)) -> 1 | D79: =IF($A79=D$70,0,IF(Input!$H$5="Nominal",1,(SUM(INDEX($W$21:$W$40,MIN($A79,D$70)):INDEX($W$21:$W$40,MAX($A79,D$70)))-(INDEX($W$21:$W$40,$A79)+INDEX($W$21:$W$40,D$70))/2)^2)) -> 1 | E79: =IF($A79=E$70,0,IF(Input!$H$5="Nominal",1,(SUM(INDEX($W$21:$W$40,MIN($A79,E$70)):INDEX($W$21:$W$40,MAX($A79,E$70)))-(INDEX($W$21:$W$40,$A79)+INDEX($W$21:$W$40,E$70))/2)^2)) -> 1 | F79: =IF($A79=F$70,0,IF(Input!$H$5="Nominal",1,(SUM(INDEX($W$21:$W$40,MIN($A79,F$70)):INDEX($W$21:$W$40,MAX($A79,F$70)))-(INDEX($W$21:$W$40,$A79)+INDEX($W$21:$W$40,F$70))/2)^2)) -> 1 | G79: =IF($A79=G$70,0,IF(Input!$H$5="Nominal",1,(SUM(INDEX($W$21:$W$40,MIN($A79,G$70)):INDEX($W$21:$W$40,MAX($A79,G$70)))-(INDEX($W$21:$W$40,$A79)+INDEX($W$21:$W$40,G$70))/2)^2)) -> 1 | H79: =IF($A79=H$70,0,IF(Input!$H$5="Nominal",1,(SUM(INDEX($W$21:$W$40,MIN($A79,H$70)):INDEX($W$21:$W$40,MAX($A79,H$70)))-(INDEX($W$21:$W$40,$A79)+INDEX($W$21:$W$40,H$70))/2)^2)) -> 1 | I79: =IF($A79=I$70,0,IF(Input!$H$5="Nominal",1,(SUM(INDEX($W$21:$W$40,MIN($A79,I$70)):INDEX($W$21:$W$40,MAX($A79,I$70)))-(INDEX($W$21:$W$40,$A79)+INDEX($W$21:$W$40,I$70))/2)^2)) -> 1 | J79: =IF($A79=J$70,0,IF(Input!$H$5="Nominal",1,(SUM(INDEX($W$21:$W$40,MIN($A79,J$70)):INDEX($W$21:$W$40,MAX($A79,J$70)))-(INDEX($W$21:$W$40,$A79)+INDEX($W$21:$W$40,J$70))/2)^2)) -> 0 | ... V79: =IF($A79=V$70,0,IF(Input!$H$5="Nominal",1,(SUM(INDEX($W$21:$W$40,MIN($A79,V$70)):INDEX($W$21:$W$40,MAX($A79,V$70)))-(INDEX($W$21:$W$40,$A79)+INDEX($W$21:$W$40,V$70))/2)^2)) -> 1
A80: 9 | B80: =IF(Input!$H$18="","",Input!$H$18) | C80: =IF($A80=C$70,0,IF(Input!$H$5="Nominal",1,(SUM(INDEX($W$21:$W$40,MIN($A80,C$70)):INDEX($W$21:$W$40,MAX($A80,C$70)))-(INDEX($W$21:$W$40,$A80)+INDEX($W$21:$W$40,C$70))/2)^2)) -> 1 | D80: =IF($A80=D$70,0,IF(Input!$H$5="Nominal",1,(SUM(INDEX($W$21:$W$40,MIN($A80,D$70)):INDEX($W$21:$W$40,MAX($A80,D$70)))-(INDEX($W$21:$W$40,$A80)+INDEX($W$21:$W$40,D$70))/2)^2)) -> 1 | E80: =IF($A80=E$70,0,IF(Input!$H$5="Nominal",1,(SUM(INDEX($W$21:$W$40,MIN($A80,E$70)):INDEX($W$21:$W$40,MAX($A80,E$70)))-(INDEX($W$21:$W$40,$A80)+INDEX($W$21:$W$40,E$70))/2)^2)) -> 1 | F80: =IF($A80=F$70,0,IF(Input!$H$5="Nominal",1,(SUM(INDEX($W$21:$W$40,MIN($A80,F$70)):INDEX($W$21:$W$40,MAX($A80,F$70)))-(INDEX($W$21:$W$40,$A80)+INDEX($W$21:$W$40,F$70))/2)^2)) -> 1 | G80: =IF($A80=G$70,0,IF(Input!$H$5="Nominal",1,(SUM(INDEX($W$21:$W$40,MIN($A80,G$70)):INDEX($W$21:$W$40,MAX($A80,G$70)))-(INDEX($W$21:$W$40,$A80)+INDEX($W$21:$W$40,G$70))/2)^2)) -> 1 | H80: =IF($A80=H$70,0,IF(Input!$H$5="Nominal",1,(SUM(INDEX($W$21:$W$40,MIN($A80,H$70)):INDEX($W$21:$W$40,MAX($A80,H$70)))-(INDEX($W$21:$W$40,$A80)+INDEX($W$21:$W$40,H$70))/2)^2)) -> 1 | I80: =IF($A80=I$70,0,IF(Input!$H$5="Nominal",1,(SUM(INDEX($W$21:$W$40,MIN($A80,I$70)):INDEX($W$21:$W$40,MAX($A80,I$70)))-(INDEX($W$21:$W$40,$A80)+INDEX($W$21:$W$40,I$70))/2)^2)) -> 1 | J80: =IF($A80=J$70,0,IF(Input!$H$5="Nominal",1,(SUM(INDEX($W$21:$W$40,MIN($A80,J$70)):INDEX($W$21:$W$40,MAX($A80,J$70)))-(INDEX($W$21:$W$40,$A80)+INDEX($W$21:$W$40,J$70))/2)^2)) -> 1 | ... V80: =IF($A80=V$70,0,IF(Input!$H$5="Nominal",1,(SUM(INDEX($W$21:$W$40,MIN($A80,V$70)):INDEX($W$21:$W$40,MAX($A80,V$70)))-(INDEX($W$21:$W$40,$A80)+INDEX($W$21:$W$40,V$70))/2)^2)) -> 1
A81: 10 | B81: =IF(Input!$H$19="","",Input!$H$19) | C81: =IF($A81=C$70,0,IF(Input!$H$5="Nominal",1,(SUM(INDEX($W$21:$W$40,MIN($A81,C$70)):INDEX($W$21:$W$40,MAX($A81,C$70)))-(INDEX($W$21:$W$40,$A81)+INDEX($W$21:$W$40,C$70))/2)^2)) -> 1 | D81: =IF($A81=D$70,0,IF(Input!$H$5="Nominal",1,(SUM(INDEX($W$21:$W$40,MIN($A81,D$70)):INDEX($W$21:$W$40,MAX($A81,D$70)))-(INDEX($W$21:$W$40,$A81)+INDEX($W$21:$W$40,D$70))/2)^2)) -> 1 | E81: =IF($A81=E$70,0,IF(Input!$H$5="Nominal",1,(SUM(INDEX($W$21:$W$40,MIN($A81,E$70)):INDEX($W$21:$W$40,MAX($A81,E$70)))-(INDEX($W$21:$W$40,$A81)+INDEX($W$21:$W$40,E$70))/2)^2)) -> 1 | F81: =IF($A81=F$70,0,IF(Input!$H$5="Nominal",1,(SUM(INDEX($W$21:$W$40,MIN($A81,F$70)):INDEX($W$21:$W$40,MAX($A81,F$70)))-(INDEX($W$21:$W$40,$A81)+INDEX($W$21:$W$40,F$70))/2)^2)) -> 1 | G81: =IF($A81=G$70,0,IF(Input!$H$5="Nominal",1,(SUM(INDEX($W$21:$W$40,MIN($A81,G$70)):INDEX($W$21:$W$40,MAX($A81,G$70)))-(INDEX($W$21:$W$40,$A81)+INDEX($W$21:$W$40,G$70))/2)^2)) -> 1 | H81: =IF($A81=H$70,0,IF(Input!$H$5="Nominal",1,(SUM(INDEX($W$21:$W$40,MIN($A81,H$70)):INDEX($W$21:$W$40,MAX($A81,H$70)))-(INDEX($W$21:$W$40,$A81)+INDEX($W$21:$W$40,H$70))/2)^2)) -> 1 | I81: =IF($A81=I$70,0,IF(Input!$H$5="Nominal",1,(SUM(INDEX($W$21:$W$40,MIN($A81,I$70)):INDEX($W$21:$W$40,MAX($A81,I$70)))-(INDEX($W$21:$W$40,$A81)+INDEX($W$21:$W$40,I$70))/2)^2)) -> 1 | J81: =IF($A81=J$70,0,IF(Input!$H$5="Nominal",1,(SUM(INDEX($W$21:$W$40,MIN($A81,J$70)):INDEX($W$21:$W$40,MAX($A81,J$70)))-(INDEX($W$21:$W$40,$A81)+INDEX($W$21:$W$40,J$70))/2)^2)) -> 1 | ... V81: =IF($A81=V$70,0,IF(Input!$H$5="Nominal",1,(SUM(INDEX($W$21:$W$40,MIN($A81,V$70)):INDEX($W$21:$W$40,MAX($A81,V$70)))-(INDEX($W$21:$W$40,$A81)+INDEX($W$21:$W$40,V$70))/2)^2)) -> 1
A82: 11 | B82: =IF(Input!$H$20="","",Input!$H$20) | C82: =IF($A82=C$70,0,IF(Input!$H$5="Nominal",1,(SUM(INDEX($W$21:$W$40,MIN($A82,C$70)):INDEX($W$21:$W$40,MAX($A82,C$70)))-(INDEX($W$21:$W$40,$A82)+INDEX($W$21:$W$40,C$70))/2)^2)) -> 1 | D82: =IF($A82=D$70,0,IF(Input!$H$5="Nominal",1,(SUM(INDEX($W$21:$W$40,MIN($A82,D$70)):INDEX($W$21:$W$40,MAX($A82,D$70)))-(INDEX($W$21:$W$40,$A82)+INDEX($W$21:$W$40,D$70))/2)^2)) -> 1 | E82: =IF($A82=E$70,0,IF(Input!$H$5="Nominal",1,(SUM(INDEX($W$21:$W$40,MIN($A82,E$70)):INDEX($W$21:$W$40,MAX($A82,E$70)))-(INDEX($W$21:$W$40,$A82)+INDEX($W$21:$W$40,E$70))/2)^2)) -> 1 | F82: =IF($A82=F$70,0,IF(Input!$H$5="Nominal",1,(SUM(INDEX($W$21:$W$40,MIN($A82,F$70)):INDEX($W$21:$W$40,MAX($A82,F$70)))-(INDEX($W$21:$W$40,$A82)+INDEX($W$21:$W$40,F$70))/2)^2)) -> 1 | G82: =IF($A82=G$70,0,IF(Input!$H$5="Nominal",1,(SUM(INDEX($W$21:$W$40,MIN($A82,G$70)):INDEX($W$21:$W$40,MAX($A82,G$70)))-(INDEX($W$21:$W$40,$A82)+INDEX($W$21:$W$40,G$70))/2)^2)) -> 1 | H82: =IF($A82=H$70,0,IF(Input!$H$5="Nominal",1,(SUM(INDEX($W$21:$W$40,MIN($A82,H$70)):INDEX($W$21:$W$40,MAX($A82,H$70)))-(INDEX($W$21:$W$40,$A82)+INDEX($W$21:$W$40,H$70))/2)^2)) -> 1 | I82: =IF($A82=I$70,0,IF(Input!$H$5="Nominal",1,(SUM(INDEX($W$21:$W$40,MIN($A82,I$70)):INDEX($W$21:$W$40,MAX($A82,I$70)))-(INDEX($W$21:$W$40,$A82)+INDEX($W$21:$W$40,I$70))/2)^2)) -> 1 | J82: =IF($A82=J$70,0,IF(Input!$H$5="Nominal",1,(SUM(INDEX($W$21:$W$40,MIN($A82,J$70)):INDEX($W$21:$W$40,MAX($A82,J$70)))-(INDEX($W$21:$W$40,$A82)+INDEX($W$21:$W$40,J$70))/2)^2)) -> 1 | ... V82: =IF($A82=V$70,0,IF(Input!$H$5="Nominal",1,(SUM(INDEX($W$21:$W$40,MIN($A82,V$70)):INDEX($W$21:$W$40,MAX($A82,V$70)))-(INDEX($W$21:$W$40,$A82)+INDEX($W$21:$W$40,V$70))/2)^2)) -> 1
A83: 12 | B83: =IF(Input!$H$21="","",Input!$H$21) | C83: =IF($A83=C$70,0,IF(Input!$H$5="Nominal",1,(SUM(INDEX($W$21:$W$40,MIN($A83,C$70)):INDEX($W$21:$W$40,MAX($A83,C$70)))-(INDEX($W$21:$W$40,$A83)+INDEX($W$21:$W$40,C$70))/2)^2)) -> 1 | D83: =IF($A83=D$70,0,IF(Input!$H$5="Nominal",1,(SUM(INDEX($W$21:$W$40,MIN($A83,D$70)):INDEX($W$21:$W$40,MAX($A83,D$70)))-(INDEX($W$21:$W$40,$A83)+INDEX($W$21:$W$40,D$70))/2)^2)) -> 1 | E83: =IF($A83=E$70,0,IF(Input!$H$5="Nominal",1,(SUM(INDEX($W$21:$W$40,MIN($A83,E$70)):INDEX($W$21:$W$40,MAX($A83,E$70)))-(INDEX($W$21:$W$40,$A83)+INDEX($W$21:$W$40,E$70))/2)^2)) -> 1 | F83: =IF($A83=F$70,0,IF(Input!$H$5="Nominal",1,(SUM(INDEX($W$21:$W$40,MIN($A83,F$70)):INDEX($W$21:$W$40,MAX($A83,F$70)))-(INDEX($W$21:$W$40,$A83)+INDEX($W$21:$W$40,F$70))/2)^2)) -> 1 | G83: =IF($A83=G$70,0,IF(Input!$H$5="Nominal",1,(SUM(INDEX($W$21:$W$40,MIN($A83,G$70)):INDEX($W$21:$W$40,MAX($A83,G$70)))-(INDEX($W$21:$W$40,$A83)+INDEX($W$21:$W$40,G$70))/2)^2)) -> 1 | H83: =IF($A83=H$70,0,IF(Input!$H$5="Nominal",1,(SUM(INDEX($W$21:$W$40,MIN($A83,H$70)):INDEX($W$21:$W$40,MAX($A83,H$70)))-(INDEX($W$21:$W$40,$A83)+INDEX($W$21:$W$40,H$70))/2)^2)) -> 1 | I83: =IF($A83=I$70,0,IF(Input!$H$5="Nominal",1,(SUM(INDEX($W$21:$W$40,MIN($A83,I$70)):INDEX($W$21:$W$40,MAX($A83,I$70)))-(INDEX($W$21:$W$40,$A83)+INDEX($W$21:$W$40,I$70))/2)^2)) -> 1 | J83: =IF($A83=J$70,0,IF(Input!$H$5="Nominal",1,(SUM(INDEX($W$21:$W$40,MIN($A83,J$70)):INDEX($W$21:$W$40,MAX($A83,J$70)))-(INDEX($W$21:$W$40,$A83)+INDEX($W$21:$W$40,J$70))/2)^2)) -> 1 | ... V83: =IF($A83=V$70,0,IF(Input!$H$5="Nominal",1,(SUM(INDEX($W$21:$W$40,MIN($A83,V$70)):INDEX($W$21:$W$40,MAX($A83,V$70)))-(INDEX($W$21:$W$40,$A83)+INDEX($W$21:$W$40,V$70))/2)^2)) -> 1
A84: 13 | B84: =IF(Input!$H$22="","",Input!$H$22) | C84: =IF($A84=C$70,0,IF(Input!$H$5="Nominal",1,(SUM(INDEX($W$21:$W$40,MIN($A84,C$70)):INDEX($W$21:$W$40,MAX($A84,C$70)))-(INDEX($W$21:$W$40,$A84)+INDEX($W$21:$W$40,C$70))/2)^2)) -> 1 | D84: =IF($A84=D$70,0,IF(Input!$H$5="Nominal",1,(SUM(INDEX($W$21:$W$40,MIN($A84,D$70)):INDEX($W$21:$W$40,MAX($A84,D$70)))-(INDEX($W$21:$W$40,$A84)+INDEX($W$21:$W$40,D$70))/2)^2)) -> 1 | E84: =IF($A84=E$70,0,IF(Input!$H$5="Nominal",1,(SUM(INDEX($W$21:$W$40,MIN($A84,E$70)):INDEX($W$21:$W$40,MAX($A84,E$70)))-(INDEX($W$21:$W$40,$A84)+INDEX($W$21:$W$40,E$70))/2)^2)) -> 1 | F84: =IF($A84=F$70,0,IF(Input!$H$5="Nominal",1,(SUM(INDEX($W$21:$W$40,MIN($A84,F$70)):INDEX($W$21:$W$40,MAX($A84,F$70)))-(INDEX($W$21:$W$40,$A84)+INDEX($W$21:$W$40,F$70))/2)^2)) -> 1 | G84: =IF($A84=G$70,0,IF(Input!$H$5="Nominal",1,(SUM(INDEX($W$21:$W$40,MIN($A84,G$70)):INDEX($W$21:$W$40,MAX($A84,G$70)))-(INDEX($W$21:$W$40,$A84)+INDEX($W$21:$W$40,G$70))/2)^2)) -> 1 | H84: =IF($A84=H$70,0,IF(Input!$H$5="Nominal",1,(SUM(INDEX($W$21:$W$40,MIN($A84,H$70)):INDEX($W$21:$W$40,MAX($A84,H$70)))-(INDEX($W$21:$W$40,$A84)+INDEX($W$21:$W$40,H$70))/2)^2)) -> 1 | I84: =IF($A84=I$70,0,IF(Input!$H$5="Nominal",1,(SUM(INDEX($W$21:$W$40,MIN($A84,I$70)):INDEX($W$21:$W$40,MAX($A84,I$70)))-(INDEX($W$21:$W$40,$A84)+INDEX($W$21:$W$40,I$70))/2)^2)) -> 1 | J84: =IF($A84=J$70,0,IF(Input!$H$5="Nominal",1,(SUM(INDEX($W$21:$W$40,MIN($A84,J$70)):INDEX($W$21:$W$40,MAX($A84,J$70)))-(INDEX($W$21:$W$40,$A84)+INDEX($W$21:$W$40,J$70))/2)^2)) -> 1 | ... V84: =IF($A84=V$70,0,IF(Input!$H$5="Nominal",1,(SUM(INDEX($W$21:$W$40,MIN($A84,V$70)):INDEX($W$21:$W$40,MAX($A84,V$70)))-(INDEX($W$21:$W$40,$A84)+INDEX($W$21:$W$40,V$70))/2)^2)) -> 1
A85: 14 | B85: =IF(Input!$H$23="","",Input!$H$23) | C85: =IF($A85=C$70,0,IF(Input!$H$5="Nominal",1,(SUM(INDEX($W$21:$W$40,MIN($A85,C$70)):INDEX($W$21:$W$40,MAX($A85,C$70)))-(INDEX($W$21:$W$40,$A85)+INDEX($W$21:$W$40,C$70))/2)^2)) -> 1 | D85: =IF($A85=D$70,0,IF(Input!$H$5="Nominal",1,(SUM(INDEX($W$21:$W$40,MIN($A85,D$70)):INDEX($W$21:$W$40,MAX($A85,D$70)))-(INDEX($W$21:$W$40,$A85)+INDEX($W$21:$W$40,D$70))/2)^2)) -> 1 | E85: =IF($A85=E$70,0,IF(Input!$H$5="Nominal",1,(SUM(INDEX($W$21:$W$40,MIN($A85,E$70)):INDEX($W$21:$W$40,MAX($A85,E$70)))-(INDEX($W$21:$W$40,$A85)+INDEX($W$21:$W$40,E$70))/2)^2)) -> 1 | F85: =IF($A85=F$70,0,IF(Input!$H$5="Nominal",1,(SUM(INDEX($W$21:$W$40,MIN($A85,F$70)):INDEX($W$21:$W$40,MAX($A85,F$70)))-(INDEX($W$21:$W$40,$A85)+INDEX($W$21:$W$40,F$70))/2)^2)) -> 1 | G85: =IF($A85=G$70,0,IF(Input!$H$5="Nominal",1,(SUM(INDEX($W$21:$W$40,MIN($A85,G$70)):INDEX($W$21:$W$40,MAX($A85,G$70)))-(INDEX($W$21:$W$40,$A85)+INDEX($W$21:$W$40,G$70))/2)^2)) -> 1 | H85: =IF($A85=H$70,0,IF(Input!$H$5="Nominal",1,(SUM(INDEX($W$21:$W$40,MIN($A85,H$70)):INDEX($W$21:$W$40,MAX($A85,H$70)))-(INDEX($W$21:$W$40,$A85)+INDEX($W$21:$W$40,H$70))/2)^2)) -> 1 | I85: =IF($A85=I$70,0,IF(Input!$H$5="Nominal",1,(SUM(INDEX($W$21:$W$40,MIN($A85,I$70)):INDEX($W$21:$W$40,MAX($A85,I$70)))-(INDEX($W$21:$W$40,$A85)+INDEX($W$21:$W$40,I$70))/2)^2)) -> 1 | J85: =IF($A85=J$70,0,IF(Input!$H$5="Nominal",1,(SUM(INDEX($W$21:$W$40,MIN($A85,J$70)):INDEX($W$21:$W$40,MAX($A85,J$70)))-(INDEX($W$21:$W$40,$A85)+INDEX($W$21:$W$40,J$70))/2)^2)) -> 1 | ... V85: =IF($A85=V$70,0,IF(Input!$H$5="Nominal",1,(SUM(INDEX($W$21:$W$40,MIN($A85,V$70)):INDEX($W$21:$W$40,MAX($A85,V$70)))-(INDEX($W$21:$W$40,$A85)+INDEX($W$21:$W$40,V$70))/2)^2)) -> 1
A86: 15 | B86: =IF(Input!$H$24="","",Input!$H$24) | C86: =IF($A86=C$70,0,IF(Input!$H$5="Nominal",1,(SUM(INDEX($W$21:$W$40,MIN($A86,C$70)):INDEX($W$21:$W$40,MAX($A86,C$70)))-(INDEX($W$21:$W$40,$A86)+INDEX($W$21:$W$40,C$70))/2)^2)) -> 1 | D86: =IF($A86=D$70,0,IF(Input!$H$5="Nominal",1,(SUM(INDEX($W$21:$W$40,MIN($A86,D$70)):INDEX($W$21:$W$40,MAX($A86,D$70)))-(INDEX($W$21:$W$40,$A86)+INDEX($W$21:$W$40,D$70))/2)^2)) -> 1 | E86: =IF($A86=E$70,0,IF(Input!$H$5="Nominal",1,(SUM(INDEX($W$21:$W$40,MIN($A86,E$70)):INDEX($W$21:$W$40,MAX($A86,E$70)))-(INDEX($W$21:$W$40,$A86)+INDEX($W$21:$W$40,E$70))/2)^2)) -> 1 | F86: =IF($A86=F$70,0,IF(Input!$H$5="Nominal",1,(SUM(INDEX($W$21:$W$40,MIN($A86,F$70)):INDEX($W$21:$W$40,MAX($A86,F$70)))-(INDEX($W$21:$W$40,$A86)+INDEX($W$21:$W$40,F$70))/2)^2)) -> 1 | G86: =IF($A86=G$70,0,IF(Input!$H$5="Nominal",1,(SUM(INDEX($W$21:$W$40,MIN($A86,G$70)):INDEX($W$21:$W$40,MAX($A86,G$70)))-(INDEX($W$21:$W$40,$A86)+INDEX($W$21:$W$40,G$70))/2)^2)) -> 1 | H86: =IF($A86=H$70,0,IF(Input!$H$5="Nominal",1,(SUM(INDEX($W$21:$W$40,MIN($A86,H$70)):INDEX($W$21:$W$40,MAX($A86,H$70)))-(INDEX($W$21:$W$40,$A86)+INDEX($W$21:$W$40,H$70))/2)^2)) -> 1 | I86: =IF($A86=I$70,0,IF(Input!$H$5="Nominal",1,(SUM(INDEX($W$21:$W$40,MIN($A86,I$70)):INDEX($W$21:$W$40,MAX($A86,I$70)))-(INDEX($W$21:$W$40,$A86)+INDEX($W$21:$W$40,I$70))/2)^2)) -> 1 | J86: =IF($A86=J$70,0,IF(Input!$H$5="Nominal",1,(SUM(INDEX($W$21:$W$40,MIN($A86,J$70)):INDEX($W$21:$W$40,MAX($A86,J$70)))-(INDEX($W$21:$W$40,$A86)+INDEX($W$21:$W$40,J$70))/2)^2)) -> 1 | ... V86: =IF($A86=V$70,0,IF(Input!$H$5="Nominal",1,(SUM(INDEX($W$21:$W$40,MIN($A86,V$70)):INDEX($W$21:$W$40,MAX($A86,V$70)))-(INDEX($W$21:$W$40,$A86)+INDEX($W$21:$W$40,V$70))/2)^2)) -> 1
A87: 16 | B87: =IF(Input!$H$25="","",Input!$H$25) | C87: =IF($A87=C$70,0,IF(Input!$H$5="Nominal",1,(SUM(INDEX($W$21:$W$40,MIN($A87,C$70)):INDEX($W$21:$W$40,MAX($A87,C$70)))-(INDEX($W$21:$W$40,$A87)+INDEX($W$21:$W$40,C$70))/2)^2)) -> 1 | D87: =IF($A87=D$70,0,IF(Input!$H$5="Nominal",1,(SUM(INDEX($W$21:$W$40,MIN($A87,D$70)):INDEX($W$21:$W$40,MAX($A87,D$70)))-(INDEX($W$21:$W$40,$A87)+INDEX($W$21:$W$40,D$70))/2)^2)) -> 1 | E87: =IF($A87=E$70,0,IF(Input!$H$5="Nominal",1,(SUM(INDEX($W$21:$W$40,MIN($A87,E$70)):INDEX($W$21:$W$40,MAX($A87,E$70)))-(INDEX($W$21:$W$40,$A87)+INDEX($W$21:$W$40,E$70))/2)^2)) -> 1 | F87: =IF($A87=F$70,0,IF(Input!$H$5="Nominal",1,(SUM(INDEX($W$21:$W$40,MIN($A87,F$70)):INDEX($W$21:$W$40,MAX($A87,F$70)))-(INDEX($W$21:$W$40,$A87)+INDEX($W$21:$W$40,F$70))/2)^2)) -> 1 | G87: =IF($A87=G$70,0,IF(Input!$H$5="Nominal",1,(SUM(INDEX($W$21:$W$40,MIN($A87,G$70)):INDEX($W$21:$W$40,MAX($A87,G$70)))-(INDEX($W$21:$W$40,$A87)+INDEX($W$21:$W$40,G$70))/2)^2)) -> 1 | H87: =IF($A87=H$70,0,IF(Input!$H$5="Nominal",1,(SUM(INDEX($W$21:$W$40,MIN($A87,H$70)):INDEX($W$21:$W$40,MAX($A87,H$70)))-(INDEX($W$21:$W$40,$A87)+INDEX($W$21:$W$40,H$70))/2)^2)) -> 1 | I87: =IF($A87=I$70,0,IF(Input!$H$5="Nominal",1,(SUM(INDEX($W$21:$W$40,MIN($A87,I$70)):INDEX($W$21:$W$40,MAX($A87,I$70)))-(INDEX($W$21:$W$40,$A87)+INDEX($W$21:$W$40,I$70))/2)^2)) -> 1 | J87: =IF($A87=J$70,0,IF(Input!$H$5="Nominal",1,(SUM(INDEX($W$21:$W$40,MIN($A87,J$70)):INDEX($W$21:$W$40,MAX($A87,J$70)))-(INDEX($W$21:$W$40,$A87)+INDEX($W$21:$W$40,J$70))/2)^2)) -> 1 | ... V87: =IF($A87=V$70,0,IF(Input!$H$5="Nominal",1,(SUM(INDEX($W$21:$W$40,MIN($A87,V$70)):INDEX($W$21:$W$40,MAX($A87,V$70)))-(INDEX($W$21:$W$40,$A87)+INDEX($W$21:$W$40,V$70))/2)^2)) -> 1
A88: 17 | B88: =IF(Input!$H$26="","",Input!$H$26) | C88: =IF($A88=C$70,0,IF(Input!$H$5="Nominal",1,(SUM(INDEX($W$21:$W$40,MIN($A88,C$70)):INDEX($W$21:$W$40,MAX($A88,C$70)))-(INDEX($W$21:$W$40,$A88)+INDEX($W$21:$W$40,C$70))/2)^2)) -> 1 | D88: =IF($A88=D$70,0,IF(Input!$H$5="Nominal",1,(SUM(INDEX($W$21:$W$40,MIN($A88,D$70)):INDEX($W$21:$W$40,MAX($A88,D$70)))-(INDEX($W$21:$W$40,$A88)+INDEX($W$21:$W$40,D$70))/2)^2)) -> 1 | E88: =IF($A88=E$70,0,IF(Input!$H$5="Nominal",1,(SUM(INDEX($W$21:$W$40,MIN($A88,E$70)):INDEX($W$21:$W$40,MAX($A88,E$70)))-(INDEX($W$21:$W$40,$A88)+INDEX($W$21:$W$40,E$70))/2)^2)) -> 1 | F88: =IF($A88=F$70,0,IF(Input!$H$5="Nominal",1,(SUM(INDEX($W$21:$W$40,MIN($A88,F$70)):INDEX($W$21:$W$40,MAX($A88,F$70)))-(INDEX($W$21:$W$40,$A88)+INDEX($W$21:$W$40,F$70))/2)^2)) -> 1 | G88: =IF($A88=G$70,0,IF(Input!$H$5="Nominal",1,(SUM(INDEX($W$21:$W$40,MIN($A88,G$70)):INDEX($W$21:$W$40,MAX($A88,G$70)))-(INDEX($W$21:$W$40,$A88)+INDEX($W$21:$W$40,G$70))/2)^2)) -> 1 | H88: =IF($A88=H$70,0,IF(Input!$H$5="Nominal",1,(SUM(INDEX($W$21:$W$40,MIN($A88,H$70)):INDEX($W$21:$W$40,MAX($A88,H$70)))-(INDEX($W$21:$W$40,$A88)+INDEX($W$21:$W$40,H$70))/2)^2)) -> 1 | I88: =IF($A88=I$70,0,IF(Input!$H$5="Nominal",1,(SUM(INDEX($W$21:$W$40,MIN($A88,I$70)):INDEX($W$21:$W$40,MAX($A88,I$70)))-(INDEX($W$21:$W$40,$A88)+INDEX($W$21:$W$40,I$70))/2)^2)) -> 1 | J88: =IF($A88=J$70,0,IF(Input!$H$5="Nominal",1,(SUM(INDEX($W$21:$W$40,MIN($A88,J$70)):INDEX($W$21:$W$40,MAX($A88,J$70)))-(INDEX($W$21:$W$40,$A88)+INDEX($W$21:$W$40,J$70))/2)^2)) -> 1 | ... V88: =IF($A88=V$70,0,IF(Input!$H$5="Nominal",1,(SUM(INDEX($W$21:$W$40,MIN($A88,V$70)):INDEX($W$21:$W$40,MAX($A88,V$70)))-(INDEX($W$21:$W$40,$A88)+INDEX($W$21:$W$40,V$70))/2)^2)) -> 1
A89: 18 | B89: =IF(Input!$H$27="","",Input!$H$27) | C89: =IF($A89=C$70,0,IF(Input!$H$5="Nominal",1,(SUM(INDEX($W$21:$W$40,MIN($A89,C$70)):INDEX($W$21:$W$40,MAX($A89,C$70)))-(INDEX($W$21:$W$40,$A89)+INDEX($W$21:$W$40,C$70))/2)^2)) -> 1 | D89: =IF($A89=D$70,0,IF(Input!$H$5="Nominal",1,(SUM(INDEX($W$21:$W$40,MIN($A89,D$70)):INDEX($W$21:$W$40,MAX($A89,D$70)))-(INDEX($W$21:$W$40,$A89)+INDEX($W$21:$W$40,D$70))/2)^2)) -> 1 | E89: =IF($A89=E$70,0,IF(Input!$H$5="Nominal",1,(SUM(INDEX($W$21:$W$40,MIN($A89,E$70)):INDEX($W$21:$W$40,MAX($A89,E$70)))-(INDEX($W$21:$W$40,$A89)+INDEX($W$21:$W$40,E$70))/2)^2)) -> 1 | F89: =IF($A89=F$70,0,IF(Input!$H$5="Nominal",1,(SUM(INDEX($W$21:$W$40,MIN($A89,F$70)):INDEX($W$21:$W$40,MAX($A89,F$70)))-(INDEX($W$21:$W$40,$A89)+INDEX($W$21:$W$40,F$70))/2)^2)) -> 1 | G89: =IF($A89=G$70,0,IF(Input!$H$5="Nominal",1,(SUM(INDEX($W$21:$W$40,MIN($A89,G$70)):INDEX($W$21:$W$40,MAX($A89,G$70)))-(INDEX($W$21:$W$40,$A89)+INDEX($W$21:$W$40,G$70))/2)^2)) -> 1 | H89: =IF($A89=H$70,0,IF(Input!$H$5="Nominal",1,(SUM(INDEX($W$21:$W$40,MIN($A89,H$70)):INDEX($W$21:$W$40,MAX($A89,H$70)))-(INDEX($W$21:$W$40,$A89)+INDEX($W$21:$W$40,H$70))/2)^2)) -> 1 | I89: =IF($A89=I$70,0,IF(Input!$H$5="Nominal",1,(SUM(INDEX($W$21:$W$40,MIN($A89,I$70)):INDEX($W$21:$W$40,MAX($A89,I$70)))-(INDEX($W$21:$W$40,$A89)+INDEX($W$21:$W$40,I$70))/2)^2)) -> 1 | J89: =IF($A89=J$70,0,IF(Input!$H$5="Nominal",1,(SUM(INDEX($W$21:$W$40,MIN($A89,J$70)):INDEX($W$21:$W$40,MAX($A89,J$70)))-(INDEX($W$21:$W$40,$A89)+INDEX($W$21:$W$40,J$70))/2)^2)) -> 1 | ... V89: =IF($A89=V$70,0,IF(Input!$H$5="Nominal",1,(SUM(INDEX($W$21:$W$40,MIN($A89,V$70)):INDEX($W$21:$W$40,MAX($A89,V$70)))-(INDEX($W$21:$W$40,$A89)+INDEX($W$21:$W$40,V$70))/2)^2)) -> 1
A90: 19 | B90: =IF(Input!$H$28="","",Input!$H$28) | C90: =IF($A90=C$70,0,IF(Input!$H$5="Nominal",1,(SUM(INDEX($W$21:$W$40,MIN($A90,C$70)):INDEX($W$21:$W$40,MAX($A90,C$70)))-(INDEX($W$21:$W$40,$A90)+INDEX($W$21:$W$40,C$70))/2)^2)) -> 1 | D90: =IF($A90=D$70,0,IF(Input!$H$5="Nominal",1,(SUM(INDEX($W$21:$W$40,MIN($A90,D$70)):INDEX($W$21:$W$40,MAX($A90,D$70)))-(INDEX($W$21:$W$40,$A90)+INDEX($W$21:$W$40,D$70))/2)^2)) -> 1 | E90: =IF($A90=E$70,0,IF(Input!$H$5="Nominal",1,(SUM(INDEX($W$21:$W$40,MIN($A90,E$70)):INDEX($W$21:$W$40,MAX($A90,E$70)))-(INDEX($W$21:$W$40,$A90)+INDEX($W$21:$W$40,E$70))/2)^2)) -> 1 | F90: =IF($A90=F$70,0,IF(Input!$H$5="Nominal",1,(SUM(INDEX($W$21:$W$40,MIN($A90,F$70)):INDEX($W$21:$W$40,MAX($A90,F$70)))-(INDEX($W$21:$W$40,$A90)+INDEX($W$21:$W$40,F$70))/2)^2)) -> 1 | G90: =IF($A90=G$70,0,IF(Input!$H$5="Nominal",1,(SUM(INDEX($W$21:$W$40,MIN($A90,G$70)):INDEX($W$21:$W$40,MAX($A90,G$70)))-(INDEX($W$21:$W$40,$A90)+INDEX($W$21:$W$40,G$70))/2)^2)) -> 1 | H90: =IF($A90=H$70,0,IF(Input!$H$5="Nominal",1,(SUM(INDEX($W$21:$W$40,MIN($A90,H$70)):INDEX($W$21:$W$40,MAX($A90,H$70)))-(INDEX($W$21:$W$40,$A90)+INDEX($W$21:$W$40,H$70))/2)^2)) -> 1 | I90: =IF($A90=I$70,0,IF(Input!$H$5="Nominal",1,(SUM(INDEX($W$21:$W$40,MIN($A90,I$70)):INDEX($W$21:$W$40,MAX($A90,I$70)))-(INDEX($W$21:$W$40,$A90)+INDEX($W$21:$W$40,I$70))/2)^2)) -> 1 | J90: =IF($A90=J$70,0,IF(Input!$H$5="Nominal",1,(SUM(INDEX($W$21:$W$40,MIN($A90,J$70)):INDEX($W$21:$W$40,MAX($A90,J$70)))-(INDEX($W$21:$W$40,$A90)+INDEX($W$21:$W$40,J$70))/2)^2)) -> 1 | ... V90: =IF($A90=V$70,0,IF(Input!$H$5="Nominal",1,(SUM(INDEX($W$21:$W$40,MIN($A90,V$70)):INDEX($W$21:$W$40,MAX($A90,V$70)))-(INDEX($W$21:$W$40,$A90)+INDEX($W$21:$W$40,V$70))/2)^2)) -> 1
A91: 20 | B91: =IF(Input!$H$29="","",Input!$H$29) | C91: =IF($A91=C$70,0,IF(Input!$H$5="Nominal",1,(SUM(INDEX($W$21:$W$40,MIN($A91,C$70)):INDEX($W$21:$W$40,MAX($A91,C$70)))-(INDEX($W$21:$W$40,$A91)+INDEX($W$21:$W$40,C$70))/2)^2)) -> 1 | D91: =IF($A91=D$70,0,IF(Input!$H$5="Nominal",1,(SUM(INDEX($W$21:$W$40,MIN($A91,D$70)):INDEX($W$21:$W$40,MAX($A91,D$70)))-(INDEX($W$21:$W$40,$A91)+INDEX($W$21:$W$40,D$70))/2)^2)) -> 1 | E91: =IF($A91=E$70,0,IF(Input!$H$5="Nominal",1,(SUM(INDEX($W$21:$W$40,MIN($A91,E$70)):INDEX($W$21:$W$40,MAX($A91,E$70)))-(INDEX($W$21:$W$40,$A91)+INDEX($W$21:$W$40,E$70))/2)^2)) -> 1 | F91: =IF($A91=F$70,0,IF(Input!$H$5="Nominal",1,(SUM(INDEX($W$21:$W$40,MIN($A91,F$70)):INDEX($W$21:$W$40,MAX($A91,F$70)))-(INDEX($W$21:$W$40,$A91)+INDEX($W$21:$W$40,F$70))/2)^2)) -> 1 | G91: =IF($A91=G$70,0,IF(Input!$H$5="Nominal",1,(SUM(INDEX($W$21:$W$40,MIN($A91,G$70)):INDEX($W$21:$W$40,MAX($A91,G$70)))-(INDEX($W$21:$W$40,$A91)+INDEX($W$21:$W$40,G$70))/2)^2)) -> 1 | H91: =IF($A91=H$70,0,IF(Input!$H$5="Nominal",1,(SUM(INDEX($W$21:$W$40,MIN($A91,H$70)):INDEX($W$21:$W$40,MAX($A91,H$70)))-(INDEX($W$21:$W$40,$A91)+INDEX($W$21:$W$40,H$70))/2)^2)) -> 1 | I91: =IF($A91=I$70,0,IF(Input!$H$5="Nominal",1,(SUM(INDEX($W$21:$W$40,MIN($A91,I$70)):INDEX($W$21:$W$40,MAX($A91,I$70)))-(INDEX($W$21:$W$40,$A91)+INDEX($W$21:$W$40,I$70))/2)^2)) -> 1 | J91: =IF($A91=J$70,0,IF(Input!$H$5="Nominal",1,(SUM(INDEX($W$21:$W$40,MIN($A91,J$70)):INDEX($W$21:$W$40,MAX($A91,J$70)))-(INDEX($W$21:$W$40,$A91)+INDEX($W$21:$W$40,J$70))/2)^2)) -> 1 | ... V91: =IF($A91=V$70,0,IF(Input!$H$5="Nominal",1,(SUM(INDEX($W$21:$W$40,MIN($A91,V$70)):INDEX($W$21:$W$40,MAX($A91,V$70)))-(INDEX($W$21:$W$40,$A91)+INDEX($W$21:$W$40,V$70))/2)^2)) -> 0
A93: Do = Σ o_ck·δ²_ck / n · De = Σ e_ck·δ²_ck / n · α = 1 − Do/De (n = total nilai dalam unit yang dapat dipasangkan)
